[
  {
    "ingredientPattern": "K,H",
    "enabled": true,
    "shapeless": true,
    "ingredients": {
      "K": {
        "type": "item",
        "code": "game:knife-*",
        "isTool": true
      },
      "H": {
        "type": "item",
        "code": "wildcraft:fruit-strawberry",
        "quantity": 1,
        "name": "type"
      }
    },
    "name": "berryseeds",
    "width": 1,
    "height": 2,
    "output": {
      "type": "item",
      "code": "wildcraft:seeds-{type}",
      "quantity": 1
    }
  }
]
