[
    { "file": "game:recipes/cooking/jam", "op": "add", "path": "/ingredients/1/validStacks/-", "value": {
            "type": "item",
            "code": "wildcraft:fruit-*",
            "shapeElement": "bowl/fruit"
        }
    },
    { "file": "game:recipes/cooking/porridge", "op": "add", "path": "/ingredients/1/validStacks/-", "value": {
            "type": "item",
            "code": "wildcraft:fruit-*",
            "shapeElement": "bowl/fruit 1/*"
        }
    },
    { "file": "game:recipes/cooking/porridge", "op": "add", "path": "/ingredients/2/validStacks/-", "value": {
            "type": "item",
            "code": "wildcraft:fruit-*",
            "shapeElement": "bowl/fruit 2/*"
        }
    },
    {
        "file": "game:blocktypes/clay/pot", "op": "add", "path": "/texturesByType/*", "value": {
            "transparent": { "base": "block/transparent" },
			"ceramic": { "base": "block/clay/pot-side" },
			"lid": { "base": "block/clay/pot-lid" },
			"group1": { "base": "block/food/meal/group1-flax-carrot-blueberry-cottagecheese-fish" },
			"group2": { "base": "block/food/meal/group2-soup-flyagaric-cactifruit-redmeat" },
			"group3": { "base": "block/food/meal/group3-millet-bolete-cranberry-poultry" },
			"group4": { "base": "block/food/meal/group4-rice-parsnip-whitecurrant-bluecheese-fishstew" },
			"group5": { "base": "block/food/meal/group5-rye-turnip-blackcurrant-cheddarcheese-poultrystew" },
			"group6": { "base": "block/food/meal/group6-spelt-onion-redcurrant-egg-redmeatstew" },
			"group7": { "base": "block/food/meal/group7-honey-fieldmushroom-pineapple-scrambledegg-bushmeat" },
			"group8": { "base": "block/food/meal/group8-amaranth-pumpkin-bellpepper-bushmeatstew" },
			"group9": { "base": "block/food/meal/group9-sunflower-soya" },
			"group10": { "base": "block/food/meal/group10-cabbage" },
			"group11": { "base": "block/food/meal/group11-cassava" },
			"group12": { "base": "block/food/meal/group12-peanut" },
			"group13": { "base": "block/food/meal/group13-aubergine" },
			"group14": { "base": "block/food/meal/group14-tomato" },
			"group15": { "base": "block/food/meal/group15-walnut" },
			"honey": { "base": "block/liquid/honey" },
			
			"rot-solids": { "base": "item/resource/rot/rot-solids" },
			"rot-spill": { "base": "item/resource/rot/rot-spill" },
			
			"milkportion": { "base": "block/food/dairy/milk" },
			"cottagecheeseportion": { "base": "block/food/dairy/cottagecheese" },
            "group16": { "base": "wildcraft:block/food/meal/group16-elderberry" },
            "group17": { "base": "wildcraft:block/food/meal/group17-snowberry" },
            "group18": { "base": "wildcraft:block/food/meal/group18-cloudberry" },
            "group19": { "base": "wildcraft:block/food/meal/group19-raspberry" },
            "group20": { "base": "wildcraft:block/food/meal/group20-dogrose" },
            "group21": { "base": "wildcraft:block/food/meal/group21-brambleberry" },
            "group22": { "base": "wildcraft:block/food/meal/group22-honeysuckle" },
            "group23": { "base": "wildcraft:block/food/meal/group23-gooseberry" },
            "group24": { "base": "wildcraft:block/food/meal/group24-huckleberry" },
            "group25": { "base": "wildcraft:block/food/meal/group25-strawberry" },
			"group26": { "base": "wildcraft:block/food/meal/group26-blueraspberry" }
        }
    },
    {
        "file": "game:blocktypes/clay/pot", "op": "add", "path": "/attributesByType/claypot-cooked/textureMapping", "value": {
            "grain-flax": ["grain", "group1" ],
			"vegetable-carrot": ["vegetable", "group1"],
			"pickledvegetable-carrot": ["vegetable", "group1"],
			"fruit-blueberry": ["fruit", "group1"],
				
			"mushroom-flyagaric-normal-free": ["vegetable", "group2"],
			"fruit-saguaro": ["fruit", "group2"],
			"waterportion": ["water", "group2"],

			"grain-millet": ["grain", "group3"],
			"mushroom-bolete-normal-free": ["vegetable", "group3"],
			"fruit-cranberry": ["fruit", "group3"],

			"grain-rice": ["grain", "group4"],
			"vegetable-parsnip": ["vegetable", "group4"],
			"pickledvegetable-parsnip": ["vegetable", "group4"],
			"fruit-whitecurrant": ["fruit", "group4"],
			"cheese-blue-1slice": ["cheese", "group4"],
				
			"grain-rye": ["grain", "group5"],
			"vegetable-turnip": ["vegetable", "group5"],
			"pickledvegetable-turnip": ["vegetable", "group5"],			
			"fruit-blackcurrant": ["fruit", "group5"],
			"cheese-cheddar-1slice": ["dairyoregg", "group5"],
			"poultry-raw": ["meat", "group5"],
			"poultry-cured": ["meat", "group5"],
			"cheese-cheddar-1slice": ["cheese", "group5"],

			"grain-spelt": ["grain", "group6"],
			"vegetable-onion": ["vegetable", "group6"],
			"pickledvegetable-onion": ["vegetable", "group6"],
			"fruit-redcurrant": ["fruit", "group6"],				
			"redmeat-raw": ["meat", "group6"],
			"redmeat-cured": ["meat", "group6"],
			"egg-chicken-raw": ["egg", "group6"],

			"fruit-pineapple": ["fruit", "group7"],
			"mushroom-fieldmushroom-normal-free": ["vegetable", "group7"],
				
			"grain-amaranth": ["grain", "group8"],
			"pumpkin-fruit-4": ["vegetable", "group8"],
			"vegetable-pumpkin": ["vegetable", "group8"],
			"vegetable-bellpepper": ["fruit", "group8"],
			"pickledvegetable-bellpepper": ["fruit", "group8"],
			"pickledvegetable-pumpkin": ["vegetable", "group8"],
				
			"grain-sunflower": ["grain", "group9"],
			"legume-soybean": ["vegetable", "group9"],
			"pickledlegume-soybean": ["vegetable", "group9"],
				
			"vegetable-cabbage": ["vegetable", "group10"],
			"pickledvegetable-cabbage": ["vegetable", "group10"],
				
			"vegetable-cassava": ["vegetable", "group11"],
				
			"honeyportion": ["topping", "honey"],
			"jamhoneyportion": ["topping", "honey"],
				
			"milkportion": ["liquid", "milkportion"],
			"cottagecheeseportion": ["liquid", "cottagecheeseportion"],
            "fruit-elderberry": ["fruit", "group16"],
            "fruit-snowberry": ["fruit", "group17"],
            "fruit-cloudberry": ["fruit", "group18"],
            "fruit-raspberry": ["fruit", "group19"],
            "fruit-dogrose": ["fruit", "group20"],
            "fruit-brambleberry": ["fruit", "group21"],
            "fruit-honeysuckle": ["fruit", "group22"],
            "fruit-gooseberry": ["fruit", "group23"],
            "fruit-huckleberry": ["fruit", "group24"],
            "fruit-strawberry": ["fruit", "group25"],
			"fruit-blueraspberry": ["fruit", "group26"]
        }
    }
]