{
	"editor": {
		"allAngles": false,
		"entityTextureMode": false
	},
	"textureWidth": 16,
	"textureHeight": 16,
	"textureSizes": {
	},
	"textures": {
		"ivy_leaves": "block/plant/vine/leaves/ivy_leaves",
		"vine_stem_tip": "block/plant/vine/stem/vine_stem_tip"
	},
	"elements": [
		{
			"name": "Cube1",
			"from": [ 0.0, 0.0, 0.0 ], 
			"to": [ 16.0, 16.0, 0.0 ], 
			"shade": false,
			"renderPass": 2,
			"faces": {
				"north": { "texture": "#vine_stem_tip", "uv": [ 0.0, 0.0, 16.0, 16.0 ], "enabled": false },
				"east": { "texture": "#vine_stem_tip", "uv": [ 0.0, 0.0, 0.5, 16.0 ], "enabled": false },
				"south": { "texture": "#vine_stem_tip", "uv": [ 0.0, 0.0, 16.0, 16.0 ] },
				"west": { "texture": "#vine_stem_tip", "uv": [ 0.0, 0.0, 0.5, 16.0 ], "enabled": false },
				"up": { "texture": "#vine_stem_tip", "uv": [ 0.0, 0.0, 16.0, 0.5 ], "enabled": false },
				"down": { "texture": "#vine_stem_tip", "uv": [ 0.0, 0.0, 16.0, 0.5 ], "enabled": false }
			}
		},
		{
			"name": "Cube2",
			"from": [ 4.0, 1.0, 0.0 ], 
			"to": [ 9.5, 6.5, 0.0 ], 
			"shade": false,
			"renderPass": 2,
			"rotationOrigin": [ 6.5, 6.5, 0.0 ],
			"rotationX": -45.0,
			"faces": {
				"north": { "texture": "#ivy_leaves", "uv": [ 1.0, 1.0, 6.5, 6.5 ] },
				"east": { "texture": "#ivy_leaves", "uv": [ 0.0, 0.0, 0.5, 5.5 ], "enabled": false },
				"south": { "texture": "#ivy_leaves", "uv": [ 0.0, 0.0, 5.5, 5.5 ], "enabled": false },
				"west": { "texture": "#ivy_leaves", "uv": [ 0.0, 0.0, 0.5, 5.5 ], "enabled": false },
				"up": { "texture": "#ivy_leaves", "uv": [ 0.0, 0.0, 5.5, 0.5 ], "enabled": false },
				"down": { "texture": "#ivy_leaves", "uv": [ 0.0, 0.0, 5.5, 0.5 ], "enabled": false }
			}
		},
		{
			"name": "Cube3",
			"from": [ 5.0, -3.0, 0.0 ], 
			"to": [ 10.5, 2.5, 0.0 ], 
			"shade": false,
			"renderPass": 2,
			"rotationOrigin": [ 7.5, 2.5, 0.0 ],
			"rotationX": -45.0,
			"faces": {
				"north": { "texture": "#ivy_leaves", "uv": [ 8.0, 0.5, 13.5, 6.0 ] },
				"east": { "texture": "#ivy_leaves", "uv": [ 0.0, 0.0, 0.5, 5.5 ], "enabled": false },
				"south": { "texture": "#ivy_leaves", "uv": [ 0.0, 0.0, 5.5, 5.5 ], "enabled": false },
				"west": { "texture": "#ivy_leaves", "uv": [ 0.0, 0.0, 0.5, 5.5 ], "enabled": false },
				"up": { "texture": "#ivy_leaves", "uv": [ 0.0, 0.0, 5.5, 0.5 ], "enabled": false },
				"down": { "texture": "#ivy_leaves", "uv": [ 0.0, 0.0, 5.5, 0.5 ], "enabled": false }
			}
		},
		{
			"name": "Cube4",
			"from": [ 7.0, 0.0, 0.0 ], 
			"to": [ 12.5, 5.5, 0.0 ], 
			"shade": false,
			"renderPass": 2,
			"rotationOrigin": [ 9.5, 5.5, 0.0 ],
			"rotationX": -45.0,
			"faces": {
				"north": { "texture": "#ivy_leaves", "uv": [ 1.0, 1.0, 6.5, 6.5 ] },
				"east": { "texture": "#ivy_leaves", "uv": [ 0.0, 0.0, 0.5, 5.5 ], "enabled": false },
				"south": { "texture": "#ivy_leaves", "uv": [ 0.0, 0.0, 5.5, 5.5 ], "enabled": false },
				"west": { "texture": "#ivy_leaves", "uv": [ 0.0, 0.0, 0.5, 5.5 ], "enabled": false },
				"up": { "texture": "#ivy_leaves", "uv": [ 0.0, 0.0, 5.5, 0.5 ], "enabled": false },
				"down": { "texture": "#ivy_leaves", "uv": [ 0.0, 0.0, 5.5, 0.5 ], "enabled": false }
			}
		},
		{
			"name": "Cube5",
			"from": [ 11.0, 2.0, 0.0 ], 
			"to": [ 16.5, 7.5, 0.0 ], 
			"shade": false,
			"renderPass": 2,
			"rotationOrigin": [ 13.5, 7.5, 0.0 ],
			"rotationX": -45.0,
			"faces": {
				"north": { "texture": "#ivy_leaves", "uv": [ 8.0, 0.5, 13.5, 6.0 ] },
				"east": { "texture": "#ivy_leaves", "uv": [ 0.0, 0.0, 0.5, 5.5 ], "enabled": false },
				"south": { "texture": "#ivy_leaves", "uv": [ 0.0, 0.0, 5.5, 5.5 ], "enabled": false },
				"west": { "texture": "#ivy_leaves", "uv": [ 0.0, 0.0, 0.5, 5.5 ], "enabled": false },
				"up": { "texture": "#ivy_leaves", "uv": [ 0.0, 0.0, 5.5, 0.5 ], "enabled": false },
				"down": { "texture": "#ivy_leaves", "uv": [ 0.0, 0.0, 5.5, 0.5 ], "enabled": false }
			}
		},
		{
			"name": "Cube7",
			"from": [ 5.0, 5.0, 0.0 ], 
			"to": [ 10.5, 10.5, 0.0 ], 
			"shade": false,
			"renderPass": 2,
			"rotationOrigin": [ 7.5, 10.5, 0.0 ],
			"rotationX": -45.0,
			"faces": {
				"north": { "texture": "#ivy_leaves", "uv": [ 8.0, 0.5, 13.5, 6.0 ] },
				"east": { "texture": "#ivy_leaves", "uv": [ 0.0, 0.0, 0.5, 5.5 ], "enabled": false },
				"south": { "texture": "#ivy_leaves", "uv": [ 0.0, 0.0, 5.5, 5.5 ], "enabled": false },
				"west": { "texture": "#ivy_leaves", "uv": [ 0.0, 0.0, 0.5, 5.5 ], "enabled": false },
				"up": { "texture": "#ivy_leaves", "uv": [ 0.0, 0.0, 5.5, 0.5 ], "enabled": false },
				"down": { "texture": "#ivy_leaves", "uv": [ 0.0, 0.0, 5.5, 0.5 ], "enabled": false }
			}
		},
		{
			"name": "Cube9",
			"from": [ 0.5, 2.0, 0.0 ], 
			"to": [ 6.0, 7.5, 0.0 ], 
			"shade": false,
			"renderPass": 2,
			"rotationOrigin": [ 3.5, 7.5, 0.0 ],
			"rotationX": -45.0,
			"faces": {
				"north": { "texture": "#ivy_leaves", "uv": [ 1.0, 1.0, 6.5, 6.5 ] },
				"east": { "texture": "#ivy_leaves", "uv": [ 0.0, 0.0, 0.5, 5.5 ], "enabled": false },
				"south": { "texture": "#ivy_leaves", "uv": [ 0.0, 0.0, 5.5, 5.5 ], "enabled": false },
				"west": { "texture": "#ivy_leaves", "uv": [ 0.0, 0.0, 0.5, 5.5 ], "enabled": false },
				"up": { "texture": "#ivy_leaves", "uv": [ 0.0, 0.0, 5.5, 0.5 ], "enabled": false },
				"down": { "texture": "#ivy_leaves", "uv": [ 0.0, 0.0, 5.5, 0.5 ], "enabled": false }
			}
		}
	]}