[
    {
      "ingredientPattern": "K,H",
      "enabled": true,
      "shapeless": true,
      "ingredients": {
        "K": {
          "type": "item",
          "code": "game:knife-*",
          "isTool": true
        },
        "H": {
          "type": "item",
          "code": "wildcraft:herbs-*",
          "quantity": 2,
          "name": "herb"
        }
      },
      "name": "herbseeds",
      "width": 1,
      "height": 2,
      "output": {
        "type": "item",
        "code": "wildcraft:herbseeds-{herb}",
        "quantity": 1
      }
    }
  ]