{
	"editor": {
		"allAngles": false,
		"entityTextureMode": false
	},
	"textureWidth": 8,
	"textureHeight": 8,
	"textureSizes": {
	},
	"textures": {
		"dogrose": "wildcraft:items/fruit/dogrose"
	},
	"elements": [
		{
			"name": "origin",
			"from": [ 8.0, 0.0, 8.0 ], 
			"to": [ 8.0, 0.0, 8.0 ], 
			"rotationOrigin": [ 8.0, 0.0, 8.0 ],
			"faces": {
				"north": { "texture": "#dogrose", "uv": [ 0.0, 0.0, 0.5, 0.5 ], "enabled": false },
				"east": { "texture": "#dogrose", "uv": [ 0.0, 0.0, 0.5, 0.5 ], "enabled": false },
				"south": { "texture": "#dogrose", "uv": [ 0.0, 0.0, 0.5, 0.5 ], "enabled": false },
				"west": { "texture": "#dogrose", "uv": [ 0.0, 0.0, 0.5, 0.5 ], "enabled": false },
				"up": { "texture": "#dogrose", "uv": [ 0.0, 0.0, 0.5, 0.5 ], "enabled": false },
				"down": { "texture": "#dogrose", "uv": [ 0.0, 0.0, 0.5, 0.5 ], "enabled": false }
			},
			"children": [
				{
					"name": "berry",
					"from": [ -1.5, 0.0, -1.0 ], 
					"to": [ 1.5, 2.0, 1.0 ], 
					"rotationOrigin": [ 0.0, 1.0, 0.0 ],
					"faces": {
						"north": { "texture": "#dogrose", "uv": [ 2.0, 0.0, 5.0, 2.0 ] },
						"east": { "texture": "#dogrose", "uv": [ 2.5, 0.0, 4.5, 2.0 ] },
						"south": { "texture": "#dogrose", "uv": [ 2.0, 0.0, 5.0, 2.0 ] },
						"west": { "texture": "#dogrose", "uv": [ 1.0, 0.0, 3.0, 2.0 ] },
						"up": { "texture": "#dogrose", "uv": [ 1.5, 0.0, 4.5, 2.0 ] },
						"down": { "texture": "#dogrose", "uv": [ 2.5, 0.0, 5.5, 2.0 ] }
					},
					"children": [
						{
							"name": "end",
							"from": [ -0.5, 0.5, 0.5 ], 
							"to": [ 0.0, 1.5, 1.5 ], 
							"rotationOrigin": [ 0.0, 1.0, 1.0 ],
							"rotationX": 45.0,
							"faces": {
								"north": { "texture": "#dogrose", "uv": [ 7.0, 0.5, 7.5, 1.5 ] },
								"east": { "texture": "#dogrose", "uv": [ 0.0, 0.0, 1.0, 1.0 ], "enabled": false },
								"south": { "texture": "#dogrose", "uv": [ 6.0, 0.0, 6.5, 1.0 ] },
								"west": { "texture": "#dogrose", "uv": [ 7.0, 0.5, 8.0, 1.5 ] },
								"up": { "texture": "#dogrose", "uv": [ 6.5, 0.5, 7.0, 1.5 ] },
								"down": { "texture": "#dogrose", "uv": [ 7.0, 0.0, 7.5, 1.0 ] }
							}
						},
						{
							"name": "stem1",
							"from": [ 3.0, 0.7, 0.7 ], 
							"to": [ 5.0, 1.3, 1.3 ], 
							"rotationOrigin": [ 3.0, 1.0, 1.0 ],
							"rotationX": 15.0,
							"rotationY": 15.0,
							"faces": {
								"north": { "texture": "#dogrose", "uv": [ 1.0, 3.0, 3.0, 3.5 ] },
								"east": { "texture": "#dogrose", "uv": [ 1.5, 3.5, 2.0, 4.0 ] },
								"south": { "texture": "#dogrose", "uv": [ 1.0, 2.5, 3.0, 3.0 ] },
								"west": { "texture": "#dogrose", "uv": [ 0.0, 0.0, 0.5, 0.5 ], "enabled": false },
								"up": { "texture": "#dogrose", "uv": [ 0.5, 2.5, 2.5, 3.0 ] },
								"down": { "texture": "#dogrose", "uv": [ 1.0, 3.5, 3.0, 4.0 ] }
							},
							"children": [
								{
									"name": "Cube1",
									"from": [ 1.0, 0.0, -0.7 ], 
									"to": [ 4.0, 0.0, 0.8 ], 
									"rotationOrigin": [ 1.0, 0.0, 0.0 ],
									"rotationX": 22.5,
									"rotationY": 45.0,
									"rotationZ": 22.5,
									"faces": {
										"north": { "texture": "#dogrose", "uv": [ 0.0, 0.0, 3.0, 0.5 ], "enabled": false },
										"east": { "texture": "#dogrose", "uv": [ 0.0, 0.0, 1.5, 0.5 ], "enabled": false },
										"south": { "texture": "#dogrose", "uv": [ 0.0, 0.0, 3.0, 0.5 ], "enabled": false },
										"west": { "texture": "#dogrose", "uv": [ 0.0, 0.0, 1.5, 0.5 ], "enabled": false },
										"up": { "texture": "#dogrose", "uv": [ 4.5, 2.5, 7.5, 4.0 ] },
										"down": { "texture": "#dogrose", "uv": [ 0.0, 0.0, 3.0, 1.5 ], "enabled": false }
									}
								}
							]
						}
					]
				}
			]
		}
	]}