{
	"editor": {
		"allAngles": false,
		"entityTextureMode": false
	},
	"textureWidth": 8,
	"textureHeight": 8,
	"textureSizes": {
	},
	"textures": {
		"gooseberry": "wildcraft:items/fruit/gooseberry"
	},
	"elements": [
		{
			"name": "origin",
			"from": [ 8.0, 0.0, 8.0 ], 
			"to": [ 8.0, 0.0, 8.0 ], 
			"rotationOrigin": [ 8.0, 0.0, 8.0 ],
			"faces": {
				"north": { "texture": "#gooseberry", "uv": [ 0.0, 0.0, 0.5, 0.5 ], "enabled": false },
				"east": { "texture": "#gooseberry", "uv": [ 0.0, 0.0, 0.5, 0.5 ], "enabled": false },
				"south": { "texture": "#gooseberry", "uv": [ 0.0, 0.0, 0.5, 0.5 ], "enabled": false },
				"west": { "texture": "#gooseberry", "uv": [ 0.0, 0.0, 0.5, 0.5 ], "enabled": false },
				"up": { "texture": "#gooseberry", "uv": [ 0.0, 0.0, 0.5, 0.5 ], "enabled": false },
				"down": { "texture": "#gooseberry", "uv": [ 0.0, 0.0, 0.5, 0.5 ], "enabled": false }
			},
			"children": [
				{
					"name": "body",
					"from": [ -1.5, 1.5, 0.5 ], 
					"to": [ 1.5, 5.5, 3.5 ], 
					"rotationOrigin": [ 0.0, 1.5, 2.0 ],
					"rotationX": -90.0,
					"faces": {
						"north": { "texture": "#gooseberry", "uv": [ 0.0, 0.0, 3.0, 4.0 ] },
						"east": { "texture": "#gooseberry", "uv": [ 0.0, 0.0, 3.0, 4.0 ] },
						"south": { "texture": "#gooseberry", "uv": [ 0.0, 0.0, 3.0, 4.0 ] },
						"west": { "texture": "#gooseberry", "uv": [ 0.0, 0.0, 3.0, 4.0 ] },
						"up": { "texture": "#gooseberry", "uv": [ 0.0, 0.0, 3.0, 3.0 ] },
						"down": { "texture": "#gooseberry", "uv": [ 0.0, 0.0, 3.0, 3.0 ] }
					},
					"children": [
						{
							"name": "tip",
							"from": [ 1.0, -1.0, 1.0 ], 
							"to": [ 2.0, 0.0, 2.0 ], 
							"rotationOrigin": [ 1.5, 0.0, 1.5 ],
							"rotationY": -45.0,
							"faces": {
								"north": { "texture": "#gooseberry", "uv": [ 0.0, 6.0, 1.0, 7.0 ] },
								"east": { "texture": "#gooseberry", "uv": [ 1.0, 6.0, 2.0, 7.0 ] },
								"south": { "texture": "#gooseberry", "uv": [ 0.5, 5.5, 1.5, 6.5 ] },
								"west": { "texture": "#gooseberry", "uv": [ 0.5, 5.0, 1.5, 6.0 ] },
								"up": { "texture": "#gooseberry", "uv": [ 0.0, 0.0, 1.0, 1.0 ], "enabled": false },
								"down": { "texture": "#gooseberry", "uv": [ 1.0, 6.0, 2.0, 7.0 ] }
							}
						},
						{
							"name": "top",
							"from": [ 1.0, 3.5, 1.0 ], 
							"to": [ 2.0, 6.0, 2.0 ], 
							"rotationOrigin": [ 1.5, 3.5, 1.5 ],
							"rotationY": -112.5,
							"rotationZ": -22.5,
							"faces": {
								"north": { "texture": "#gooseberry", "uv": [ 3.0, 5.5, 4.0, 8.0 ] },
								"east": { "texture": "#gooseberry", "uv": [ 2.5, 4.0, 3.5, 6.5 ] },
								"south": { "texture": "#gooseberry", "uv": [ 2.5, 5.0, 3.5, 7.5 ] },
								"west": { "texture": "#gooseberry", "uv": [ 2.0, 5.0, 3.0, 7.5 ] },
								"up": { "texture": "#gooseberry", "uv": [ 3.0, 5.5, 4.0, 6.5 ] },
								"down": { "texture": "#gooseberry", "uv": [ 0.0, 0.0, 1.0, 1.0 ], "enabled": false }
							},
							"children": [
								{
									"name": "leaf",
									"from": [ -1.5, 1.5, 0.5 ], 
									"to": [ 2.5, 6.0, 0.5 ], 
									"rotationOrigin": [ 0.5, 2.0, 0.5 ],
									"rotationX": -45.0,
									"rotationY": 112.5,
									"rotationZ": 45.0,
									"faces": {
										"north": { "texture": "#gooseberry", "uv": [ 4.0, 2.5, 8.0, 7.0 ], "rotation": 180 },
										"east": { "texture": "#gooseberry", "uv": [ 0.0, 0.0, 0.5, 4.5 ], "enabled": false },
										"south": { "texture": "#gooseberry", "uv": [ 4.0, 3.5, 8.0, 8.0 ], "enabled": false },
										"west": { "texture": "#gooseberry", "uv": [ 0.0, 0.0, 0.5, 4.5 ], "enabled": false },
										"up": { "texture": "#gooseberry", "uv": [ 0.0, 0.0, 4.0, 0.5 ], "enabled": false },
										"down": { "texture": "#gooseberry", "uv": [ 0.0, 0.0, 4.0, 0.5 ], "enabled": false }
									}
								}
							]
						}
					]
				}
			]
		}
	]}