{
    "code": "duckweed-root",
    "class": "DuckWeedRoot",
    "entityClass": "BEDuckWeedRoot",
    "attributes": {
    },
    "renderpass": "OpaqueNoCull",
    "drawtype": "JSON",
    "randomDrawOffset": true,
    "randomizeRotations": true,
    "shapeByType": {
      "*": { "base": "wildcraft:block/plant/seedling/dirt" }
    },
    "blockmaterial": "Plant",
    "sideopaqueByType": {
      "*": { "all": false }
    },
    "sidesolid": {
      "all": false
    },
    "texturesByType": {
    },
    "dropsByType": {
    },
    "replaceable": 5200,
    "lightAbsorption": 0,
    "resistance": 1,
    "collisionbox": null,
    "selectionbox": {
      "x1": 0.3,
      "y1": 0,
      "z1": 0.2,
      "x2": 0.7,
      "y2": 0.5,
      "z2": 0.7
    },
    "sounds": {
      "place": "game:block/plant",
      "break": "game:block/plant",
      "hit": "game:block/plant"
    },
    "rainPermeable": true,
    "materialDensity": 200,
    "combustibleProps": {
      "burnTemperature": 600,
      "burnDuration": 10
    },
    "guiTransformByType": {
      "*": {
          "rotation": { "x": 94, "y": 0, "z": 0 },
          "origin": { "x": 0.6, "y": 0.2, "z": 0.6 },
          "scale": 1.47
      }
    },
    "fpHandTransform": {
          "rotation": { "x": 87, "y": 152, "z": -58 },
          "origin": { "x": 0.5, "y": 0.5, "z": 0.3 }
      },
    "tpHandTransform": {
        "rotation": { "x": 0, "y": 55, "z": 14 },
        "origin": { "x": 0.5, "y": 0.75, "z": 0.4 },
        "scale": 0.34
    },
    "groundTransform": {
      "translation": {
        "x": 0,
        "y": 0,
        "z": 0
      },
      "rotation": {
        "x": 0,
        "y": -45,
        "z": 0
      },
      "origin": {
        "x": 0.5,
        "y": 0,
        "z": 0.5
      },
      "scale": 3
    },
    "frostable": true,
    "vertexFlags": {
      "grassWindWave": false,
      "leavesWindWave": false
    }
  }
  