{
	"code": "pricklyberrybush",
	"class": "PricklyBerryBush",
	"attributes": {
		"stackable": true,
		"forageStatAffected": true,
		"reinforcable": true,
		"butterflyFeedByType": {
			"*-flowering": true
		},
		"beeFeedByType": {
			"*-flowering": true
		},
		"stopBelowTemperatureByType":{
			"*-brambleberry-*": -2,
			"*-raspberry-*": -2,
			"*-blueraspberry-*": -10,
			"*-dogrose-*": 8
		},
		"resetBelowTemperatureByType":{
			"*-brambleberry-*": -4,
			"*-raspberry-*": -4,
			"*-blueraspberry-*": -12,
			"*-dogrose-*": 6
		},
		"revertBlockBelowTemperatureByType":{
			"*-brambleberry-*": -6,
			"*-raspberry-*": -6,
			"*-blueraspberry-*": -14,
			"*-dogrose-*": 4
		},

		"stopAboveTemperatureByType":{
			"*-brambleberry-*": 27,
			"*-raspberry-*": 27,
			"*-blueraspberry-*": 14,
			"*-dogrose-*": 34
		},
		"resetAboveTemperatureByType":{
			"*-brambleberry-*": 30,
			"*-raspberry-*": 30,
			"*-blueraspberry-*": 16,
			"*-dogrose-*": 38
		},
		"revertBlockAboveTemperatureByType":{
			"*-brambleberry-*": 33,
			"*-raspberry-*": 33,
			"*-blueraspberry-*": 18,
			"*-dogrose-*": 42
		}
	},
	"walkspeedmultiplier": 0.55,
	"entityclassByType": {
		"*-dogrose-*": "BETallBerryBush",
		"*-brambleberry-*": "BETallBerryBush",
		"*": "BEWildcraftBerryBush"
	},
	"behaviorsByType": {
		"*-ripe": [ {"name": "Harvestable", "properties": { 
			"harvestTime": 0.6, 
			"harvestedStack": { "type": "item", "code": "wildcraft:fruit-{type}", "quantity": { "avg": 2.2 }  },
			"harvestedBlockCode": "wildcraft:pricklyberrybush-{type}-empty"
		}} ]
	},
	"variantgroups": [
		{ "code": "type", "states": ["brambleberry", "raspberry", "dogrose", "blueraspberry"] },
		{ "code": "state", "states": ["empty", "flowering", "ripe"] }
	],
	"creativeinventory": { "general": ["*"], "flora": ["*"], "wildcraft": ["*"] },
	"renderpass": "OpaqueNoCull",
	"renderAlphaTest": 0.4,
	"shapeByType": {
		"*-empty": { "base": "game:block/plant/berrybush/large*", "selectiveElements": ["branchesN", "branchesS", "Leaves", "Largeleaves/*"] },
		"*": { "base": "game:block/plant/berrybush/large*" }
	},
	"blockmaterial": "Plant",
	"textures": {
		"leavessmall": { "base": "wildcraft:block/plant/berrybush/small/leaves/{type}*" },
		"leaveslarge": { "base": "wildcraft:block/plant/berrybush/large/leaves/{type}large" }
	},
	"texturesByType": {
		"*-flowering": {
			"flowerberrysmalltop": { "base": "wildcraft:block/plant/berrybush/small/flower/{type}*", "alternates": [{"base": "wildcraft:block/plant/berrybush/small/flower/{type}*"}] },
			"flowerberrysmall": { "base": "wildcraft:block/plant/berrybush/small/flower/{type}*", "alternates": [{"base": "wildcraft:block/plant/berrybush/small/flower/{type}*"}] },
			"flowerberrylarge": { "base": "wildcraft:block/plant/berrybush/large/flower/{type}large" }
		},
		"*-ripe": {
			"flowerberrysmalltop": { "base": "wildcraft:block/plant/berrybush/small/fruit/{type}*" },
			"flowerberrysmall": { "base": "wildcraft:block/plant/berrybush/small/fruit/{type}*", "alternates": [{"base": "wildcraft:block/plant/berrybush/small/fruit/{type}*"}] },
			"flowerberrylarge": { "base": "wildcraft:block/plant/berrybush/large/fruit/{type}large" }
		}
	},
	"sideopaque": {
		"all": false
	},
	"sidesolid": {
		"all": false
	},
	"replaceable": 3000,
	"lightAbsorption": 0,
	"resistance": 0.5,
	"collisionbox": null,
	"sounds": {
		"place": "game:block/plant",
		"break": "game:block/plant",
		"hit": "game:block/plant"
	},
	"rainPermeable": false,
	"dropsByType": {
		"*-ripe": [
			{ "type": "item", "code": "wildcraft:fruit-{type}", "quantity": { "avg": 2.2 }  }
		]
	},
	"materialDensity": 400,
	"vertexFlags": {
		"zOffset": 2
	},
	"combustibleProps": {
		"burnTemperature": 600,
		"burnDuration": 10
	},
	"frostable": true
}