{
  "name": "Poultice linen horsetail herb",
  "ingredientPattern": "H,L,T",
  "ingredients": {
    "L": { "type": "block", "code": "game:linen-*" },
    "H": { "type": "block", "code": "game:flower-horsetail-free", "quantity": 4 },
    "T": {
      "type": "item",
      "code": "wildcraft:herbs-*",
      "quantity": 2,
      "name": "herb",
      "allowedVariants": ["thyme", "lavender", "marshmallow", "holly", "marigold", "yarrow", "sage"]
    }
  },
  "width": 1,
  "height": 3,
  "output": { "type": "item", "code": "wildcraft:poultice-linen-horsetail-{herb}", "quantity": 4 }
}
