{
    "code": "seedling",
    "class": "BlockPlant",
    "entityclassbytype": {
      "*-planted": "Transient",
      "*-sprouting": "BESeedling"
    },
    "attributes": {
      "matureDays": {
        "avg": 7,
        "var": 2
      },
      "dieBelowTemp": -2,
      "plantCodebyType": {
        "*-basil-*": "wildcraft:annualplant-basil-normal",
        "*-blackpepper-*": "wildcraft:annualplant-blackpepper-normal",
        "*-celery-*": "wildcraft:annualplant-celery-normal",
        "*-cilantro-*": "wildcraft:annualplant-cilantro-normal",
        "*-dill-*": "wildcraft:annualplant-dill-normal",
        "*-mustard-*": "wildcraft:annualplant-mustard-normal",
        "*-burdock-*": "wildcraft:annualplant-burdock-normal",
        "*-chicory-*": "wildcraft:annualplant-chicory-normal",
        "*-marigold-*": "wildcraft:annualplant-saltwort-normal",
        "*-liquorice-*": "wildcraft:annualplant-liquorice-normal",
        "*-chamomile-*": "wildcraft:annualplant-chamomile-normal",
        "*-dock-*": "wildcraft:annualplant-dock-normal",
        "*-stingingnettle-*": "wildcraft:annualplant-stingingnettle-normal",
        "*-saltwort-*": "wildcraft:annualplant-saltwort-normal",
  
        "*-lavender-*": "wildcraft:evergreenplant-lavender-normal",
        "*-rosemary-*": "wildcraft:evergreenplant-rosemary-normal",
        "*-thyme-*": "wildcraft:evergreenplant-thyme-normal",
        "*-holly-*": "wildcraft:evergreenplant-holly-normal",
        "*-poisonoak-*": "wildcraft:evergreenplant-poisonoak-normal",

        "*-bearleek-*": "wildcraft:perennialplant-bearleek-normal",
        "*-marjoram-*": "wildcraft:perennialplant-marjoram-normal",
        "*-marshmallow-*": "wildcraft:perennialplant-marshmallow-normal",
        "*-mint-*": "wildcraft:perennialplant-mint-normal",
        "*-saffron-*": "wildcraft:perennialplant-saffron-normal",
        "*-stjohnswort-*": "wildcraft:perennialplant-stjohnswort-normal",
        "*-mugwort-*": "wildcraft:perennialplant-mugwort-normal",
        "*-inula-*": "wildcraft:perennialplant-inula-normal",
        "*-celandine-*": "wildcraft:perennialplant-celandine-normal",
        "*-leek-*": "wildcraft:perennialplant-leek-normal",
        "*-plantain-*": "wildcraft:perennialplant-plantain-normal",
        "*-yarrow-*": "wildcraft:perennialplant-yarrow-normal",
        "*-sedge-*": "wildcraft:perennialplant-sedge-normal",
        "*-sage-*": "wildcraft:perennialplant-sage-normal",

        "*-minerslettuce-*": "wildcraft:smallannualplant-minerslettuce-normal",

        "*-waterchestnut-*": "wildcraft:waterplant-waterchestnut-normal"
      },
      "transientPropsByType": {
        "*-planted": {
          "convertFrom": "*-planted", 
          "convertTo": "*-sprouting", 
          "inGameHours": "48",
          "resetBelowTemperature": -4,
          "stopBelowTemperature": 2
        }
      }
    },
    "variantgroups": [
        { "loadFromProperties": "wildcraft:wildcraft/wildflora" },
      {
        "code": "state",
        "states": [ "planted", "sprouting" ]
      }
    ],
    "renderpass": "OpaqueNoCull",
    "drawtype": "JSON",
    "randomDrawOffset": true,
    "randomizeRotations": true,
    "shapeByType": {
      "*-minerslettuce-sprouting": { "base": "wildcraft:block/plant/clover/minerslettuce_sprouting"},
      "*-planted": { "base": "wildcraft:block/plant/seedling/dirt" },
      "*-sprouting": { "base": "wildcraft:block/plant/seedling/seedling" }
    },
    "blockmaterial": "Plant",
    "sideopaqueByType": {
      "*": { "all": false }
    },
    "sidesolid": {
      "all": false
    },
    "texturesByType": {
      "*-minerslettuce-sprouting": {
        "leaves": { "base": "wildcraft:block/plant/clover/minerslettuce_shoots_leaves" }
      },
      "*": {
        "leaves": { "base": "wildcraft:block/plant/seedling/{wildflora}*" }
      }
    },
    "dropsByType": {
      "*-dead-*": [
        {
          "type": "item",
          "code": "game:stick",
          "quantity": { "avg": 1.0 }
        }
      ],
      "*-alive-*": [
        {
          "type": "item",
          "code": "game:stick",
          "quantity": { "avg": 1.0 }
        }
      ]
    },
    "replaceable": 5200,
    "lightAbsorption": 0,
    "resistance": 1,
    "collisionbox": null,
    "selectionbox": {
      "x1": 0.3,
      "y1": 0,
      "z1": 0.2,
      "x2": 0.7,
      "y2": 0.5,
      "z2": 0.7
    },
    "sounds": {
      "place": "game:block/plant",
      "break": "game:block/plant",
      "hit": "game:block/plant"
    },
    "rainPermeable": true,
    "materialDensity": 200,
    "combustibleProps": {
      "burnTemperature": 600,
      "burnDuration": 10
    },
    "guiTransformByType": {
      "*": {
          "rotation": { "x": 94, "y": 0, "z": 0 },
          "origin": { "x": 0.6, "y": 0.2, "z": 0.6 },
          "scale": 1.47
      }
    },
    "fpHandTransform": {
          "rotation": { "x": 87, "y": 152, "z": -58 },
          "origin": { "x": 0.5, "y": 0.5, "z": 0.3 }
      },
    "tpHandTransform": {
        "rotation": { "x": 0, "y": 55, "z": 14 },
        "origin": { "x": 0.5, "y": 0.75, "z": 0.4 },
        "scale": 0.34
    },
    "groundTransform": {
      "translation": {
        "x": 0,
        "y": 0,
        "z": 0
      },
      "rotation": {
        "x": 0,
        "y": -45,
        "z": 0
      },
      "origin": {
        "x": 0.5,
        "y": 0,
        "z": 0.5
      },
      "scale": 3
    },
    "frostable": true,
    "__comment": "Wind wave looks not good on ground and horrible in planters and flower post",
    "vertexFlags": {
      "weakWave": true,
      "grassWindWave": false,
      "leavesWindWave": false
    }
  }
  