{
	"editor": {
		"allAngles": false,
		"entityTextureMode": false
	},
	"textureWidth": 16,
	"textureHeight": 16,
	"textureSizes": {
	},
	"textures": {
		"dark_moss_tuft": "wildcraft:block/plant/moss/dark_moss_tuft"
	},
	"elements": [
		{
			"name": "Cube1",
			"from": [ 0.0, 0.0, 1.0 ], 
			"to": [ 16.0, 4.5, 1.0 ], 
			"shade": false,
			"renderPass": 2,
			"rotationOrigin": [ 0.0, 0.0, 1.0 ],
			"faces": {
				"north": { "texture": "#dark_moss_tuft", "uv": [ 0.0, 0.0, 16.0, 4.5 ], "enabled": false },
				"east": { "texture": "#dark_moss_tuft", "uv": [ 0.0, 0.0, 0.5, 4.5 ], "enabled": false },
				"south": { "texture": "#dark_moss_tuft", "uv": [ 0.0, 11.5, 16.0, 16.0 ] },
				"west": { "texture": "#dark_moss_tuft", "uv": [ 0.0, 0.0, 0.5, 4.5 ], "enabled": false },
				"up": { "texture": "#dark_moss_tuft", "uv": [ 0.0, 0.0, 16.0, 0.5 ], "enabled": false },
				"down": { "texture": "#dark_moss_tuft", "uv": [ 0.0, 0.0, 16.0, 0.5 ], "enabled": false }
			}
		},
		{
			"name": "Cube2",
			"from": [ 0.0, 0.0, 5.5 ], 
			"to": [ 16.0, 4.5, 5.5 ], 
			"shade": false,
			"renderPass": 2,
			"rotationOrigin": [ 0.0, 0.0, 5.0 ],
			"faces": {
				"north": { "texture": "#dark_moss_tuft", "uv": [ 0.0, 0.0, 16.0, 4.5 ], "enabled": false },
				"east": { "texture": "#dark_moss_tuft", "uv": [ 0.0, 0.0, 0.5, 4.5 ], "enabled": false },
				"south": { "texture": "#dark_moss_tuft", "uv": [ 0.0, 6.5, 16.0, 11.0 ] },
				"west": { "texture": "#dark_moss_tuft", "uv": [ 0.0, 0.0, 0.5, 4.5 ], "enabled": false },
				"up": { "texture": "#dark_moss_tuft", "uv": [ 0.0, 0.0, 16.0, 0.5 ], "enabled": false },
				"down": { "texture": "#dark_moss_tuft", "uv": [ 0.0, 0.0, 16.0, 0.5 ], "enabled": false }
			}
		},
		{
			"name": "Cube3",
			"from": [ 0.0, 0.0, 15.0 ], 
			"to": [ 16.0, 4.5, 15.0 ], 
			"shade": false,
			"renderPass": 2,
			"rotationOrigin": [ 0.0, 0.0, 14.0 ],
			"faces": {
				"north": { "texture": "#dark_moss_tuft", "uv": [ 0.0, 0.0, 16.0, 4.5 ], "enabled": false },
				"east": { "texture": "#dark_moss_tuft", "uv": [ 0.0, 0.0, 0.5, 4.5 ], "enabled": false },
				"south": { "texture": "#dark_moss_tuft", "uv": [ 0.0, 6.5, 16.0, 11.0 ] },
				"west": { "texture": "#dark_moss_tuft", "uv": [ 0.0, 0.0, 0.5, 4.5 ], "enabled": false },
				"up": { "texture": "#dark_moss_tuft", "uv": [ 0.0, 0.0, 16.0, 0.5 ], "enabled": false },
				"down": { "texture": "#dark_moss_tuft", "uv": [ 0.0, 0.0, 16.0, 0.5 ], "enabled": false }
			}
		},
		{
			"name": "Cube4",
			"from": [ 0.0, 0.0, 10.5 ], 
			"to": [ 16.0, 4.5, 10.5 ], 
			"shade": false,
			"renderPass": 2,
			"rotationOrigin": [ 0.0, 0.0, 10.0 ],
			"faces": {
				"north": { "texture": "#dark_moss_tuft", "uv": [ 0.0, 0.0, 16.0, 4.5 ], "enabled": false },
				"east": { "texture": "#dark_moss_tuft", "uv": [ 0.0, 0.0, 0.5, 4.5 ], "enabled": false },
				"south": { "texture": "#dark_moss_tuft", "uv": [ 0.0, 11.5, 16.0, 16.0 ] },
				"west": { "texture": "#dark_moss_tuft", "uv": [ 0.0, 0.0, 0.5, 4.5 ], "enabled": false },
				"up": { "texture": "#dark_moss_tuft", "uv": [ 0.0, 0.0, 16.0, 0.5 ], "enabled": false },
				"down": { "texture": "#dark_moss_tuft", "uv": [ 0.0, 0.0, 16.0, 0.5 ], "enabled": false }
			}
		},
		{
			"name": "Cube5",
			"from": [ 1.0, 0.0, 0.0 ], 
			"to": [ 1.0, 4.5, 16.0 ], 
			"shade": false,
			"renderPass": 2,
			"rotationOrigin": [ 1.0, 0.0, 0.0 ],
			"faces": {
				"north": { "texture": "#dark_moss_tuft", "uv": [ 0.0, 0.0, 0.5, 4.5 ], "enabled": false },
				"east": { "texture": "#dark_moss_tuft", "uv": [ 0.0, 11.5, 16.0, 16.0 ] },
				"south": { "texture": "#dark_moss_tuft", "uv": [ 0.0, 0.0, 0.5, 4.5 ], "enabled": false },
				"west": { "texture": "#dark_moss_tuft", "uv": [ 0.0, 0.0, 16.0, 4.5 ], "enabled": false },
				"up": { "texture": "#dark_moss_tuft", "uv": [ 0.0, 0.0, 0.5, 16.0 ], "enabled": false },
				"down": { "texture": "#dark_moss_tuft", "uv": [ 0.0, 0.0, 0.5, 16.0 ], "enabled": false }
			}
		},
		{
			"name": "Cube6",
			"from": [ 5.5, 0.0, 0.0 ], 
			"to": [ 5.5, 4.5, 16.0 ], 
			"shade": false,
			"renderPass": 2,
			"rotationOrigin": [ 5.0, 0.0, 0.0 ],
			"faces": {
				"north": { "texture": "#dark_moss_tuft", "uv": [ 0.0, 0.0, 0.5, 4.5 ], "enabled": false },
				"east": { "texture": "#dark_moss_tuft", "uv": [ 0.0, 6.5, 16.0, 11.0 ] },
				"south": { "texture": "#dark_moss_tuft", "uv": [ 0.0, 0.0, 0.5, 4.5 ], "enabled": false },
				"west": { "texture": "#dark_moss_tuft", "uv": [ 0.0, 0.0, 16.0, 4.5 ], "enabled": false },
				"up": { "texture": "#dark_moss_tuft", "uv": [ 0.0, 0.0, 0.5, 16.0 ], "enabled": false },
				"down": { "texture": "#dark_moss_tuft", "uv": [ 0.0, 0.0, 0.5, 16.0 ], "enabled": false }
			}
		},
		{
			"name": "Cube7",
			"from": [ 10.5, 0.0, 0.0 ], 
			"to": [ 10.5, 4.5, 16.0 ], 
			"shade": false,
			"renderPass": 2,
			"rotationOrigin": [ 10.0, 0.0, 0.0 ],
			"faces": {
				"north": { "texture": "#dark_moss_tuft", "uv": [ 0.0, 0.0, 0.5, 4.5 ], "enabled": false },
				"east": { "texture": "#dark_moss_tuft", "uv": [ 0.0, 11.5, 16.0, 16.0 ] },
				"south": { "texture": "#dark_moss_tuft", "uv": [ 0.0, 0.0, 0.5, 4.5 ], "enabled": false },
				"west": { "texture": "#dark_moss_tuft", "uv": [ 0.0, 0.0, 16.0, 4.5 ], "enabled": false },
				"up": { "texture": "#dark_moss_tuft", "uv": [ 0.0, 0.0, 0.5, 16.0 ], "enabled": false },
				"down": { "texture": "#dark_moss_tuft", "uv": [ 0.0, 0.0, 0.5, 16.0 ], "enabled": false }
			}
		},
		{
			"name": "Cube8",
			"from": [ 15.0, 0.0, 0.0 ], 
			"to": [ 15.0, 4.5, 16.0 ], 
			"shade": false,
			"renderPass": 2,
			"rotationOrigin": [ 15.0, 0.0, 0.0 ],
			"faces": {
				"north": { "texture": "#dark_moss_tuft", "uv": [ 0.0, 0.0, 0.5, 4.5 ], "enabled": false },
				"east": { "texture": "#dark_moss_tuft", "uv": [ 0.0, 6.5, 16.0, 11.0 ] },
				"south": { "texture": "#dark_moss_tuft", "uv": [ 0.0, 0.0, 0.5, 4.5 ], "enabled": false },
				"west": { "texture": "#dark_moss_tuft", "uv": [ 0.0, 0.0, 16.0, 4.5 ], "enabled": false },
				"up": { "texture": "#dark_moss_tuft", "uv": [ 0.0, 0.0, 0.5, 16.0 ], "enabled": false },
				"down": { "texture": "#dark_moss_tuft", "uv": [ 0.0, 0.0, 0.5, 16.0 ], "enabled": false }
			}
		}
	]}