{
    "code": "bugleweed",
    "classByType":{
        "*": "WaterPlant"
    },
    "variantgroups": [
        { "code": "type", "states": ["european"] },
        { "code": "state", "states": ["short", "tall"] }
    ],
    "attributes": {
        "maxDepthByType": {
            "*-short": 0,
            "*-tall": 1
        },
        "butterflyFeedByType": {
        "*": true
        },
        "beeFeedByType": {
        "*": true
        },
        "forageStatAffected": true,
        "hasRootByType":{
        "*": "false"
        },
        "isPoisonousByType":{
            "*":"false"
        }
    },
    "walkspeedmultiplierByType":{
        "*-tall": 0.65,
        "*": 1
    },
    "creativeinventory": {
        "general": ["*"],
        "flora": ["*"],
        "wildcraft": [ "*" ]
    },
    "shapeByType": {
        "*-tall": {"base": "wildcraft:block/plant/bugleweed/bugleweed_tall"},
        "*-short": {"base": "wildcraft:block/plant/bugleweed/bugleweed_short"}
    },
    "dropsByType": {},
	"renderpass": "BlendNoCull",
	"blockmaterial": "Plant",
	"randomizeRotations": true,
    "randomDrawOffset": true,
	"sideopaque": {
		"all": false
	},
	"sidesolid": {
		"all": false
	},
	"replaceable": 3000,
	"lightAbsorption": 0,
	"resistance": 1.5,
	"collisionbox": null,
	"selectionBoxByType": {
    "*-tall": { "x1": 0 , "y1": 0, "z1": 0, "x2": 1, "y2": 2.0, "z2": 1 },
    "*": { "x1": 0 , "y1": 0, "z1": 0, "x2": 1, "y2": 0.75, "z2": 1 }
    },
    "guiTransformByType": {
        "*-tule-*":	{
        "rotation": { x: -22, y: 107, z: 0 },
        "origin": { x: 0.3, y: 1.4, z: 0.4 },
        "scale": 0.5
        },
        "*":{
        "rotation": { "x": -22, "y": 107, "z": 0 },
        "origin": { "x": 0.3, "y": 0.5, "z": 0.4 },
        "scale": 1.32
        }
    },
	"groundTransform": {
		"origin": { "x": 0.5, "y": 0, "z": 0.5 },
		"scale": 2.5
	},
	"tpHandTransform": {
		"translation": { "x": -0.93, "y": -0.17, "z": -0.8 },
		"rotation": { "x": 15, "y": -10, "z": -114 },
		"origin": { "x": 0.5, "y": 0.1, "z": 0.5 },
		"scale": 0.58
	},
	"sounds": {
		"place": "game:block/plant",
		"break": "game:block/plant",
		"hit": "game:block/plant"
	},
	"vertexFlags": {
		"leavesWindWave": true
	},
	"materialDensity": 200,
	"frostable": true
}
