{
    "code": "duckweed",
    "classByType":{
        "*": "DuckWeed"
    },
    "variantgroups": [
        { "code": "type", "states": ["duckweed"] },
        { "code": "state", "states": ["empty", "n", "e", "s", "w", "ne", "ns", "nw", "es", "ew", "sw", "nesw"] }
    ],
    "attributes": {
    },
    "randomDrawOffset": false,
    "texturesByType": {
        "*-empty": {
            "duckweed_small": { "base": "wildcraft:block/duckweed/duckweed_small" }
        },
        "*-nesw": {
            "duckweed": { "base": "wildcraft:block/duckweed/duckweed" }
        }
    },
    "creativeinventory": {
        "general": ["*-empty"],
        "flora": ["*-empty"],
        "wildcraft": [ "*-empty" ]
    },
    "shapeByType": {
        "*-empty": {"base": "wildcraft:block/plant/duckweed/duckweed_empty"},
        "*-nesw": {"base": "wildcraft:block/plant/duckweed/duckweed_nesw"},
        "*": {"base": "wildcraft:block/plant/duckweed/duckweed_{state}"}

    },
	"renderpass": "OpaqueNoCull",
    "drawtype": "JSON",
	"blockmaterial": "Plant",
	"randomizeRotations": false,
	"sideopaque": {
		"all": false
	},
	"sidesolid": {
		"all": false
	},
	"vertexFlags": {
		"zOffset": 5,
		"windMode": "Water"
	},
    "frostable": true,
    "liquidSelectable": 1,
	"replaceable": 6001,
	"lightAbsorption": 0,
	"resistance": 0,
	"collisionbox": null,
    "selectionBox": { "x1": 0 , "y1": -0.15, "z1": 0, "x2": 1, "y2": 0.15, "z2": 1 },
	"sounds": {
		"place": "game:block/plant",
		"break": "game:block/plant",
		"hit": "game:block/plant"
	},
	"materialDensity": 200,
}
