{
	"editor": {
		"allAngles": false,
		"entityTextureMode": false
	},
	"textureWidth": 16,
	"textureHeight": 16,
	"textureSizes": {
	},
	"textures": {
	},
	"elements": [
		{
			"name": "Cube1",
			"from": [ -4.0, 0.0, 8.0 ], 
			"to": [ 20.0, 56.0, 8.0 ], 
			"shade": false,
			"climateColorMap": "climateDarkerPlantTint",
			"seasonColorMap": "seasonalFoliage",
			"renderPass": 1,
			"rotationOrigin": [ 8.0, 0.0, 8.0 ],
			"faces": {
				"north": { "texture": "#tule", "uv": [ 0.0, 0.0, 16.0, 16.0 ], "autoUv": false, "windMode": [0,5,5,0], "windData": [0,3,3,0] },
				"east": { "texture": "#leaves", "uv": [ 0.0, 0.0, 0.5, 56.0 ], "enabled": false },
				"south": { "texture": "#leaves", "uv": [ 0.0, 0.0, 24.0, 56.0 ], "enabled": false },
				"west": { "texture": "#leaves", "uv": [ 0.0, 0.0, 0.5, 56.0 ], "enabled": false },
				"up": { "texture": "#leaves", "uv": [ 0.0, 0.0, 24.0, 0.5 ], "enabled": false },
				"down": { "texture": "#leaves", "uv": [ 0.0, 0.0, 24.0, 0.1667 ], "enabled": false }
			},
			"children": [
				{
					"name": "Cube4",
					"from": [ 0.0, 0.0, 0.0 ], 
					"to": [ 24.0, 56.0, 0.0 ], 
					"shade": false,
					"renderPass": 1,
					"rotationOrigin": [ 12.0, 0.0, 0.0 ],
					"faces": {
						"north": { "texture": "#tule_tufts", "uv": [ 0.0, 0.0, 16.0, 16.0 ], "autoUv": false, "windMode": [0,5,5,0], "windData": [0,3,3,0] },
						"east": { "texture": "#leaves", "uv": [ 0.0, 0.0, 0.5, 56.0 ], "enabled": false },
						"south": { "texture": "#leaves", "uv": [ 0.0, 0.0, 24.0, 56.0 ], "enabled": false },
						"west": { "texture": "#leaves", "uv": [ 0.0, 0.0, 0.5, 56.0 ], "enabled": false },
						"up": { "texture": "#leaves", "uv": [ 0.0, 0.0, 24.0, 0.5 ], "enabled": false },
						"down": { "texture": "#leaves", "uv": [ 0.0, 0.0, 24.0, 0.5 ], "enabled": false }
					}
				}
			]
		},
		{
			"name": "Cube2",
			"from": [ -4.0, 0.0, 8.0 ], 
			"to": [ 20.0, 56.0, 8.0 ], 
			"shade": false,
			"climateColorMap": "climateDarkerPlantTint",
			"seasonColorMap": "seasonalFoliage",
			"renderPass": 1,
			"rotationOrigin": [ 8.0, 0.0, 8.0 ],
			"rotationY": 67.5,
			"faces": {
				"north": { "texture": "#tule", "uv": [ 0.0, 0.0, 16.0, 16.0 ], "autoUv": false, "windMode": [0,5,5,0], "windData": [0,3,3,0] },
				"east": { "texture": "#leaves", "uv": [ 0.0, 0.0, 0.5, 56.0 ], "enabled": false },
				"south": { "texture": "#leaves", "uv": [ 0.0, 0.0, 24.0, 56.0 ], "enabled": false },
				"west": { "texture": "#leaves", "uv": [ 0.0, 0.0, 0.5, 56.0 ], "enabled": false },
				"up": { "texture": "#leaves", "uv": [ 0.0, 0.0, 24.0, 0.5 ], "enabled": false },
				"down": { "texture": "#leaves", "uv": [ 0.0, 0.0, 24.0, 0.1667 ], "enabled": false }
			},
			"children": [
				{
					"name": "Cube5",
					"from": [ 0.0, 0.0, 0.0 ], 
					"to": [ 24.0, 56.0, 0.0 ], 
					"shade": false,
					"renderPass": 1,
					"rotationOrigin": [ 12.0, 0.0, 0.0 ],
					"faces": {
						"north": { "texture": "#tule_tufts", "uv": [ 0.0, 0.0, 16.0, 16.0 ], "autoUv": false, "windMode": [0,5,5,0], "windData": [0,3,3,0] },
						"east": { "texture": "#leaves", "uv": [ 0.0, 0.0, 0.5, 56.0 ], "enabled": false },
						"south": { "texture": "#leaves", "uv": [ 0.0, 0.0, 24.0, 56.0 ], "enabled": false },
						"west": { "texture": "#leaves", "uv": [ 0.0, 0.0, 0.5, 56.0 ], "enabled": false },
						"up": { "texture": "#leaves", "uv": [ 0.0, 0.0, 24.0, 0.5 ], "enabled": false },
						"down": { "texture": "#leaves", "uv": [ 0.0, 0.0, 24.0, 0.5 ], "enabled": false }
					}
				}
			]
		},
		{
			"name": "Cube3",
			"from": [ -4.0, 0.0, 8.0 ], 
			"to": [ 20.0, 56.0, 8.0 ], 
			"shade": false,
			"climateColorMap": "climateDarkerPlantTint",
			"seasonColorMap": "seasonalFoliage",
			"renderPass": 1,
			"rotationOrigin": [ 8.0, 0.0, 8.0 ],
			"rotationY": -45.0,
			"faces": {
				"north": { "texture": "#tule", "uv": [ 0.0, 0.0, 16.0, 16.0 ], "autoUv": false, "windMode": [0,5,5,0], "windData": [0,3,3,0] },
				"east": { "texture": "#leaves", "uv": [ 0.0, 0.0, 0.5, 56.0 ], "enabled": false },
				"south": { "texture": "#leaves", "uv": [ 0.0, 0.0, 24.0, 56.0 ], "enabled": false },
				"west": { "texture": "#leaves", "uv": [ 0.0, 0.0, 0.5, 56.0 ], "enabled": false },
				"up": { "texture": "#leaves", "uv": [ 0.0, 0.0, 24.0, 0.5 ], "enabled": false },
				"down": { "texture": "#leaves", "uv": [ 0.0, 0.0, 24.0, 0.1667 ], "enabled": false }
			},
			"children": [
				{
					"name": "Cube6",
					"from": [ 0.0, 0.0, 0.0 ], 
					"to": [ 24.0, 56.0, 0.0 ], 
					"shade": false,
					"renderPass": 1,
					"rotationOrigin": [ 12.0, 0.0, 0.0 ],
					"faces": {
						"north": { "texture": "#tule_tufts", "uv": [ 0.0, 0.0, 16.0, 16.0 ], "autoUv": false, "windMode": [0,5,5,0], "windData": [0,3,3,0] },
						"east": { "texture": "#leaves", "uv": [ 0.0, 0.0, 0.5, 56.0 ], "enabled": false },
						"south": { "texture": "#leaves", "uv": [ 0.0, 0.0, 24.0, 56.0 ], "enabled": false },
						"west": { "texture": "#leaves", "uv": [ 0.0, 0.0, 0.5, 56.0 ], "enabled": false },
						"up": { "texture": "#leaves", "uv": [ 0.0, 0.0, 24.0, 0.5 ], "enabled": false },
						"down": { "texture": "#leaves", "uv": [ 0.0, 0.0, 24.0, 0.5 ], "enabled": false }
					}
				}
			]
		},
		{
			"name": "Cube7",
			"from": [ -4.0, 0.0, 12.0 ], 
			"to": [ 20.0, 56.0, 12.0 ], 
			"shade": false,
			"climateColorMap": "climateDarkerPlantTint",
			"seasonColorMap": "seasonalFoliage",
			"renderPass": 1,
			"rotationOrigin": [ 8.0, 0.0, 12.0 ],
			"rotationX": 9.0,
			"rotationY": -22.5,
			"faces": {
				"north": { "texture": "#tule", "uv": [ 0.0, 0.0, 16.0, 16.0 ], "autoUv": false, "windMode": [0,5,5,0], "windData": [0,3,3,0] },
				"east": { "texture": "#leaves", "uv": [ 0.0, 0.0, 0.5, 56.0 ], "enabled": false },
				"south": { "texture": "#leaves", "uv": [ 0.0, 0.0, 24.0, 56.0 ], "enabled": false },
				"west": { "texture": "#leaves", "uv": [ 0.0, 0.0, 0.5, 56.0 ], "enabled": false },
				"up": { "texture": "#leaves", "uv": [ 0.0, 0.0, 24.0, 0.5 ], "enabled": false },
				"down": { "texture": "#leaves", "uv": [ 0.0, 0.0, 24.0, 0.5 ], "enabled": false }
			}
		},
		{
			"name": "Cube8",
			"from": [ -4.0, 0.0, 5.0 ], 
			"to": [ 20.0, 56.0, 5.0 ], 
			"shade": false,
			"climateColorMap": "climateDarkerPlantTint",
			"seasonColorMap": "seasonalFoliage",
			"renderPass": 1,
			"rotationOrigin": [ 8.0, 0.0, 5.0 ],
			"rotationX": -9.0,
			"rotationY": 22.5,
			"faces": {
				"north": { "texture": "#tule", "uv": [ 0.0, 0.0, 16.0, 16.0 ], "autoUv": false, "windMode": [0,5,5,0], "windData": [0,3,3,0] },
				"east": { "texture": "#leaves", "uv": [ 0.0, 0.0, 0.5, 56.0 ], "enabled": false },
				"south": { "texture": "#leaves", "uv": [ 0.0, 0.0, 24.0, 56.0 ], "enabled": false },
				"west": { "texture": "#leaves", "uv": [ 0.0, 0.0, 0.5, 56.0 ], "enabled": false },
				"up": { "texture": "#leaves", "uv": [ 0.0, 0.0, 24.0, 0.5 ], "enabled": false },
				"down": { "texture": "#leaves", "uv": [ 0.0, 0.0, 24.0, 0.5 ], "enabled": false }
			}
		}
	]}