{
	code: "moss",
	class: "BlockMossCoating",
	variantgroups: [
		{ loadFromProperties: "abstract/coating", },
        { "code": "type", "states": [ "bright", "dark"]  },
		{ "code": "growth", "states": [ "normal", "sporangia"]  },
        { "code": "cover", "states": [ "free", "snow", "snow2", "snow3"]  }
	],
    "behaviorsByType": {
		"*-snow2": [{"name": "BreakSnowFirst"}],
		"*-snow3": [{"name": "BreakSnowFirst"}]
	},

	blockmaterial: "Plant",
	creativeinventory: { "general": ["moss-d-*-*-free"], "terrain": ["moss-d-*-*-free"] },
	shapeByType: {
		"*-d-*-normal-*": { base: "game:block/coating/d" },
		"*-d-*-sporangia-*": { base: "wildcraft:block/moss/d" },
		"*-u-*": { base: "game:block/coating/d", "rotateX": 180 },
		"*-s-*": { base: "game:block/coating/d", "rotateX": 90, "rotateZ": 180 },
		"*-n-*": { base: "game:block/coating/d", "rotateX": 90, "rotateZ": 0 },
		"*-e-*": { base: "game:block/coating/d", "rotateX": 90, "rotateZ": 90  },
		"*-w-*": { base: "game:block/coating/d", "rotateX": 90, "rotateZ": 270   },
		"*-ud-*": { base: "game:block/coating/ud" },
		"*-ns-*": { base: "game:block/coating/ud", "rotateX": 90 },
		"*-ew-*": { base: "game:block/coating/ud", "rotateX": 90, "rotateY": 90 },
		"*-nd-*": { base: "game:block/coating/nd" },
		"*-ed-*": { base: "game:block/coating/nd", "rotateY": 270 },
		"*-sd-*": { base: "game:block/coating/nd", "rotateY": 180 },
		"*-wd-*": { base: "game:block/coating/nd", "rotateY": 90 },
		"*-su-*": { base: "game:block/coating/nd", "rotateX": 180},
		"*-wu-*": { base: "game:block/coating/nd", "rotateX": 180, "rotateY": 90},
		"*-nu-*": { base: "game:block/coating/nd", "rotateX": 180, "rotateY": 180},
		"*-eu-*": { base: "game:block/coating/nd", "rotateX": 180, "rotateY": 270},
		"*-es-*": { base: "game:block/coating/es"},
		"*-sw-*": { base: "game:block/coating/es", "rotateY": 270},
		"*-nw-*": { base: "game:block/coating/es", "rotateY": 180},
		"*-ne-*": { base: "game:block/coating/es", "rotateY": 90},
		"*-nwd-*": { base: "game:block/coating/nwd" },
		"*-ned-*": { base: "game:block/coating/nwd", "rotateY": 270 },
		"*-esd-*": { base: "game:block/coating/nwd", "rotateY": 180 },
		"*-swd-*": { base: "game:block/coating/nwd", "rotateY": 90 },
		"*-nwu-*": { base: "game:block/coating/nwd", "rotateX": 180, "rotateY": 90 },
		"*-neu-*": { base: "game:block/coating/nwd", "rotateX": 180, "rotateY": 180 },
		"*-esu-*": { base: "game:block/coating/nwd", "rotateX": 180, "rotateY": 270 },
		"*-swu-*": { base: "game:block/coating/nwd", "rotateX": 180 },
		"*-nsd-*": { base: "game:block/coating/nsd" },
		"*-ewd-*": { base: "game:block/coating/nsd", "rotateY": 90 },
		"*-sud-*": { base: "game:block/coating/nsd", "rotateX": 90, "rotateZ": 180 },
		"*-wud-*": { base: "game:block/coating/nsd", "rotateX": 90, "rotateZ": 270 },
		"*-nud-*": { base: "game:block/coating/nsd", "rotateX": 90, "rotateZ": 0 },
		"*-eud-*": { base: "game:block/coating/nsd", "rotateX": 90, "rotateZ": 90 },
		"*-nsu-*": { base: "game:block/coating/nsd", "rotateX": 180 },
		"*-ewu-*": { base: "game:block/coating/nsd", "rotateX": 180, "rotateY": 90 },
		"*-nes-*": { base: "game:block/coating/nes" },
		"*-esw-*": { base: "game:block/coating/nes", "rotateY": 90 },
		"*-nsw-*": { base: "game:block/coating/nes", "rotateY": 180 },
		"*-new-*": { base: "game:block/coating/nes", "rotateY": 270 },
		"*-newd-*": { base: "game:block/coating/newd" },
		"*-nesd-*": { base: "game:block/coating/newd", "rotateY": 270 },
		"*-eswd-*": { base: "game:block/coating/newd", "rotateY": 180 },
		"*-nswd-*": { base: "game:block/coating/newd", "rotateY": 90 },
		"*-eswu-*": { base: "game:block/coating/newd", "rotateX": 180 },
		"*-newu-*": { base: "game:block/coating/newd", "rotateX": 0, "rotateZ": 180 },
		"*-nswu-*": { base: "game:block/coating/newd", "rotateX": 90, "rotateZ": 270 },
		"*-nesu-*": { base: "game:block/coating/newd", "rotateX": 90, "rotateZ": 90 },
		"*-nesw-*": { base: "game:block/coating/nesw" },
		"*-ewud-*": { base: "game:block/coating/nesw", "rotateX": 90 },
		"*-nsud-*": { base: "game:block/coating/nesw", "rotateX": 90, "rotateZ": 90 },
		"*-neud-*": { base: "game:block/coating/neud" },
		"*-esud-*": { base: "game:block/coating/neud", "rotateY": 270 },
		"*-swud-*": { base: "game:block/coating/neud", "rotateY": 180 },
		"*-nwud-*": { base: "game:block/coating/neud", "rotateY": 90 },
		"*-neswd-*": { base: "game:block/coating/neswd" },
		"*-neswu-*": { base: "game:block/coating/neswd", "rotateX": 180 },
		"*-newud-*": { base: "game:block/coating/neswd", "rotateX": 90, "rotateZ": 0 },
		"*-nesud-*": { base: "game:block/coating/neswd", "rotateX": 90, "rotateZ" : 90 },
		"*-eswud-*": { base: "game:block/coating/neswd", "rotateX": 90, "rotateZ": 180 },
		"*-nswud-*": { base: "game:block/coating/neswd", "rotateX": 90, "rotateZ" : 270 },
		"*-neswud-*": { base: "game:block/coating/neswud" }
	},
    "texture": {
		"base": "wildcraft:block/moss/{type}_moss_cushion"
	},
	"texturesByType": {
		"*-sporangia-*":{
			"sporangia": {"base": "wildcraft:block/moss/{type}_moss_sporangia"},
			"north": { "base": "wildcraft:block/moss/{type}_moss_cushion" },
			"south": { "base": "wildcraft:block/moss/{type}_moss_cushion" },
			"east": { "base": "wildcraft:block/moss/{type}_moss_cushion" },
			"west": { "base": "wildcraft:block/moss/{type}_moss_cushion" },
			"up": { "base": "wildcraft:block/moss/{type}_moss_cushion" },
			"down": { "base": "wildcraft:block/moss/{type}_moss_cushion" }
		},
		"*-free": {
			"north": { "base": "wildcraft:block/moss/{type}_moss_cushion" },
			"south": { "base": "wildcraft:block/moss/{type}_moss_cushion" },
			"east": { "base": "wildcraft:block/moss/{type}_moss_cushion" },
			"west": { "base": "wildcraft:block/moss/{type}_moss_cushion" },
			"up": { "base": "wildcraft:block/moss/{type}_moss_cushion" },
			"down": { "base": "wildcraft:block/moss/{type}_moss_cushion" }
		},
		"*-snow*": {
			"north": { "base": "wildcraft:block/moss/{type}_moss_cushion" },
			"south": { "base": "wildcraft:block/moss/{type}_moss_cushion" },
			"east": { "base": "wildcraft:block/moss/{type}_moss_cushion" },
			"west": { "base": "wildcraft:block/moss/{type}_moss_cushion" },
			"up": { "base": "wildcraft:block/moss/{type}_moss_cushion" },
			"down": { "base": "wildcraft:block/moss/{type}_moss_cushion" }
		},
	},
	"renderpass": "OpaqueNoCull",
	"renderAlphaTest": 0.4,
	replaceable: 6001,
	resistance: 1.2,
	lightAbsorption: 0,
	sidesolid: { all: false },
	sideopaque: { all: false },
	sounds: {
		"walk": "walk/stone"
	},
	drops: [
		{
			type: "block", 
			code: "moss-d-{type}-free", 
			quantity: { avg: 0.7, var: 0 } 
		},
	],
	selectionbox: { x1: 0, y1: 0, z1: 0, x2: 1, y2: 1, z2: 1 },
	selectionboxByType: {
		"*-d": { x1: 0, y1: 0, z1: 0, x2: 1, y2: 0.0625, z2: 1 },
		"*-u": { x1: 0, y1: 0, z1: 0, x2: 1, y2: 0.0625, z2: 1, rotateX: 180 },
		
		"*-n": { x1: 0, y1: 0, z1: 0, x2: 1, y2: 1, z2: 0.0625 },
		"*-e": { x1: 0, y1: 0, z1: 0, x2: 1, y2: 1, z2: 0.0625, rotateY: 270 },
		"*-s": { x1: 0, y1: 0, z1: 0, x2: 1, y2: 1, z2: 0.0625, rotateY: 180 },
		"*-w": { x1: 0, y1: 0, z1: 0, x2: 1, y2: 1, z2: 0.0625, rotateY: 90 },
	},
	collisionbox: null,
	sounds: {
		place: "block/sand",
		break: "block/sand",
		hit: "block/sand",
		walk: "walk/sand"
	},
	guiTransform: {
		translation: { x: 0, y: 2, z: 0 },
		origin: { x: 0.5, y: 0.0625, z: 0.5 }
	}
}
