[
    { "file": "game:blocktypes/plant/bigberrybush", "op": "replace", "path": "/class", "value": "WildcraftBerryBush", "side": "server" },
    { "file": "game:blocktypes/plant/bigberrybush", "op": "replace", "path": "/entityclass", "value": "BETallBerryBush", "side": "server" },
    { "file": "game:blocktypes/plant/smallberrybush", "op": "replace", "path": "/class", "value": "WildcraftBerryBush", "side": "server" },
    { "file": "game:blocktypes/plant/smallberrybush", "op": "replace", "path": "/entityclass", "value": "BEWildcraftBerryBush", "side": "server" }
]