{
	"editor": {
		"allAngles": false,
		"entityTextureMode": false
	},
	"textureWidth": 16,
	"textureHeight": 16,
	"textureSizes": {
	},
	"textures": {
	},
	"elements": [
		{
			"name": "base",
			"from": [ 12.0, 0.0, 11.0 ], 
			"to": [ 12.0, 0.0, 11.0 ], 
			"shade": false,
			"renderPass": 2,
			"rotationOrigin": [ 12.0, 0.0, 11.0 ],
			"rotationY": -57.0,
			"faces": {
				"north": { "texture": "#null", "uv": [ 0.0, 0.0, 0.5, 0.5 ] },
				"east": { "texture": "#null", "uv": [ 0.0, 0.0, 0.5, 0.5 ] },
				"south": { "texture": "#null", "uv": [ 0.0, 0.0, 0.5, 0.5 ] },
				"west": { "texture": "#null", "uv": [ 0.0, 0.0, 0.5, 0.5 ] },
				"up": { "texture": "#null", "uv": [ 0.0, 0.0, 0.5, 0.5 ] },
				"down": { "texture": "#null", "uv": [ 0.0, 0.0, 0.5, 0.5 ] }
			},
			"children": [
				{
					"name": "leaf1",
					"from": [ -4.0, 0.0, -0.5 ], 
					"to": [ 4.0, 0.0, 7.5 ], 
					"shade": false,
					"climateColorMap": "climatePlantTint",
					"seasonColorMap": "seasonalMaple",
					"renderPass": 2,
					"rotationOrigin": [ 0.0, 0.0, -0.5 ],
					"rotationX": -25.0,
					"faces": {
						"north": { "texture": "#leaves", "uv": [ 0.0, 0.0, 8.0, 1.0 ], "enabled": false },
						"east": { "texture": "#leaves", "uv": [ 0.0, 0.0, 8.0, 1.0 ], "enabled": false },
						"south": { "texture": "#leaves", "uv": [ 0.0, 0.0, 8.0, 1.0 ], "enabled": false },
						"west": { "texture": "#leaves", "uv": [ 0.0, 0.0, 8.0, 1.0 ], "enabled": false },
						"up": { "texture": "#leaves", "uv": [ 0.0, 0.0, 16.0, 16.0 ], "rotation": 180, "autoUv": false, "windMode": [1,0,0,1] },
						"down": { "texture": "#leaves", "uv": [ 0.0, 0.0, 8.0, 8.0 ], "enabled": false }
					}
				},
				{
					"name": "leaf2",
					"from": [ -4.0, 0.0, -7.5 ], 
					"to": [ 4.0, 0.0, 0.5 ], 
					"shade": false,
					"climateColorMap": "climatePlantTint",
					"seasonColorMap": "seasonalMaple",
					"renderPass": 2,
					"rotationOrigin": [ 0.0, 0.0, 0.5 ],
					"rotationX": 25.0,
					"faces": {
						"north": { "texture": "#leaves", "uv": [ 0.0, 0.0, 8.0, 1.0 ], "enabled": false },
						"east": { "texture": "#leaves", "uv": [ 0.0, 0.0, 8.0, 1.0 ], "enabled": false },
						"south": { "texture": "#leaves", "uv": [ 0.0, 0.0, 8.0, 1.0 ], "enabled": false },
						"west": { "texture": "#leaves", "uv": [ 0.0, 0.0, 8.0, 1.0 ], "enabled": false },
						"up": { "texture": "#leaves", "uv": [ 0.0, 0.0, 16.0, 16.0 ], "autoUv": false, "windMode": [0,1,1,0] },
						"down": { "texture": "#leaves", "uv": [ 0.0, 0.0, 8.0, 8.0 ], "enabled": false }
					}
				}
			]
		},
		{
			"name": "base6",
			"from": [ 8.5, 0.0, 4.0 ], 
			"to": [ 8.5, 0.0, 4.0 ], 
			"shade": false,
			"renderPass": 2,
			"rotationOrigin": [ 8.0, 0.0, 4.0 ],
			"rotationY": 67.5,
			"faces": {
				"north": { "texture": "#null", "uv": [ 0.0, 0.0, 0.5, 0.5 ] },
				"east": { "texture": "#null", "uv": [ 0.0, 0.0, 0.5, 0.5 ] },
				"south": { "texture": "#null", "uv": [ 0.0, 0.0, 0.5, 0.5 ] },
				"west": { "texture": "#null", "uv": [ 0.0, 0.0, 0.5, 0.5 ] },
				"up": { "texture": "#null", "uv": [ 0.0, 0.0, 0.5, 0.5 ] },
				"down": { "texture": "#null", "uv": [ 0.0, 0.0, 0.5, 0.5 ] }
			},
			"children": [
				{
					"name": "leaf7",
					"from": [ -4.0, 0.0, -0.5 ], 
					"to": [ 4.0, 0.0, 7.5 ], 
					"shade": false,
					"climateColorMap": "climatePlantTint",
					"seasonColorMap": "seasonalMaple",
					"renderPass": 2,
					"rotationOrigin": [ 0.0, 0.0, -0.5 ],
					"rotationX": -25.0,
					"faces": {
						"north": { "texture": "#leaves", "uv": [ 0.0, 0.0, 8.0, 1.0 ], "enabled": false },
						"east": { "texture": "#leaves", "uv": [ 0.0, 0.0, 8.0, 1.0 ], "enabled": false },
						"south": { "texture": "#leaves", "uv": [ 0.0, 0.0, 8.0, 1.0 ], "enabled": false },
						"west": { "texture": "#leaves", "uv": [ 0.0, 0.0, 8.0, 1.0 ], "enabled": false },
						"up": { "texture": "#leaves", "uv": [ 0.0, 0.0, 16.0, 16.0 ], "rotation": 180, "autoUv": false, "windMode": [1,0,0,1] },
						"down": { "texture": "#leaves", "uv": [ 0.0, 0.0, 8.0, 8.0 ], "enabled": false }
					}
				},
				{
					"name": "leaf8",
					"from": [ -4.0, 0.0, -7.5 ], 
					"to": [ 4.0, 0.0, 0.5 ], 
					"shade": false,
					"climateColorMap": "climatePlantTint",
					"seasonColorMap": "seasonalMaple",
					"renderPass": 2,
					"rotationOrigin": [ 0.0, 0.0, 0.5 ],
					"rotationX": 25.0,
					"faces": {
						"north": { "texture": "#leaves", "uv": [ 0.0, 0.0, 8.0, 1.0 ], "enabled": false },
						"east": { "texture": "#leaves", "uv": [ 0.0, 0.0, 8.0, 1.0 ], "enabled": false },
						"south": { "texture": "#leaves", "uv": [ 0.0, 0.0, 8.0, 1.0 ], "enabled": false },
						"west": { "texture": "#leaves", "uv": [ 0.0, 0.0, 8.0, 1.0 ], "enabled": false },
						"up": { "texture": "#leaves", "uv": [ 0.0, 0.0, 16.0, 16.0 ], "autoUv": false, "windMode": [0,1,1,0] },
						"down": { "texture": "#leaves", "uv": [ 0.0, 0.0, 8.0, 8.0 ], "enabled": false }
					}
				}
			]
		},
		{
			"name": "base11",
			"from": [ 4.5, 0.0, 10.0 ], 
			"to": [ 4.5, 0.0, 10.0 ], 
			"shade": false,
			"renderPass": 2,
			"rotationOrigin": [ 4.0, 0.0, 10.0 ],
			"rotationY": -145.0,
			"faces": {
				"north": { "texture": "#null", "uv": [ 0.0, 0.0, 0.5, 0.5 ] },
				"east": { "texture": "#null", "uv": [ 0.0, 0.0, 0.5, 0.5 ] },
				"south": { "texture": "#null", "uv": [ 0.0, 0.0, 0.5, 0.5 ] },
				"west": { "texture": "#null", "uv": [ 0.0, 0.0, 0.5, 0.5 ] },
				"up": { "texture": "#null", "uv": [ 0.0, 0.0, 0.5, 0.5 ] },
				"down": { "texture": "#null", "uv": [ 0.0, 0.0, 0.5, 0.5 ] }
			},
			"children": [
				{
					"name": "leaf12",
					"from": [ -4.0, 0.0, -0.5 ], 
					"to": [ 4.0, 0.0, 7.5 ], 
					"shade": false,
					"climateColorMap": "climatePlantTint",
					"seasonColorMap": "seasonalMaple",
					"renderPass": 2,
					"rotationOrigin": [ 0.0, 0.0, -0.5 ],
					"rotationX": -25.0,
					"faces": {
						"north": { "texture": "#leaves", "uv": [ 0.0, 0.0, 8.0, 1.0 ], "enabled": false },
						"east": { "texture": "#leaves", "uv": [ 0.0, 0.0, 8.0, 1.0 ], "enabled": false },
						"south": { "texture": "#leaves", "uv": [ 0.0, 0.0, 8.0, 1.0 ], "enabled": false },
						"west": { "texture": "#leaves", "uv": [ 0.0, 0.0, 8.0, 1.0 ], "enabled": false },
						"up": { "texture": "#leaves", "uv": [ 0.0, 0.0, 16.0, 16.0 ], "rotation": 180, "autoUv": false, "windMode": [1,0,0,1] },
						"down": { "texture": "#leaves", "uv": [ 0.0, 0.0, 8.0, 8.0 ], "enabled": false }
					}
				},
				{
					"name": "leaf13",
					"from": [ -4.0, 0.0, -7.5 ], 
					"to": [ 4.0, 0.0, 0.5 ], 
					"shade": false,
					"climateColorMap": "climatePlantTint",
					"seasonColorMap": "seasonalMaple",
					"renderPass": 2,
					"rotationOrigin": [ 0.0, 0.0, 0.5 ],
					"rotationX": 25.0,
					"faces": {
						"north": { "texture": "#leaves", "uv": [ 0.0, 0.0, 8.0, 1.0 ], "enabled": false },
						"east": { "texture": "#leaves", "uv": [ 0.0, 0.0, 8.0, 1.0 ], "enabled": false },
						"south": { "texture": "#leaves", "uv": [ 0.0, 0.0, 8.0, 1.0 ], "enabled": false },
						"west": { "texture": "#leaves", "uv": [ 0.0, 0.0, 8.0, 1.0 ], "enabled": false },
						"up": { "texture": "#leaves", "uv": [ 0.0, 0.0, 16.0, 16.0 ], "autoUv": false, "windMode": [0,1,1,0] },
						"down": { "texture": "#leaves", "uv": [ 0.0, 0.0, 8.0, 8.0 ], "enabled": false }
					}
				}
			]
		}
	]}