{
	"editor": {
		"allAngles": false,
		"entityTextureMode": false
	},
	"textureWidth": 16,
	"textureHeight": 16,
	"textureSizes": {
	},
	"textures": {
		"duckweed": "block/duckweed/duckweed"
	},
	"elements": [
		{
			"name": "Cube1",
			"from": [ 0.0, -1.5, 0.0 ], 
			"to": [ 16.0, -1.5, 16.0 ],
			"rotationOrigin": [ 0.0, -1.5, 0.0 ],
			"faces": {
				"north": { "texture": "#null", "uv": [ 0.0, 0.0, 16.0, 0.5 ], "enabled": false },
				"east": { "texture": "#null", "uv": [ 0.0, 0.0, 16.0, 0.5 ], "enabled": false },
				"south": { "texture": "#duckweed", "uv": [ 0.0, 0.0, 16.0, 0.5 ], "enabled": false, "windMode": [6,6,6,6] },
				"west": { "texture": "#null", "uv": [ 0.5, 0.0, 16.5, 0.5 ], "enabled": false },
				"up": { "texture": "#duckweed", "uv": [ 0.0, 0.0, 16.0, 16.0 ] },
				"down": { "texture": "#null", "uv": [ 0.0, 0.0, 16.0, 16.0 ], "enabled": false }
			}
		}
	]}