{
	"editor": {
		"allAngles": true,
		"entityTextureMode": false
	},
	"textureWidth": 8,
	"textureHeight": 8,
	"textureSizes": {
	},
	"textures": {
		"huckleberry": "wildcraft:items/fruit/huckleberry",
		"huckleberry2": "wildcraft:items/fruit/huckleberry"
	},
	"elements": [
		{
			"name": "origin",
			"from": [ 8.0, 0.0, 8.0 ], 
			"to": [ 8.0, 0.0, 8.0 ], 
			"rotationOrigin": [ 8.0, 0.0, 8.0 ],
			"faces": {
				"north": { "texture": "#huckleberry2", "uv": [ 0.0, 0.0, 0.5, 0.5 ], "enabled": false },
				"east": { "texture": "#huckleberry", "uv": [ 0.0, 0.0, 0.5, 0.5 ], "enabled": false },
				"south": { "texture": "#huckleberry", "uv": [ 0.0, 0.0, 0.5, 0.5 ], "enabled": false },
				"west": { "texture": "#huckleberry", "uv": [ 0.0, 0.0, 0.5, 0.5 ], "enabled": false },
				"up": { "texture": "#huckleberry", "uv": [ 0.0, 0.0, 0.5, 0.5 ], "enabled": false },
				"down": { "texture": "#huckleberry", "uv": [ 0.0, 0.0, 0.5, 0.5 ], "enabled": false }
			},
			"children": [
				{
					"name": "stem1",
					"from": [ -0.2, 3.0, -0.2 ], 
					"to": [ 0.2, 7.0, 0.2 ], 
					"rotationOrigin": [ 0.0, 3.0, 0.0 ],
					"faces": {
						"north": { "texture": "#huckleberry2", "uv": [ 1.0, 7.0, 5.0, 7.5 ], "rotation": 90 },
						"east": { "texture": "#huckleberry2", "uv": [ 1.5, 7.0, 5.5, 7.25 ], "rotation": 90, "autoUv": false },
						"south": { "texture": "#huckleberry2", "uv": [ 1.5, 7.0, 5.5, 7.25 ], "rotation": 90 },
						"west": { "texture": "#huckleberry2", "uv": [ 1.5, 6.0, 5.5, 6.25 ], "rotation": 90 },
						"up": { "texture": "#huckleberry2", "uv": [ 4.0, 6.5, 4.25, 6.75 ] },
						"down": { "texture": "#huckleberry2", "uv": [ 2.5, 6.0, 2.75, 6.25 ] }
					},
					"children": [
						{
							"name": "sprite1",
							"from": [ -2.7, -3.0, 0.3 ], 
							"to": [ 3.3, 1.0, 0.3 ], 
							"rotationOrigin": [ 0.3, 0.0, 0.3 ],
							"rotationY": 90.0,
							"faces": {
								"north": { "texture": "#huckleberry2", "uv": [ 4.5, 1.0, 8.0, 6.0 ], "autoUv": false, "windMode": [-1,-1,-1,-1] },
								"east": { "texture": "#huckleberry2", "uv": [ 0.0, 0.0, 0.5, 4.0 ], "enabled": false },
								"south": { "texture": "#huckleberry2", "uv": [ 0.5, 2.0, 6.5, 6.0 ], "enabled": false },
								"west": { "texture": "#huckleberry2", "uv": [ 0.0, 0.0, 0.5, 4.0 ], "enabled": false },
								"up": { "texture": "#huckleberry2", "uv": [ 0.0, 0.0, 6.0, 0.5 ], "enabled": false },
								"down": { "texture": "#huckleberry2", "uv": [ 0.0, 0.0, 6.0, 0.5 ], "enabled": false }
							}
						},
						{
							"name": "sprite2",
							"from": [ -2.7, -3.0, 0.3 ], 
							"to": [ 3.3, 1.0, 0.3 ], 
							"rotationOrigin": [ 0.3, 0.0, 0.3 ],
							"faces": {
								"north": { "texture": "#huckleberry2", "uv": [ 4.5, 1.0, 8.0, 6.0 ], "autoUv": false },
								"east": { "texture": "#huckleberry2", "uv": [ 0.0, 0.0, 0.5, 4.0 ], "enabled": false },
								"south": { "texture": "#huckleberry2", "uv": [ 0.5, 2.0, 6.5, 6.0 ], "enabled": false },
								"west": { "texture": "#huckleberry2", "uv": [ 0.0, 0.0, 0.5, 4.0 ], "enabled": false },
								"up": { "texture": "#huckleberry2", "uv": [ 0.0, 0.0, 6.0, 0.5 ], "enabled": false },
								"down": { "texture": "#huckleberry2", "uv": [ 0.0, 0.0, 6.0, 0.5 ], "enabled": false }
							}
						},
						{
							"name": "berry1",
							"from": [ 0.0, -1.0, -1.0 ], 
							"to": [ 0.6, -0.4, -0.4 ], 
							"rotationOrigin": [ 0.3, -0.7, -0.7 ],
							"rotationY": -36.0,
							"faces": {
								"north": { "texture": "#huckleberry2", "uv": [ 0.5, 1.5, 1.0, 2.0 ] },
								"east": { "texture": "#huckleberry2", "uv": [ 1.0, 0.5, 1.5, 1.0 ] },
								"south": { "texture": "#huckleberry2", "uv": [ 0.0, 0.0, 0.5, 0.5 ] },
								"west": { "texture": "#huckleberry2", "uv": [ 1.5, 0.5, 2.0, 1.0 ] },
								"up": { "texture": "#huckleberry2", "uv": [ 1.5, 1.0, 2.0, 1.5 ] },
								"down": { "texture": "#huckleberry2", "uv": [ 0.5, 0.0, 1.0, 0.5 ] }
							}
						},
						{
							"name": "berry2",
							"from": [ 0.0, -2.3, -2.0 ], 
							"to": [ 0.6, -1.7, -1.4 ], 
							"rotationOrigin": [ 0.3, -2.0, -1.7 ],
							"faces": {
								"north": { "texture": "#huckleberry2", "uv": [ 0.5, 1.5, 1.0, 2.0 ] },
								"east": { "texture": "#huckleberry2", "uv": [ 1.0, 0.5, 1.5, 1.0 ] },
								"south": { "texture": "#huckleberry2", "uv": [ 0.0, 0.0, 0.5, 0.5 ] },
								"west": { "texture": "#huckleberry2", "uv": [ 1.5, 0.5, 2.0, 1.0 ] },
								"up": { "texture": "#huckleberry2", "uv": [ 1.5, 1.0, 2.0, 1.5 ] },
								"down": { "texture": "#huckleberry2", "uv": [ 0.5, 0.0, 1.0, 0.5 ] }
							}
						},
						{
							"name": "sprite4",
							"from": [ -2.7, -3.0, 0.3 ], 
							"to": [ 3.3, 1.0, 0.3 ], 
							"rotationOrigin": [ 0.3, 0.0, 0.3 ],
							"rotationY": 45.0,
							"faces": {
								"north": { "texture": "#huckleberry2", "uv": [ 4.5, 1.5, 8.0, 6.0 ], "autoUv": false },
								"east": { "texture": "#huckleberry2", "uv": [ 0.0, 0.0, 0.5, 4.0 ], "enabled": false },
								"south": { "texture": "#huckleberry2", "uv": [ 0.5, 2.0, 6.5, 6.0 ], "enabled": false },
								"west": { "texture": "#huckleberry2", "uv": [ 0.0, 0.0, 0.5, 4.0 ], "enabled": false },
								"up": { "texture": "#huckleberry2", "uv": [ 0.0, 0.0, 6.0, 0.5 ], "enabled": false },
								"down": { "texture": "#huckleberry2", "uv": [ 0.0, 0.0, 6.0, 0.5 ], "enabled": false }
							}
						},
						{
							"name": "sprite3",
							"from": [ -2.7, -3.0, 0.3 ], 
							"to": [ 3.3, 1.0, 0.3 ], 
							"rotationOrigin": [ 0.3, 0.0, 0.3 ],
							"rotationY": -45.0,
							"faces": {
								"north": { "texture": "#huckleberry2", "uv": [ 4.5, 1.0, 8.0, 6.0 ], "autoUv": false },
								"east": { "texture": "#huckleberry2", "uv": [ 0.0, 0.0, 0.5, 4.0 ], "enabled": false },
								"south": { "texture": "#huckleberry2", "uv": [ 0.5, 2.0, 6.5, 6.0 ], "enabled": false },
								"west": { "texture": "#huckleberry2", "uv": [ 0.0, 0.0, 0.5, 4.0 ], "enabled": false },
								"up": { "texture": "#huckleberry2", "uv": [ 0.0, 0.0, 6.0, 0.5 ], "enabled": false },
								"down": { "texture": "#huckleberry2", "uv": [ 0.0, 0.0, 6.0, 0.5 ], "enabled": false }
							}
						},
						{
							"name": "berry3",
							"from": [ 1.5, -1.3, -1.5 ], 
							"to": [ 2.1, -0.7, -0.9 ], 
							"rotationOrigin": [ 1.8, -1.0, -1.2 ],
							"rotationY": 36.0,
							"rotationZ": 36.0,
							"faces": {
								"north": { "texture": "#huckleberry2", "uv": [ 0.5, 1.5, 1.0, 2.0 ] },
								"east": { "texture": "#huckleberry2", "uv": [ 1.0, 0.5, 1.5, 1.0 ] },
								"south": { "texture": "#huckleberry2", "uv": [ 0.0, 0.0, 0.5, 0.5 ] },
								"west": { "texture": "#huckleberry2", "uv": [ 1.5, 0.5, 2.0, 1.0 ] },
								"up": { "texture": "#huckleberry2", "uv": [ 1.5, 1.0, 2.0, 1.5 ] },
								"down": { "texture": "#huckleberry2", "uv": [ 0.5, 0.0, 1.0, 0.5 ] }
							}
						},
						{
							"name": "berry4",
							"from": [ -0.5, -1.3, 0.5 ], 
							"to": [ 0.1, -0.7, 1.1 ], 
							"rotationOrigin": [ -0.2, -1.0, 0.8 ],
							"rotationY": 36.0,
							"rotationZ": 36.0,
							"faces": {
								"north": { "texture": "#huckleberry2", "uv": [ 0.5, 1.5, 1.0, 2.0 ] },
								"east": { "texture": "#huckleberry2", "uv": [ 1.0, 0.5, 1.5, 1.0 ] },
								"south": { "texture": "#huckleberry2", "uv": [ 0.0, 0.0, 0.5, 0.5 ] },
								"west": { "texture": "#huckleberry2", "uv": [ 1.5, 0.5, 2.0, 1.0 ] },
								"up": { "texture": "#huckleberry2", "uv": [ 1.5, 1.0, 2.0, 1.5 ] },
								"down": { "texture": "#huckleberry2", "uv": [ 0.5, 0.0, 1.0, 0.5 ] }
							}
						},
						{
							"name": "berry5",
							"from": [ -1.5, -0.3, 0.0 ], 
							"to": [ -0.9, 0.3, 0.6 ], 
							"rotationOrigin": [ -1.2, 0.0, 0.3 ],
							"rotationX": -36.0,
							"rotationZ": 15.0,
							"faces": {
								"north": { "texture": "#huckleberry2", "uv": [ 0.5, 1.5, 1.0, 2.0 ] },
								"east": { "texture": "#huckleberry2", "uv": [ 1.0, 0.5, 1.5, 1.0 ] },
								"south": { "texture": "#huckleberry2", "uv": [ 0.0, 0.0, 0.5, 0.5 ] },
								"west": { "texture": "#huckleberry2", "uv": [ 1.5, 0.5, 2.0, 1.0 ] },
								"up": { "texture": "#huckleberry2", "uv": [ 1.5, 1.0, 2.0, 1.5 ] },
								"down": { "texture": "#huckleberry2", "uv": [ 0.5, 0.0, 1.0, 0.5 ] }
							}
						},
						{
							"name": "berry6",
							"from": [ -1.9, -1.3, 0.1 ], 
							"to": [ -1.3, -0.7, 0.7 ], 
							"rotationOrigin": [ -1.6, -1.0, 0.4 ],
							"rotationX": -36.0,
							"rotationZ": 15.0,
							"faces": {
								"north": { "texture": "#huckleberry2", "uv": [ 0.5, 1.5, 1.0, 2.0 ] },
								"east": { "texture": "#huckleberry2", "uv": [ 1.0, 0.5, 1.5, 1.0 ] },
								"south": { "texture": "#huckleberry2", "uv": [ 0.0, 0.0, 0.5, 0.5 ] },
								"west": { "texture": "#huckleberry2", "uv": [ 1.5, 0.5, 2.0, 1.0 ] },
								"up": { "texture": "#huckleberry2", "uv": [ 1.5, 1.0, 2.0, 1.5 ] },
								"down": { "texture": "#huckleberry2", "uv": [ 0.5, 0.0, 1.0, 0.5 ] }
							}
						},
						{
							"name": "berry7",
							"from": [ 1.5, -1.8, 0.0 ], 
							"to": [ 2.1, -1.2, 0.6 ], 
							"rotationOrigin": [ 1.8, -1.5, 0.3 ],
							"rotationX": -36.0,
							"rotationY": 36.0,
							"rotationZ": 15.0,
							"faces": {
								"north": { "texture": "#huckleberry2", "uv": [ 0.5, 1.5, 1.0, 2.0 ] },
								"east": { "texture": "#huckleberry2", "uv": [ 1.0, 0.5, 1.5, 1.0 ] },
								"south": { "texture": "#huckleberry2", "uv": [ 0.0, 0.0, 0.5, 0.5 ] },
								"west": { "texture": "#huckleberry2", "uv": [ 1.5, 0.5, 2.0, 1.0 ] },
								"up": { "texture": "#huckleberry2", "uv": [ 1.5, 1.0, 2.0, 1.5 ] },
								"down": { "texture": "#huckleberry2", "uv": [ 0.5, 0.0, 1.0, 0.5 ] }
							}
						},
						{
							"name": "berry8",
							"from": [ 2.0, -0.8, 0.0 ], 
							"to": [ 2.6, -0.2, 0.6 ], 
							"rotationOrigin": [ 2.3, -0.5, 0.3 ],
							"rotationX": 5.0,
							"rotationZ": 15.0,
							"faces": {
								"north": { "texture": "#huckleberry2", "uv": [ 0.5, 1.5, 1.0, 2.0 ] },
								"east": { "texture": "#huckleberry2", "uv": [ 1.0, 0.5, 1.5, 1.0 ] },
								"south": { "texture": "#huckleberry2", "uv": [ 0.0, 0.0, 0.5, 0.5 ] },
								"west": { "texture": "#huckleberry2", "uv": [ 1.5, 0.5, 2.0, 1.0 ] },
								"up": { "texture": "#huckleberry2", "uv": [ 1.5, 1.0, 2.0, 1.5 ] },
								"down": { "texture": "#huckleberry2", "uv": [ 0.5, 0.0, 1.0, 0.5 ] }
							}
						},
						{
							"name": "berry9",
							"from": [ 1.5, -0.8, 1.5 ], 
							"to": [ 2.1, -0.2, 2.1 ], 
							"rotationOrigin": [ 1.8, -0.5, 1.8 ],
							"rotationX": 5.0,
							"rotationY": 50.0,
							"rotationZ": 15.0,
							"faces": {
								"north": { "texture": "#huckleberry2", "uv": [ 0.5, 1.5, 1.0, 2.0 ] },
								"east": { "texture": "#huckleberry2", "uv": [ 1.0, 0.5, 1.5, 1.0 ] },
								"south": { "texture": "#huckleberry2", "uv": [ 0.0, 0.0, 0.5, 0.5 ] },
								"west": { "texture": "#huckleberry2", "uv": [ 1.5, 0.5, 2.0, 1.0 ] },
								"up": { "texture": "#huckleberry2", "uv": [ 1.5, 1.0, 2.0, 1.5 ] },
								"down": { "texture": "#huckleberry2", "uv": [ 0.5, 0.0, 1.0, 0.5 ] }
							}
						},
						{
							"name": "berry10",
							"from": [ -0.3, -1.1, 0.0 ], 
							"to": [ 0.3, -0.5, 0.6 ], 
							"rotationOrigin": [ 0.0, -0.8, 0.3 ],
							"rotationX": 5.0,
							"rotationY": 50.0,
							"rotationZ": 15.0,
							"faces": {
								"north": { "texture": "#huckleberry2", "uv": [ 0.5, 1.5, 1.0, 2.0 ] },
								"east": { "texture": "#huckleberry2", "uv": [ 1.0, 0.5, 1.5, 1.0 ] },
								"south": { "texture": "#huckleberry2", "uv": [ 0.0, 0.0, 0.5, 0.5 ] },
								"west": { "texture": "#huckleberry2", "uv": [ 1.5, 0.5, 2.0, 1.0 ] },
								"up": { "texture": "#huckleberry2", "uv": [ 1.5, 1.0, 2.0, 1.5 ] },
								"down": { "texture": "#huckleberry2", "uv": [ 0.5, 0.0, 1.0, 0.5 ] }
							}
						},
						{
							"name": "berry11",
							"from": [ -0.3, -3.1, 0.0 ], 
							"to": [ 0.3, -2.5, 0.6 ], 
							"rotationOrigin": [ 0.0, -2.8, 0.3 ],
							"rotationX": 5.0,
							"rotationY": 14.0,
							"rotationZ": 15.0,
							"faces": {
								"north": { "texture": "#huckleberry2", "uv": [ 0.5, 1.5, 1.0, 2.0 ] },
								"east": { "texture": "#huckleberry2", "uv": [ 1.0, 0.5, 1.5, 1.0 ] },
								"south": { "texture": "#huckleberry2", "uv": [ 0.0, 0.0, 0.5, 0.5 ] },
								"west": { "texture": "#huckleberry2", "uv": [ 1.5, 0.5, 2.0, 1.0 ] },
								"up": { "texture": "#huckleberry2", "uv": [ 1.5, 1.0, 2.0, 1.5 ] },
								"down": { "texture": "#huckleberry2", "uv": [ 0.5, 0.0, 1.0, 0.5 ] }
							}
						},
						{
							"name": "berry12",
							"from": [ -1.3, -1.8, 0.0 ], 
							"to": [ -0.7, -1.2, 0.6 ], 
							"rotationOrigin": [ -1.0, -1.5, 0.3 ],
							"rotationX": 41.0,
							"rotationY": 14.0,
							"rotationZ": 15.0,
							"faces": {
								"north": { "texture": "#huckleberry2", "uv": [ 0.5, 1.5, 1.0, 2.0 ] },
								"east": { "texture": "#huckleberry2", "uv": [ 1.0, 0.5, 1.5, 1.0 ] },
								"south": { "texture": "#huckleberry2", "uv": [ 0.0, 0.0, 0.5, 0.5 ] },
								"west": { "texture": "#huckleberry2", "uv": [ 1.5, 0.5, 2.0, 1.0 ] },
								"up": { "texture": "#huckleberry2", "uv": [ 1.5, 1.0, 2.0, 1.5 ] },
								"down": { "texture": "#huckleberry2", "uv": [ 0.5, 0.0, 1.0, 0.5 ] }
							}
						},
						{
							"name": "berry13",
							"from": [ -0.3, -0.8, -2.6 ], 
							"to": [ 0.3, -0.2, -2.0 ], 
							"rotationOrigin": [ 0.0, -0.5, -2.3 ],
							"rotationX": 41.0,
							"rotationY": 14.0,
							"rotationZ": 15.0,
							"faces": {
								"north": { "texture": "#huckleberry2", "uv": [ 0.5, 1.5, 1.0, 2.0 ] },
								"east": { "texture": "#huckleberry2", "uv": [ 1.0, 0.5, 1.5, 1.0 ] },
								"south": { "texture": "#huckleberry2", "uv": [ 0.0, 0.0, 0.5, 0.5 ] },
								"west": { "texture": "#huckleberry2", "uv": [ 1.5, 0.5, 2.0, 1.0 ] },
								"up": { "texture": "#huckleberry2", "uv": [ 1.5, 1.0, 2.0, 1.5 ] },
								"down": { "texture": "#huckleberry2", "uv": [ 0.5, 0.0, 1.0, 0.5 ] }
							}
						},
						{
							"name": "berry14",
							"from": [ -1.3, -1.4, -1.6 ], 
							"to": [ -0.7, -0.8, -1.0 ], 
							"rotationOrigin": [ -1.0, -1.1, -1.3 ],
							"rotationX": 77.0,
							"rotationY": -22.0,
							"rotationZ": 15.0,
							"faces": {
								"north": { "texture": "#huckleberry2", "uv": [ 0.5, 1.5, 1.0, 2.0 ] },
								"east": { "texture": "#huckleberry2", "uv": [ 1.0, 0.5, 1.5, 1.0 ] },
								"south": { "texture": "#huckleberry2", "uv": [ 0.0, 0.0, 0.5, 0.5 ] },
								"west": { "texture": "#huckleberry2", "uv": [ 1.5, 0.5, 2.0, 1.0 ] },
								"up": { "texture": "#huckleberry2", "uv": [ 1.5, 1.0, 2.0, 1.5 ] },
								"down": { "texture": "#huckleberry2", "uv": [ 0.5, 0.0, 1.0, 0.5 ] }
							}
						},
						{
							"name": "berry15",
							"from": [ -0.9, -0.3, -1.3 ], 
							"to": [ -0.3, 0.3, -0.7 ], 
							"rotationOrigin": [ -0.6, 0.0, -1.0 ],
							"rotationX": 77.0,
							"rotationY": -22.0,
							"rotationZ": 15.0,
							"faces": {
								"north": { "texture": "#huckleberry2", "uv": [ 0.5, 1.5, 1.0, 2.0 ] },
								"east": { "texture": "#huckleberry2", "uv": [ 1.0, 0.5, 1.5, 1.0 ] },
								"south": { "texture": "#huckleberry2", "uv": [ 0.0, 0.0, 0.5, 0.5 ] },
								"west": { "texture": "#huckleberry2", "uv": [ 1.5, 0.5, 2.0, 1.0 ] },
								"up": { "texture": "#huckleberry2", "uv": [ 1.5, 1.0, 2.0, 1.5 ] },
								"down": { "texture": "#huckleberry2", "uv": [ 0.5, 0.0, 1.0, 0.5 ] }
							}
						},
						{
							"name": "berry16",
							"from": [ -0.9, -2.1, 1.0 ], 
							"to": [ -0.3, -1.5, 1.6 ], 
							"rotationOrigin": [ -0.6, -1.8, 1.3 ],
							"rotationX": 14.0,
							"rotationY": -22.0,
							"rotationZ": 15.0,
							"faces": {
								"north": { "texture": "#huckleberry2", "uv": [ 0.5, 1.5, 1.0, 2.0 ] },
								"east": { "texture": "#huckleberry2", "uv": [ 1.0, 0.5, 1.5, 1.0 ] },
								"south": { "texture": "#huckleberry2", "uv": [ 0.0, 0.0, 0.5, 0.5 ] },
								"west": { "texture": "#huckleberry2", "uv": [ 1.5, 0.5, 2.0, 1.0 ] },
								"up": { "texture": "#huckleberry2", "uv": [ 1.5, 1.0, 2.0, 1.5 ] },
								"down": { "texture": "#huckleberry2", "uv": [ 0.5, 0.0, 1.0, 0.5 ] }
							}
						},
						{
							"name": "berry17",
							"from": [ -1.2, -0.3, 1.4 ], 
							"to": [ -0.6, 0.3, 2.0 ], 
							"rotationOrigin": [ -0.9, 0.0, 1.7 ],
							"rotationX": 14.0,
							"rotationY": -22.0,
							"rotationZ": 15.0,
							"faces": {
								"north": { "texture": "#huckleberry2", "uv": [ 0.5, 1.5, 1.0, 2.0 ] },
								"east": { "texture": "#huckleberry2", "uv": [ 1.0, 0.5, 1.5, 1.0 ] },
								"south": { "texture": "#huckleberry2", "uv": [ 0.0, 0.0, 0.5, 0.5 ] },
								"west": { "texture": "#huckleberry2", "uv": [ 1.5, 0.5, 2.0, 1.0 ] },
								"up": { "texture": "#huckleberry2", "uv": [ 1.5, 1.0, 2.0, 1.5 ] },
								"down": { "texture": "#huckleberry2", "uv": [ 0.5, 0.0, 1.0, 0.5 ] }
							}
						},
						{
							"name": "berry18",
							"from": [ -0.9, -1.6, 0.4 ], 
							"to": [ -0.3, -1.0, 1.0 ], 
							"rotationOrigin": [ -0.6, -1.3, 0.7 ],
							"rotationX": 2.0,
							"rotationY": -22.0,
							"rotationZ": 4.0,
							"faces": {
								"north": { "texture": "#huckleberry2", "uv": [ 0.5, 1.5, 1.0, 2.0 ] },
								"east": { "texture": "#huckleberry2", "uv": [ 1.0, 0.5, 1.5, 1.0 ] },
								"south": { "texture": "#huckleberry2", "uv": [ 0.0, 0.0, 0.5, 0.5 ] },
								"west": { "texture": "#huckleberry2", "uv": [ 1.5, 0.5, 2.0, 1.0 ] },
								"up": { "texture": "#huckleberry2", "uv": [ 1.5, 1.0, 2.0, 1.5 ] },
								"down": { "texture": "#huckleberry2", "uv": [ 0.5, 0.0, 1.0, 0.5 ] }
							}
						},
						{
							"name": "berry19",
							"from": [ 0.0, -2.3, 1.5 ], 
							"to": [ 0.6, -1.7, 2.1 ], 
							"rotationOrigin": [ 0.3, -2.0, 1.8 ],
							"rotationY": -36.0,
							"faces": {
								"north": { "texture": "#huckleberry2", "uv": [ 0.5, 1.5, 1.0, 2.0 ] },
								"east": { "texture": "#huckleberry2", "uv": [ 1.0, 0.5, 1.5, 1.0 ] },
								"south": { "texture": "#huckleberry2", "uv": [ 0.0, 0.0, 0.5, 0.5 ] },
								"west": { "texture": "#huckleberry2", "uv": [ 1.5, 0.5, 2.0, 1.0 ] },
								"up": { "texture": "#huckleberry2", "uv": [ 1.5, 1.0, 2.0, 1.5 ] },
								"down": { "texture": "#huckleberry2", "uv": [ 0.5, 0.0, 1.0, 0.5 ] }
							}
						},
						{
							"name": "berry20",
							"from": [ 0.0, -1.8, 1.0 ], 
							"to": [ 0.6, -1.2, 1.6 ], 
							"rotationOrigin": [ 0.3, -1.5, 1.3 ],
							"rotationX": 36.0,
							"rotationY": -36.0,
							"faces": {
								"north": { "texture": "#huckleberry2", "uv": [ 0.5, 1.5, 1.0, 2.0 ] },
								"east": { "texture": "#huckleberry2", "uv": [ 1.0, 0.5, 1.5, 1.0 ] },
								"south": { "texture": "#huckleberry2", "uv": [ 0.0, 0.0, 0.5, 0.5 ] },
								"west": { "texture": "#huckleberry2", "uv": [ 1.5, 0.5, 2.0, 1.0 ] },
								"up": { "texture": "#huckleberry2", "uv": [ 1.5, 1.0, 2.0, 1.5 ] },
								"down": { "texture": "#huckleberry2", "uv": [ 0.5, 0.0, 1.0, 0.5 ] }
							}
						},
						{
							"name": "berry21",
							"from": [ 0.0, -0.3, 1.0 ], 
							"to": [ 0.6, 0.3, 1.6 ], 
							"rotationOrigin": [ 0.3, 0.0, 1.3 ],
							"rotationY": -36.0,
							"rotationZ": 20.0,
							"faces": {
								"north": { "texture": "#huckleberry2", "uv": [ 0.5, 1.5, 1.0, 2.0 ] },
								"east": { "texture": "#huckleberry2", "uv": [ 1.0, 0.5, 1.5, 1.0 ] },
								"south": { "texture": "#huckleberry2", "uv": [ 0.0, 0.0, 0.5, 0.5 ] },
								"west": { "texture": "#huckleberry2", "uv": [ 1.5, 0.5, 2.0, 1.0 ] },
								"up": { "texture": "#huckleberry2", "uv": [ 1.5, 1.0, 2.0, 1.5 ] },
								"down": { "texture": "#huckleberry2", "uv": [ 0.5, 0.0, 1.0, 0.5 ] }
							}
						},
						{
							"name": "berry22",
							"from": [ 0.7, -1.3, 0.7 ], 
							"to": [ 1.3, -0.7, 1.3 ], 
							"rotationOrigin": [ 1.0, -1.0, 1.0 ],
							"rotationY": -36.0,
							"rotationZ": 20.0,
							"faces": {
								"north": { "texture": "#huckleberry2", "uv": [ 0.5, 1.5, 1.0, 2.0 ] },
								"east": { "texture": "#huckleberry2", "uv": [ 1.0, 0.5, 1.5, 1.0 ] },
								"south": { "texture": "#huckleberry2", "uv": [ 0.0, 0.0, 0.5, 0.5 ] },
								"west": { "texture": "#huckleberry2", "uv": [ 1.5, 0.5, 2.0, 1.0 ] },
								"up": { "texture": "#huckleberry2", "uv": [ 1.5, 1.0, 2.0, 1.5 ] },
								"down": { "texture": "#huckleberry2", "uv": [ 0.5, 0.0, 1.0, 0.5 ] }
							}
						},
						{
							"name": "berry24",
							"from": [ 1.0, -2.3, 1.0 ], 
							"to": [ 1.6, -1.7, 1.6 ], 
							"rotationOrigin": [ 1.3, -2.0, 1.3 ],
							"rotationY": -36.0,
							"rotationZ": 20.0,
							"faces": {
								"north": { "texture": "#huckleberry2", "uv": [ 0.5, 1.5, 1.0, 2.0 ] },
								"east": { "texture": "#huckleberry2", "uv": [ 1.0, 0.5, 1.5, 1.0 ] },
								"south": { "texture": "#huckleberry2", "uv": [ 0.0, 0.0, 0.5, 0.5 ] },
								"west": { "texture": "#huckleberry2", "uv": [ 1.5, 0.5, 2.0, 1.0 ] },
								"up": { "texture": "#huckleberry2", "uv": [ 1.5, 1.0, 2.0, 1.5 ] },
								"down": { "texture": "#huckleberry2", "uv": [ 0.5, 0.0, 1.0, 0.5 ] }
							}
						},
						{
							"name": "leaf",
							"from": [ -0.5, 1.0, 0.2 ], 
							"to": [ 1.0, 1.0, 2.2 ], 
							"rotationOrigin": [ 0.2, 1.0, 0.2 ],
							"rotationX": 36.0,
							"rotationY": -36.0,
							"faces": {
								"north": { "texture": "#huckleberry2", "uv": [ 0.0, 0.0, 1.5, 0.5 ], "enabled": false },
								"east": { "texture": "#huckleberry2", "uv": [ 0.0, 0.0, 2.0, 0.5 ], "enabled": false },
								"south": { "texture": "#huckleberry2", "uv": [ 0.0, 0.0, 1.5, 0.5 ], "enabled": false },
								"west": { "texture": "#huckleberry2", "uv": [ 0.0, 0.0, 2.0, 0.5 ], "enabled": false },
								"up": { "texture": "#huckleberry2", "uv": [ 4.5, 1.0, 8.0, 6.0 ], "autoUv": false },
								"down": { "texture": "#huckleberry2", "uv": [ 0.0, 0.0, 1.5, 2.0 ], "enabled": false }
							}
						},
						{
							"name": "leaf2",
							"from": [ -0.5, -2.0, 0.2 ], 
							"to": [ 1.0, -2.0, 2.2 ], 
							"rotationOrigin": [ 0.2, -2.0, 0.2 ],
							"rotationX": 36.0,
							"faces": {
								"north": { "texture": "#huckleberry2", "uv": [ 0.0, 0.0, 1.5, 0.5 ], "enabled": false },
								"east": { "texture": "#huckleberry2", "uv": [ 0.0, 0.0, 2.0, 0.5 ], "enabled": false },
								"south": { "texture": "#huckleberry2", "uv": [ 0.0, 0.0, 1.5, 0.5 ], "enabled": false },
								"west": { "texture": "#huckleberry2", "uv": [ 0.0, 0.0, 2.0, 0.5 ], "enabled": false },
								"up": { "texture": "#huckleberry2", "uv": [ 4.5, 1.0, 8.0, 6.0 ], "autoUv": false },
								"down": { "texture": "#huckleberry2", "uv": [ 0.0, 0.0, 1.5, 2.0 ], "enabled": false }
							}
						},
						{
							"name": "leaf3",
							"from": [ -0.5, -0.5, -1.8 ], 
							"to": [ 1.0, -0.5, 0.2 ], 
							"rotationOrigin": [ 0.2, -0.5, 0.2 ],
							"rotationX": -36.0,
							"rotationY": -36.0,
							"rotationZ": 36.0,
							"faces": {
								"north": { "texture": "#huckleberry2", "uv": [ 0.0, 0.0, 1.5, 0.5 ], "enabled": false },
								"east": { "texture": "#huckleberry2", "uv": [ 0.0, 0.0, 2.0, 0.5 ], "enabled": false },
								"south": { "texture": "#huckleberry2", "uv": [ 0.0, 0.0, 1.5, 0.5 ], "enabled": false },
								"west": { "texture": "#huckleberry2", "uv": [ 0.0, 0.0, 2.0, 0.5 ], "enabled": false },
								"up": { "texture": "#huckleberry2", "uv": [ 4.5, 1.5, 8.0, 6.0 ], "rotation": 180, "autoUv": false },
								"down": { "texture": "#huckleberry2", "uv": [ 0.0, 0.0, 1.5, 2.0 ], "enabled": false }
							}
						}
					]
				}
			]
		}
	]}