{
	"code": "roots",
	"maxstacksize": 64,
	"attributes": {
		"inContainerTexture": {
			"base": "wildcraft:block/food/pie/fill-{type}"
		  },
		"inPiePropertiesByType": {
			"*-waterchestnut": {
			"texture": "wildcraft:block/food/pie/fill-{type}",
			"partType": "Filling"
		  },
		  "@*-(bearleek|marshmallow|burdock|chicory|liquorice|celery)": {
			"texture": "wildcraft:block/food/pie/fill-root",
			"partType": "Filling"
		  }
		}
	},
	"variantgroups": [
		{ "code": "type", "states": ["bearleek", "marshmallow", "burdock", "chicory", "liquorice", "waterchestnut", "peeledwaterchestnut", "celery"] }
	],
	"shapebytype": {
        "*-bearleek": { "base": "wildcraft:block/food/bearleek" },
		"*-waterchestnut": { "base": "wildcraft:block/food/waterchestnut" },
		"*-peeledwaterchestnut": { "base": "wildcraft:block/food/peeledwaterchestnut" },
		"*-liquorice": { "base": "wildcraft:block/food/liquorice" },
		"*-marshmallow": { "base": "wildcraft:block/food/marshmallow_root" },
		"*-burdock": { "base": "wildcraft:block/food/burdock_root" },
		"*-chicory": { "base": "wildcraft:block/food/chicory_root" },
		"*-celery": { "base": "wildcraft:block/food/celery" },
		"*": { "base": "game:item/food/vegetable/cattailsroot-cooked" }
	},
	"texturesbytype": {
        "*-bearleek": { 
            "bearleek_bulb": { "base": "wildcraft:block/food/roots/bearleek_bulb" }
        },
		"*-liquorice": { 
            "liquorice_root": { "base": "wildcraft:block/food/roots/liquorice_root" }
        },
		"*-waterchestnut": { 
            "bearleek_bulb": { "base": "wildcraft:block/food/roots/waterchestnut_bulb" }
        },
		"*-celery": { 
            "celery_root": { "base": "wildcraft:block/food/roots/celery_root" }
        },
		"*": { 			
			"reeds" : { "base": "game:item/resource/reeds" }
		}
	},
	"creativeinventory": { "general": ["*"], "items": ["*"], "wildcraft": [ "*" ] },
	"nutritionPropsByType": {
		"*-bearleek": { "satiety": 80, "foodcategory": "Vegetable" },
		"*-marshmallow": { "satiety": 80, "foodcategory": "Vegetable" },
		"*-burdock": { "satiety": 100, "foodcategory": "Vegetable" },
		"*-chicory": { "satiety": 80, "foodcategory": "Vegetable" },
		"*-liquorice": { "satiety": 80, "foodcategory": "Vegetable" },
		"*-peeledwaterchestnut": { "satiety": 60, "foodcategory": "Vegetable" },
		"*-celery": { "satiety": 100, "foodcategory": "Vegetable" }
	},
	"transitionablePropsByType": {
		"*-waterchestnut": [{
			"type": "Perish",
			"freshHours": { "avg":  2000 },
			"transitionHours": { "avg": 96 },
			"transitionedStack": { "type": "item", "code": "game:rot" },
			"transitionRatio": 0.5
		}],
		"*": [{
			"type": "Perish",
			"freshHours": { "avg":  504 },
			"transitionHours": { "avg": 96 },
			"transitionedStack": { "type": "item", "code": "game:rot" },
			"transitionRatio": 0.5
		}]
	},
	"materialDensity": 600,
	"guiTransformByType": {
		"*-bearleek": {
				translation: { x: 0, y: 0, z: 0 },
				rotation: { x: -37, y: 135, z: -155 },
				origin: { x: 0.5, y: 0.15, z: 0.5 },
				scale: 4.85
		},
		"*-waterchestnut": {
				translation: { x: 0, y: 0, z: 0 },
				rotation: { x: -37, y: 135, z: -155 },
				origin: { x: 0.35, y: 0.23, z: 0.6 },
				scale: 5.7
		},
		"*-peeledwaterchestnut": {
				translation: { x: 0, y: 0, z: 0 },
				rotation: { x: -37, y: 135, z: -155 },
				origin: { x: 0.35, y: 0.23, z: 0.6 },
				scale: 5.7
		},
		"*-liquorice": {
				translation: { x: 0, y: 0, z: 0 },
				rotation: { x: -180, y: 29, z: 21 },
				origin: { x: 0.5, y: 0.3, z: 0.5 },
				scale: 2.47
		},
		"*-chicory": {
			rotation: { x: -3, y: 35, z: -154 },
			origin: { x: 0.5, y: 0.35, z: 0.6 },
			scale: 2.48
		},
		"*-burdock": {
			rotation: { x: -3, y: 35, z: -154 },
			origin: { x: 0.4, y: 0.25, z: 0.5 },
			scale: 2.47
		},
		"*-celery": {
			translation: { x: 0, y: 0, z: 0 },
			rotation: { x: 43, y: 49, z: 109 },
			origin: { x: 0.53, y: 0.16, z: 0.52 },
			scale: 4.8
		},
		"*-marshmallow": {
			rotation: { x: -3, y: 35, z: -154 },
			origin: { x: 0.55, y: 0.3, z: 0.5 },
			scale: 2.24
		},
		"*": {
			"translation": { x: 0, y: 0, z: 0 },
			"rotation": { x: 43, y: 166, z: 98 },
			"origin": { x: 0.53, y: 0.43, z: 0.55 },
			"scale": 2.64
		}
	},
	"fpHandTransformByType": {
		"*-bearleek": {
			translation: { x: 0, y: 0, z: 0 },
			rotation: { x: -38, y: 29, z: 21 },
			origin: { x: 0.5, y: 0.3, z: 0.5 },
			scale: 2
		},
		"*-waterchestnut": {
			translation: { x: 0, y: 0, z: 0 },
			rotation: { x: -38, y: 29, z: 21 },
			origin: { x: 0.5, y: 0.3, z: 0.5 },
			scale: 2
		},
		"*-peeledwaterchestnut": {
			translation: { x: 0, y: 0, z: 0 },
			rotation: { x: -38, y: 29, z: 21 },
			origin: { x: 0.5, y: 0.3, z: 0.5 },
			scale: 2
		},
		"*-liquorice": {
			translation: { x: 0, y: 0, z: 0 },
			rotation: { x: -38, y: 29, z: 21 },
			origin: { x: 0.5, y: 0.3, z: 0.5 },
			scale: 2
		},
		"*-chicory": {
			translation: { x: 0, y: -0.2, z: 0 },
			rotation: { x: -45, y: 104, z: 70 },
			scale: 1.35
		},
		"*-burdock": {
			translation: { x: 0, y: -0.2, z: 0 },
			rotation: { x: -13, y: 113, z: 73 },
			origin: { x: 0.5, y: 0.3, z: 0.3 },
			scale: 1.6
		},
		"*-marshmallow": {
			translation: { x: 0, y: -0.2, z: 0 },
			rotation: { x: -53, y: 112, z: 62 },
			scale: 1.33
		},
		"*-celery": {
			translation: { x: 0.15, y: -0.2, z: 0 },
			rotation: { x: -19, y: -91, z: -35 },
			origin: { x: 0.9, y: -1, z: 0 },
			scale: 2.59
		},
		"*": {
			"translation": { x: 0.15, y: -0.2, z: 0 },
			"rotation": { x: 155, y: -87, z: -30 },
			"scale": 1.2
		}
	},
	"tpHandTransformByType": {
		"*-bearleek": {
			"translation": { x: -0.6, y: -0.18, z: -0.6 },
			"rotation": { x: 0, y: 0, z: -42 },
			"origin": { x: 0.5, y: 0.1, z: 0.5 },
			"scale": 0.8
		},
		"*-waterchestnut": {
			"translation": { x: -0.6, y: -0.18, z: -0.6 },
			"rotation": { x: 0, y: 0, z: -42 },
			"origin": { x: 0.5, y: 0.1, z: 0.5 },
			"scale": 0.8
		},
		"*-peeledwaterchestnut": {
			"translation": { x: -0.6, y: -0.18, z: -0.6 },
			"rotation": { x: 0, y: 0, z: -42 },
			"origin": { x: 0.5, y: 0.1, z: 0.5 },
			"scale": 0.8
		},
		"*-liquorice": {
			"translation": { x: -0.6, y: -0.18, z: -0.6 },
			"rotation": { x: 0, y: 0, z: -42 },
			"origin": { x: 0.5, y: 0.1, z: 0.5 },
			"scale": 0.8
		},
		"*": {
			"translation": { x: -1, y: -1.1, z: -1 },
			"rotation": { x: 180, y: 9, z: 50 },
			"scale": 0.48
		}
	},
	"groundTransformByType": {
		"*-bearleek": {
			"translation": { "x": 0, "y": 0, "z": 0 },
			"rotation": { "x": 0, "y": 0, "z": 83 },
			"origin": { "x": 0.47, "y": 0, "z": 0.5 },
			"scale": 4.3
		},
		"*-waterchestnut": {
			"translation": { "x": 0, "y": 0, "z": 0 },
			"rotation": { "x": 0, "y": 0, "z": 83 },
			"origin": { "x": 0.47, "y": 0, "z": 0.5 },
			"scale": 4.3
		},
		"*-peeledwaterchestnut": {
			"translation": { "x": 0, "y": 0, "z": 0 },
			"rotation": { "x": 0, "y": 0, "z": 83 },
			"origin": { "x": 0.47, "y": 0, "z": 0.5 },
			"scale": 4.3
		},
		"*-liquorice": {
			"translation": { "x": 0, "y": 0, "z": 0 },
			"rotation": { "x": 0, "y": 0, "z": 83 },
			"origin": { "x": 0.47, "y": 0, "z": 0.5 },
			"scale": 4.3
		},
		"*-chicory": {
			"translation": { "x": 0, "y": 0, "z": 0 },
			"rotation": { "x": 90, "y": 0, "z": 0 },
			"origin": { "x": 0.5, "y": 0.5, "z": 0.6 },
			"scale": 2.59
		},
		"*-burdock": {
			"translation": { "x": 0, "y": 0, "z": 0 },
			"rotation": { "x": 90, "y": 0, "z": 0 },
			"origin": { "x": 0.5, "y": 0.5, "z": 0.6 },
			"scale": 2.59
		},
		"*-marshmallow": {
			"translation": { "x": 0, "y": 0, "z": 0 },
			"rotation": { "x": 90, "y": 0, "z": 0 },
			"origin": { "x": 0.5, "y": 0.5, "z": 0.6 },
			"scale": 2.5
		},
		"*-celery": {
			translation: { x: 0, y: 0, z: 0 },
			rotation: { x: 90, y: 0, z: 0 },
			origin: { x: 0.5, y: 0.5, z: 0.58 },
			scale: 4.26
		},
		"*": {
			"scale": 2.5
		}
	}
}