[
    {
      "op": "add",
      "path": "/patches/-",
      "value": {
        "comment": "Patches of raspberry bushes",
        "blockCodes": [
          "wildcraft:pricklyberrybush-raspberry-empty",
          "wildcraft:pricklyberrybush-raspberry-flowering",
          "wildcraft:pricklyberrybush-raspberry-ripe"
        ],
        "minTemp": -4,
        "maxTemp": 28,
        "maxRain": 0.8,
        "maxForest": 0.5,
        "chance": 0.04,
        "quantity": { "dist": "invexp", "avg": 8, "var": 15 }
      },
      "file": "game:worldgen/blockpatches.json"
    },
    {
      "op": "add",
      "path": "/patches/-",
      "value": {
        "comment": "Patches of snowberry bushes",
        "blockCodes": [
          "wildcraft:berrybush-snowberry-empty",
          "wildcraft:berrybush-snowberry-flowering",
          "wildcraft:berrybush-snowberry-ripe"
        ],
        "minTemp": -16,
        "maxTemp": 22,
        "maxRain": 0.55,
        "maxForest": 0.55,
        "chance": 0.02,
        "offsetX": {
          "dist": "gaussian",
          "avg": 0,
          "var": 8
        },
        "offsetZ": {
          "dist": "gaussian",
          "avg": 0,
          "var": 8
        },
        "quantity": {
          "avg": 8,
          "var": 12
        }
      },
      "file": "game:worldgen/blockpatches.json"
    },
    {
      "op": "add",
      "path": "/patches/-",
      "value": {
        "comment": "Patches of elderberry bushes",
        "blockCodes": [
          "wildcraft:shrubberrybush-elderberry-empty",
          "wildcraft:shrubberrybush-elderberry-flowering",
          "wildcraft:shrubberrybush-elderberry-ripe"
        ],
        "minTemp": -16,
        "maxTemp": 24,
        "minRain": 0.5,
        "minForest": 0.25,
        "maxForest": 0.75,
        "chance": 0.02,
        "offsetX": {
          "dist": "gaussian",
          "avg": 0,
          "var": 8
        },
        "offsetZ": {
          "dist": "gaussian",
          "avg": 0,
          "var": 8
        },
        "quantity": {
          "avg": 8,
          "var": 12
        }
      },
      "file": "game:worldgen/blockpatches.json"
    },
    {
      "op": "add",
      "path": "/patches/-",
      "value": {
        "comment": "Patches of husk tomato",
        "blockCodes": [
          "wildcraft:shrubberrybush-husktomato-empty",
          "wildcraft:shrubberrybush-husktomato-flowering",
          "wildcraft:shrubberrybush-husktomato-ripe"
        ],
        "minTemp": 16,
        "maxTemp": 32,
        "minRain": 0.65,
        "minForest": 0.45,
        "chance": 0.02,
        "offsetX": {
          "dist": "gaussian",
          "avg": 0,
          "var": 8
        },
        "offsetZ": {
          "dist": "gaussian",
          "avg": 0,
          "var": 8
        },
        "quantity": {
          "avg": 8,
          "var": 12
        }
      },
      "file": "game:worldgen/blockpatches.json"
    },
    {
      "op": "add",
      "path": "/patches/-",
      "value": {
        "comment": "Patches of strawberry bushes",
        "blockCodes": [
          "wildcraft:groundberryplant-strawberry-empty",
          "wildcraft:groundberryplant-strawberry-flowering",
          "wildcraft:groundberryplant-strawberry-ripe"
        ],
        "minTemp": 18,
        "maxTemp": 40,
        "minRain": 0.5,
        "minForest": 0.35,
        "maxForest": 1,
        "minFertility": 0.3,
        "maxFertility": 1,
        "chance": 0.04,
        "offsetX": {
          "dist": "gaussian",
          "avg": 0,
          "var": 15
        },
        "offsetZ": {
          "dist": "gaussian",
          "avg": 0,
          "var": 15
        },
        "quantity": {
          "avg": 5,
          "var": 12
        }
      },
      "file": "game:worldgen/blockpatches.json"
    },
    {
      "op": "add",
      "path": "/patches/-",
      "value": {
        "comment": "Patches of cloudberry bushes",
        "blockCodes": [
          "wildcraft:groundberryplant-cloudberry-empty",
          "wildcraft:groundberryplant-cloudberry-flowering",
          "wildcraft:groundberryplant-cloudberry-ripe"
        ],
        "minTemp": -4,
        "maxTemp": 16,
        "minRain": 0.35,
        "maxForest": 0.8,
        "minFertility": 0.3,
        "maxFertility": 1,
        "chance": 0.02,
        "placement": "NearWater",
        "offsetX": {
          "dist": "gaussian",
          "avg": 0,
          "var": 15
        },
        "offsetZ": {
          "dist": "gaussian",
          "avg": 0,
          "var": 15
        },
        "quantity": {
          "avg": 5,
          "var": 12
        }
      },
      "file": "game:worldgen/blockpatches.json"
    },
    {
      "op": "add",
      "path": "/patches/-",
      "value": {
        "comment": "Patches of honeysuckle bushes",
        "blockCodes": [
          "wildcraft:berrybush-honeysuckle-empty",
          "wildcraft:berrybush-honeysuckle-flowering",
          "wildcraft:berrybush-honeysuckle-ripe"
        ],
        "minTemp": 10,
        "maxTemp": 30,
        "minRain": 0.5,
        "maxRain": 1,
        "maxForest": 0.65,
        "minFertility": 0.35,
        "chance": 0.03,
        "offsetX": {
          "dist": "gaussian",
          "avg": 0,
          "var": 15
        },
        "offsetZ": {
          "dist": "gaussian",
          "avg": 0,
          "var": 15
        },
        "quantity": {
          "avg": 8,
          "var": 12
        }
      },
      "file": "game:worldgen/blockpatches.json"
    },
    {
      "op": "add",
      "path": "/patches/-",
      "value": {
        "comment": "Patches of wolfberry bushes",
        "blockCodes": [
          "wildcraft:berrybush-wolfberry-empty",
          "wildcraft:berrybush-wolfberry-flowering",
          "wildcraft:berrybush-wolfberry-ripe"
        ],
        "minTemp": -20,
        "maxTemp": 5,
        "minRain": 0.5,
        "minForest": 0.35,
        "minFertility": 0.35,
        "chance": 0.03,
        "offsetX": {
          "dist": "gaussian",
          "avg": 0,
          "var": 15
        },
        "offsetZ": {
          "dist": "gaussian",
          "avg": 0,
          "var": 15
        },
        "quantity": {
          "avg": 8,
          "var": 12
        }
      },
      "file": "game:worldgen/blockpatches.json"
    },
    {
      "op": "add",
      "path": "/patches/-",
      "value": {
        "comment": "Patches of bramblberry bushes in forest",
        "blockCodes": [
          "wildcraft:pricklyberrybush-brambleberry-empty",
          "wildcraft:pricklyberrybush-brambleberry-flowering",
          "wildcraft:pricklyberrybush-brambleberry-ripe"
        ],
        "minTemp": 2,
        "maxTemp": 24,
        "minRain": 0.3,
        "minForest": 0.5,
        "minFertility": 0.25,
        "chance": 0.03,
        "quantity": { "dist": "invexp", "avg": 8, "var": 15 }
      },
      "file": "game:worldgen/blockpatches.json"
    },
    {
      "op": "add",
      "path": "/patches/-",
      "value": {
        "comment": "Patches of dogrose bushes",
        "blockCodes": [
          "wildcraft:pricklyberrybush-dogrose-empty",
          "wildcraft:pricklyberrybush-dogrose-flowering",
          "wildcraft:pricklyberrybush-dogrose-ripe"
        ],
        "minTemp": 22,
        "maxTemp": 42,
        "minRain": 0.3,
        "maxRain": 0.7,
        "minFertility": 0.25,
        "maxFertility": 0.7,
        "chance": 0.05,
        "maxForest": 0.45,
        "maxY": 1.0,
        "quantity": { "dist": "invexp", "avg": 8, "var": 15 }
      },
      "file": "game:worldgen/blockpatches.json"
    },
    {
      "op": "add",
      "path": "/patches/-",
      "value": {
        "comment": "Patches of gooseberry bushes",
        "blockCodes": [
          "wildcraft:berrybush-gooseberry-empty",
          "wildcraft:berrybush-gooseberry-flowering",
          "wildcraft:berrybush-gooseberry-ripe"
        ],
        "minTemp": -3,
        "maxTemp": 18,
        "maxRain": 0.7,
        "chance": 0.03,
        "minForest": 0.1,
        "maxY": 0.62,
        "quantity": {
          "dist": "invexp",
          "avg": 2,
          "var": 4
        }
      },
      "file": "game:worldgen/blockpatches.json"
    },
    {
      "op": "add",
      "path": "/patches/-",
      "value": {
        "comment": "Patches of huckleberry bushes near water",
        "blockCodes": [
          "wildcraft:berrybush-huckleberry-empty",
          "wildcraft:berrybush-huckleberry-flowering",
          "wildcraft:berrybush-huckleberry-ripe"
        ],
        "minTemp": -6,
        "maxTemp": 16,
        "minRain": 0.2,
        "minFertility": 0.25,
        "chance": 0.01,
        "maxForest": 0.8,
        "maxY": 0.62,
        "placement": "NearWater",
        "quantity": {
          "dist": "invexp",
          "avg": 4,
          "var": 8
        }
      },
      "file": "game:worldgen/blockpatches.json"
    },
    {
      "op": "add",
      "path": "/patches/-",
      "value": {
        "comment": "Patches of huckleberry bushes in forests",
        "blockCodes": [
          "wildcraft:berrybush-huckleberry-empty",
          "wildcraft:berrybush-huckleberry-flowering",
          "wildcraft:berrybush-huckleberry-ripe"
        ],
        "minTemp": -6,
        "maxTemp": 16,
        "minRain": 0.2,
        "minFertility": 0.25,
        "chance": 0.02,
        "minForest": 0.55,
        "maxY": 0.82,
        "quantity": {
          "dist": "invexp",
          "avg": 4,
          "var": 8
        }
      },
      "file": "game:worldgen/blockpatches.json"
    }
]