{
	"editor": {
		"allAngles": false,
		"entityTextureMode": false
	},
	"textureWidth": 16,
	"textureHeight": 16,
	"textureSizes": {
	},
	"textures": {
	},
	"elements": [
		{
			"name": "Leaves",
			"from": [ 7.0, 0.0, 3.0 ], 
			"to": [ 7.0, 4.0, 13.0 ], 
			"climateColorMap": "climatePlantTint",
			"seasonColorMap": "seasonalFoliage",
			"rotationOrigin": [ 7.0, 0.0, 6.0 ],
			"rotationY": 22.5,
			"faces": {
				"north": { "texture": "#leaves", "uv": [ 0.0, 0.0, 0.5, 4.0 ], "enabled": false },
				"east": { "texture": "#leaves", "uv": [ 3.0, 1.0, 14.0, 16.0 ], "autoUv": false },
				"south": { "texture": "#leaves", "uv": [ 0.0, 0.0, 0.5, 4.0 ], "enabled": false },
				"west": { "texture": "#leaves", "uv": [ 0.0, 0.0, 10.0, 4.0 ], "enabled": false },
				"up": { "texture": "#leaves", "uv": [ 0.0, 0.0, 0.5, 10.0 ], "enabled": false },
				"down": { "texture": "#leaves", "uv": [ 0.0, 0.0, 0.5, 10.0 ], "enabled": false }
			},
			"children": [
				{
					"name": "Leaves2",
					"from": [ -7.0E-4, 0.0, -0.0024 ], 
					"to": [ -7.0E-4, 4.0, 9.9976 ], 
					"climateColorMap": "climatePlantTint",
					"seasonColorMap": "seasonalFoliage",
					"rotationOrigin": [ 0.0, 0.0, 5.0 ],
					"rotationX": -0.024707483092272373,
					"rotationY": 89.9802127184967,
					"rotationZ": 0.024750404919749523,
					"faces": {
						"north": { "texture": "#leaves", "uv": [ 0.0, 0.0, 0.5, 4.0 ], "enabled": false },
						"east": { "texture": "#leaves", "uv": [ 3.0, 1.0, 14.0, 16.0 ], "autoUv": false },
						"south": { "texture": "#leaves", "uv": [ 0.0, 0.0, 0.5, 4.0 ], "enabled": false },
						"west": { "texture": "#leaves", "uv": [ 0.0, 0.0, 10.0, 4.0 ], "enabled": false },
						"up": { "texture": "#leaves", "uv": [ 0.0, 0.0, 0.5, 10.0 ], "enabled": false },
						"down": { "texture": "#leaves", "uv": [ 0.0, 0.0, 0.5, 10.0 ], "enabled": false }
					}
				}
			]
		},
		{
			"name": "Leaves7",
			"from": [ 4.0, 0.0, 2.0 ], 
			"to": [ 4.0, 2.0, 12.0 ], 
			"climateColorMap": "climatePlantTint",
			"seasonColorMap": "seasonalFoliage",
			"rotationOrigin": [ 4.0, 0.0, 5.0 ],
			"rotationY": -112.5,
			"faces": {
				"north": { "texture": "#leaves", "uv": [ 0.0, 0.0, 0.5, 2.0 ], "enabled": false },
				"east": { "texture": "#leaves", "uv": [ 3.0, 1.0, 14.0, 16.0 ], "autoUv": false },
				"south": { "texture": "#leaves", "uv": [ 0.0, 0.0, 0.5, 2.0 ], "enabled": false },
				"west": { "texture": "#leaves", "uv": [ 0.0, 0.0, 10.0, 2.0 ], "enabled": false },
				"up": { "texture": "#leaves", "uv": [ 0.0, 0.0, 0.5, 10.0 ], "enabled": false },
				"down": { "texture": "#leaves", "uv": [ 0.0, 0.0, 0.5, 10.0 ], "enabled": false }
			},
			"children": [
				{
					"name": "Leaves8",
					"from": [ -7.0E-4, 0.0, -0.0024 ], 
					"to": [ -7.0E-4, 2.0, 9.9976 ], 
					"climateColorMap": "climatePlantTint",
					"seasonColorMap": "seasonalFoliage",
					"rotationOrigin": [ 0.0, 0.0, 5.0 ],
					"rotationY": 90.0,
					"faces": {
						"north": { "texture": "#leaves", "uv": [ 0.0, 0.0, 0.5, 2.0 ], "enabled": false },
						"east": { "texture": "#leaves", "uv": [ 3.0, 1.0, 14.0, 16.0 ], "autoUv": false },
						"south": { "texture": "#leaves", "uv": [ 0.0, 0.0, 0.5, 2.0 ], "enabled": false },
						"west": { "texture": "#leaves", "uv": [ 0.0, 0.0, 10.0, 2.0 ], "enabled": false },
						"up": { "texture": "#leaves", "uv": [ 0.0, 0.0, 0.5, 10.0 ], "enabled": false },
						"down": { "texture": "#leaves", "uv": [ 0.0, 0.0, 0.5, 10.0 ], "enabled": false }
					}
				}
			]
		}
	]}