{
	"editor": {
		"allAngles": false,
		"entityTextureMode": false
	},
	"textureWidth": 16,
	"textureHeight": 16,
	"textureSizes": {
	},
	"textures": {
		"strawberry12": "block/plant/berrybush/flowering/strawberry1",
		"strawberry13": "block/plant/berrybush/ripe/strawberry1",
		"strawberry1": "block/plant/berrybush/leaves/strawberry1"
	},
	"elements": [
		{
			"name": "Berries",
			"from": [ 13.0, 0.0, 5.5 ], 
			"to": [ 13.0, 4.0, 8.5 ], 
			"climateColorMap": "",
			"seasonColorMap": "",
			"rotationOrigin": [ 13.0, 0.0, 7.0 ],
			"rotationX": -3.4150946853673415E-6,
			"rotationY": 67.5,
			"faces": {
				"north": { "texture": "#berries", "uv": [ 0.0, 0.0, 16.0, 16.0 ], "enabled": false, "autoUv": false },
				"east": { "texture": "#berries", "uv": [ 5.0, 4.0, 11.0, 12.0 ], "autoUv": false },
				"south": { "texture": "#berries", "uv": [ 0.0, 0.0, 0.5, 4.0 ], "enabled": false },
				"west": { "texture": "#berries", "uv": [ 0.0, 0.0, 2.0, 4.0 ], "enabled": false },
				"up": { "texture": "#berries", "uv": [ 2.0, 0.0, 4.0, 2.0 ], "enabled": false },
				"down": { "texture": "#berries", "uv": [ 0.0, 0.0, 2.0, 2.0 ], "enabled": false }
			},
			"children": [
				{
					"name": "Leaves2",
					"from": [ 0.7071, 1.7, -2.0355 ], 
					"to": [ 4.7071, 1.7, 1.9645 ], 
					"climateColorMap": "climatePlantTint",
					"seasonColorMap": "seasonalFoliage",
					"rotationOrigin": [ 0.7071, -0.3, -2.0355 ],
					"rotationX": 30.361185722081068,
					"rotationY": -40.789461756410226,
					"rotationZ": 20.941011679431167,
					"faces": {
						"north": { "texture": "#leaves", "uv": [ 0.0, 18.0, 16.0, 34.0 ], "enabled": false, "autoUv": false },
						"east": { "texture": "#leaves", "uv": [ 0.0, -17.5, 16.0, -2.0 ], "enabled": false, "autoUv": false },
						"south": { "texture": "#leaves", "uv": [ 0.0, 0.0, 16.0, 16.0 ], "enabled": false, "autoUv": false },
						"west": { "texture": "#leaves", "uv": [ 0.0, 0.0, 16.0, 16.0 ], "enabled": false, "autoUv": false },
						"up": { "texture": "#leaves", "uv": [ 0.0, 0.0, 16.0, 16.0 ], "autoUv": false },
						"down": { "texture": "#leaves", "uv": [ 0.0, 0.0, 16.0, 16.0 ], "enabled": false, "autoUv": false }
					}
				},
				{
					"name": "Leaves",
					"from": [ -0.7071, 0.0, -0.6213 ], 
					"to": [ 3.2929, 0.0, 3.3787 ], 
					"climateColorMap": "climatePlantTint",
					"seasonColorMap": "seasonalFoliage",
					"rotationOrigin": [ -0.7071, 0.0, -0.6213 ],
					"rotationX": -30.361184916009382,
					"rotationY": -40.789461756410226,
					"rotationZ": -20.941012485502252,
					"faces": {
						"north": { "texture": "#leaves", "uv": [ 0.0, 0.0, 16.0, 16.5 ], "enabled": false, "autoUv": false },
						"east": { "texture": "#leaves", "uv": [ 0.0, 0.0, 16.0, 16.0 ], "enabled": false, "autoUv": false },
						"south": { "texture": "#leaves", "uv": [ 0.0, 0.0, 16.0, 16.0 ], "enabled": false, "autoUv": false },
						"west": { "texture": "#leaves", "uv": [ 0.0, 0.0, 16.0, 16.0 ], "enabled": false, "autoUv": false },
						"up": { "texture": "#leaves", "uv": [ 0.0, 0.0, 16.0, 16.0 ], "autoUv": false },
						"down": { "texture": "#leaves", "uv": [ 0.0, 0.0, 16.0, 16.0 ], "enabled": false, "autoUv": false }
					}
				},
				{
					"name": "Berries2",
					"from": [ -0.0024, 0.0, 0.0054 ], 
					"to": [ -0.0024, 4.0, 3.0054 ], 
					"climateColorMap": "",
					"seasonColorMap": "",
					"rotationOrigin": [ 0.0, 0.0, 1.5 ],
					"rotationY": -89.97201860485777,
					"faces": {
						"north": { "texture": "#berries", "uv": [ 0.0, 0.0, 2.0, 4.0 ], "enabled": false },
						"east": { "texture": "#berries", "uv": [ 5.0, 4.0, 11.0, 12.0 ], "autoUv": false },
						"south": { "texture": "#berries", "uv": [ 0.0, 0.0, 0.5, 4.0 ], "enabled": false },
						"west": { "texture": "#berries", "uv": [ 0.5, 0.0, 3.5, 4.0 ], "enabled": false },
						"up": { "texture": "#berries", "uv": [ 0.0, 0.0, 0.5, 3.0 ], "enabled": false },
						"down": { "texture": "#berries", "uv": [ 0.0, 0.0, 0.5, 3.0 ], "enabled": false }
					}
				}
			]
		},
		{
			"name": "Berries5",
			"from": [ 3.0, 0.0, 10.5 ], 
			"to": [ 3.0, 4.0, 13.5 ], 
			"climateColorMap": "",
			"seasonColorMap": "",
			"rotationOrigin": [ 3.0, 0.0, 12.0 ],
			"rotationX": -3.4150946853673415E-6,
			"rotationY": -22.5,
			"faces": {
				"north": { "texture": "#berries", "uv": [ 0.0, 0.0, 16.0, 16.0 ], "enabled": false, "autoUv": false },
				"east": { "texture": "#berries", "uv": [ 5.0, 4.0, 11.0, 12.0 ], "autoUv": false },
				"south": { "texture": "#berries", "uv": [ 0.0, 0.0, 0.5, 4.0 ], "enabled": false },
				"west": { "texture": "#berries", "uv": [ 0.0, 0.0, 2.0, 4.0 ], "enabled": false },
				"up": { "texture": "#berries", "uv": [ 2.0, 0.0, 4.0, 2.0 ], "enabled": false },
				"down": { "texture": "#berries", "uv": [ 0.0, 0.0, 2.0, 2.0 ], "enabled": false }
			},
			"children": [
				{
					"name": "Leaves6",
					"from": [ 0.7071, 1.7, -2.0355 ], 
					"to": [ 4.7071, 1.7, 1.9645 ], 
					"climateColorMap": "climatePlantTint",
					"seasonColorMap": "seasonalFoliage",
					"rotationOrigin": [ 0.7071, -0.3, -2.0355 ],
					"rotationX": 30.361185722081068,
					"rotationY": -40.789461756410226,
					"rotationZ": 20.941011679431167,
					"faces": {
						"north": { "texture": "#leaves", "uv": [ 0.0, 18.0, 16.0, 34.0 ], "enabled": false, "autoUv": false },
						"east": { "texture": "#leaves", "uv": [ 0.0, -17.5, 16.0, -2.0 ], "enabled": false, "autoUv": false },
						"south": { "texture": "#leaves", "uv": [ 0.0, 0.0, 16.0, 16.0 ], "enabled": false, "autoUv": false },
						"west": { "texture": "#leaves", "uv": [ 0.0, 0.0, 16.0, 16.0 ], "enabled": false, "autoUv": false },
						"up": { "texture": "#leaves", "uv": [ 0.0, 0.0, 16.0, 16.0 ], "autoUv": false },
						"down": { "texture": "#leaves", "uv": [ 0.0, 0.0, 16.0, 16.0 ], "enabled": false, "autoUv": false }
					}
				},
				{
					"name": "Leaves7",
					"from": [ -0.7071, 0.0, -0.6213 ], 
					"to": [ 3.2929, 0.0, 3.3787 ], 
					"climateColorMap": "climatePlantTint",
					"seasonColorMap": "seasonalFoliage",
					"rotationOrigin": [ -0.7071, 0.0, -0.6213 ],
					"rotationX": -30.361184916009382,
					"rotationY": -40.789461756410226,
					"rotationZ": -20.941012485502252,
					"faces": {
						"north": { "texture": "#leaves", "uv": [ 0.0, 0.0, 16.0, 16.5 ], "enabled": false, "autoUv": false },
						"east": { "texture": "#leaves", "uv": [ 0.0, 0.0, 16.0, 16.0 ], "enabled": false, "autoUv": false },
						"south": { "texture": "#leaves", "uv": [ 0.0, 0.0, 16.0, 16.0 ], "enabled": false, "autoUv": false },
						"west": { "texture": "#leaves", "uv": [ 0.0, 0.0, 16.0, 16.0 ], "enabled": false, "autoUv": false },
						"up": { "texture": "#leaves", "uv": [ 0.0, 0.0, 16.0, 16.0 ], "autoUv": false },
						"down": { "texture": "#leaves", "uv": [ 0.0, 0.0, 16.0, 16.0 ], "enabled": false, "autoUv": false }
					}
				},
				{
					"name": "Berries8",
					"from": [ -0.0024, 0.0, 0.0054 ], 
					"to": [ -0.0024, 4.0, 3.0054 ], 
					"climateColorMap": "",
					"seasonColorMap": "",
					"rotationOrigin": [ 0.0, 0.0, 1.5 ],
					"rotationY": -89.97201860485777,
					"faces": {
						"north": { "texture": "#berries", "uv": [ 0.0, 0.0, 2.0, 4.0 ], "enabled": false },
						"east": { "texture": "#berries", "uv": [ 5.0, 4.0, 11.0, 12.0 ], "autoUv": false },
						"south": { "texture": "#berries", "uv": [ 0.0, 0.0, 0.5, 4.0 ], "enabled": false },
						"west": { "texture": "#berries", "uv": [ 0.5, 0.0, 3.5, 4.0 ], "enabled": false },
						"up": { "texture": "#berries", "uv": [ 0.0, 0.0, 0.5, 3.0 ], "enabled": false },
						"down": { "texture": "#berries", "uv": [ 0.0, 0.0, 0.5, 3.0 ], "enabled": false }
					}
				}
			]
		},
		{
			"name": "Berries9",
			"from": [ 6.0, 0.0, 2.5 ], 
			"to": [ 6.0, 4.0, 5.5 ], 
			"climateColorMap": "",
			"seasonColorMap": "",
			"rotationOrigin": [ 6.0, 0.0, 4.0 ],
			"rotationX": -3.4150946853673415E-6,
			"rotationY": 112.5,
			"faces": {
				"north": { "texture": "#berries", "uv": [ 0.0, 0.0, 16.0, 16.0 ], "enabled": false, "autoUv": false },
				"east": { "texture": "#berries", "uv": [ 5.0, 4.0, 11.0, 12.0 ], "autoUv": false },
				"south": { "texture": "#berries", "uv": [ 0.0, 0.0, 0.5, 4.0 ], "enabled": false },
				"west": { "texture": "#berries", "uv": [ 0.0, 0.0, 2.0, 4.0 ], "enabled": false },
				"up": { "texture": "#berries", "uv": [ 2.0, 0.0, 4.0, 2.0 ], "enabled": false },
				"down": { "texture": "#berries", "uv": [ 0.0, 0.0, 2.0, 2.0 ], "enabled": false }
			},
			"children": [
				{
					"name": "Leaves10",
					"from": [ 0.7071, 1.7, -2.0355 ], 
					"to": [ 4.7071, 1.7, 1.9645 ], 
					"climateColorMap": "climatePlantTint",
					"seasonColorMap": "seasonalFoliage",
					"rotationOrigin": [ 0.7071, -0.3, -2.0355 ],
					"rotationX": 30.361185722081068,
					"rotationY": -40.789461756410226,
					"rotationZ": 20.941011679431167,
					"faces": {
						"north": { "texture": "#leaves", "uv": [ 0.0, 18.0, 16.0, 34.0 ], "enabled": false, "autoUv": false },
						"east": { "texture": "#leaves", "uv": [ 0.0, -17.5, 16.0, -2.0 ], "enabled": false, "autoUv": false },
						"south": { "texture": "#leaves", "uv": [ 0.0, 0.0, 16.0, 16.0 ], "enabled": false, "autoUv": false },
						"west": { "texture": "#leaves", "uv": [ 0.0, 0.0, 16.0, 16.0 ], "enabled": false, "autoUv": false },
						"up": { "texture": "#leaves", "uv": [ 0.0, 0.0, 16.0, 16.0 ], "autoUv": false },
						"down": { "texture": "#leaves", "uv": [ 0.0, 0.0, 16.0, 16.0 ], "enabled": false, "autoUv": false }
					}
				},
				{
					"name": "Leaves11",
					"from": [ -0.7071, 0.0, -0.6213 ], 
					"to": [ 3.2929, 0.0, 3.3787 ], 
					"climateColorMap": "climatePlantTint",
					"seasonColorMap": "seasonalFoliage",
					"rotationOrigin": [ -0.7071, 0.0, -0.6213 ],
					"rotationX": -30.361184916009382,
					"rotationY": -40.789461756410226,
					"rotationZ": -20.941012485502252,
					"faces": {
						"north": { "texture": "#leaves", "uv": [ 0.0, 0.0, 16.0, 16.5 ], "enabled": false, "autoUv": false },
						"east": { "texture": "#leaves", "uv": [ 0.0, 0.0, 16.0, 16.0 ], "enabled": false, "autoUv": false },
						"south": { "texture": "#leaves", "uv": [ 0.0, 0.0, 16.0, 16.0 ], "enabled": false, "autoUv": false },
						"west": { "texture": "#leaves", "uv": [ 0.0, 0.0, 16.0, 16.0 ], "enabled": false, "autoUv": false },
						"up": { "texture": "#leaves", "uv": [ 0.0, 0.0, 16.0, 16.0 ], "autoUv": false },
						"down": { "texture": "#leaves", "uv": [ 0.0, 0.0, 16.0, 16.0 ], "enabled": false, "autoUv": false }
					}
				},
				{
					"name": "Berries12",
					"from": [ -0.0024, 0.0, 0.0054 ], 
					"to": [ -0.0024, 4.0, 3.0054 ], 
					"climateColorMap": "",
					"seasonColorMap": "",
					"rotationOrigin": [ 0.0, 0.0, 1.5 ],
					"rotationY": -89.97201860485777,
					"faces": {
						"north": { "texture": "#berries", "uv": [ 0.0, 0.0, 1.0, 4.0 ], "enabled": false },
						"east": { "texture": "#berries", "uv": [ 5.0, 4.0, 11.0, 12.0 ], "autoUv": false },
						"south": { "texture": "#berries", "uv": [ 0.0, 0.0, 0.5, 4.0 ], "enabled": false },
						"west": { "texture": "#berries", "uv": [ 0.5, 0.0, 3.5, 4.0 ], "enabled": false },
						"up": { "texture": "#berries", "uv": [ 0.0, 0.0, 0.5, 3.0 ], "enabled": false },
						"down": { "texture": "#berries", "uv": [ 0.0, 0.0, 0.5, 3.0 ], "enabled": false }
					}
				}
			]
		}
	]}
