{
	"editor": {
		"allAngles": false,
		"entityTextureMode": false
	},
	"textureWidth": 16,
	"textureHeight": 16,
	"textureSizes": {
	},
	"textures": {
		"caltha_leaves": "wildcraft:block/plant/clover/caltha_leaves",
		"caltha_flowers": "wildcraft:block/plant/clover/caltha_flowers",
		"caltha_stems": "wildcraft:block/plant/clover/caltha_stems"
	},
	"elements": [
		{
			"name": "Stems",
			"from": [ 8.0, 0.0, 0.0 ], 
			"to": [ 8.0, 16.0, 16.0 ], 
			"climateColorMap": "climatePlantTint",
			"seasonColorMap": "seasonalFoliage",
			"rotationOrigin": [ 8.0, 0.0, 8.0 ],
			"faces": {
				"north": { "texture": "#caltha_stems", "uv": [ 0.0, 0.0, 0.5, 16.0 ], "enabled": false, "windMode": [-1,-1,-1,-1], "windData": [0,1,1,0] },
				"east": { "texture": "#caltha_stems", "uv": [ 0.0, 0.0, 16.0, 16.0 ], "autoUv": false, "windMode": [0,2,2,0], "windData": [0,1,1,0] },
				"south": { "texture": "#caltha_stems", "uv": [ 0.0, 0.0, 0.5, 16.0 ], "enabled": false, "windMode": [-1,-1,-1,-1], "windData": [0,0,1,1] },
				"west": { "texture": "#caltha_stems", "uv": [ 0.0, 0.0, 16.0, 16.0 ], "enabled": false, "windMode": [-1,-1,-1,-1], "windData": [0,0,1,1] },
				"up": { "texture": "#caltha_stems", "uv": [ 0.0, 0.0, 0.5, 16.0 ], "enabled": false, "windMode": [-1,-1,-1,-1], "windData": [1,1,1,1] },
				"down": { "texture": "#caltha_stems", "uv": [ 0.0, 0.0, 0.5, 16.0 ], "enabled": false, "windMode": [-1,-1,-1,-1] }
			},
			"children": [
				{
					"name": "Stems2",
					"from": [ -7.0E-4, 0.0, -0.0024 ], 
					"to": [ -7.0E-4, 16.0, 15.9976 ], 
					"climateColorMap": "climatePlantTint",
					"seasonColorMap": "seasonalFoliage",
					"rotationOrigin": [ 0.0, 0.0, 8.0 ],
					"rotationY": 90.0,
					"faces": {
						"north": { "texture": "#caltha_stems", "uv": [ 0.0, 0.0, 0.5, 16.0 ], "enabled": false },
						"east": { "texture": "#caltha_stems", "uv": [ 0.0, 0.0, 16.0, 16.0 ], "autoUv": false, "windMode": [0,2,2,0], "windData": [0,1,1,0] },
						"south": { "texture": "#caltha_stems", "uv": [ 0.0, 0.0, 0.5, 16.0 ], "enabled": false },
						"west": { "texture": "#caltha_stems", "uv": [ 0.0, 0.0, 16.0, 16.0 ], "enabled": false },
						"up": { "texture": "#caltha_stems", "uv": [ 0.0, 0.0, 0.5, 16.0 ], "enabled": false },
						"down": { "texture": "#caltha_stems", "uv": [ 0.0, 0.0, 0.5, 16.0 ], "enabled": false }
					}
				},
				{
					"name": "Flowers",
					"from": [ 0.0, 0.0, 0.0 ], 
					"to": [ 0.0, 16.0, 16.0 ], 
					"climateColorMap": "",
					"seasonColorMap": "",
					"renderInEditor": false,
					"rotationOrigin": [ 0.0, 0.0, 8.0 ],
					"faces": {
						"north": { "texture": "#caltha_flowers", "uv": [ 0.0, 0.0, 0.5, 16.0 ], "enabled": false },
						"east": { "texture": "#caltha_flowers", "uv": [ 0.0, 0.0, 16.0, 16.0 ], "enabled": false, "autoUv": false, "windMode": [0,2,2,0], "windData": [0,1,1,0] },
						"south": { "texture": "#caltha_flowers", "uv": [ 0.0, 0.0, 0.5, 16.0 ], "enabled": false },
						"west": { "texture": "#caltha_flowers", "uv": [ 0.0, 0.0, 16.0, 16.0 ], "enabled": false },
						"up": { "texture": "#caltha_flowers", "uv": [ 0.0, 0.0, 0.5, 16.0 ], "enabled": false },
						"down": { "texture": "#caltha_flowers", "uv": [ 0.0, 0.0, 0.5, 16.0 ], "enabled": false }
					},
					"children": [
						{
							"name": "Flowers2",
							"from": [ -7.0E-4, 0.0, -0.0024 ], 
							"to": [ -7.0E-4, 16.0, 15.9976 ], 
							"climateColorMap": "",
							"seasonColorMap": "",
							"rotationOrigin": [ 0.0, 0.0, 8.0 ],
							"rotationY": 90.0,
							"faces": {
								"north": { "texture": "#caltha_flowers", "uv": [ 0.0, 0.0, 0.5, 16.0 ], "enabled": false },
								"east": { "texture": "#caltha_flowers", "uv": [ 0.0, 0.0, 16.0, 16.0 ], "enabled": false, "autoUv": false, "windMode": [0,2,2,0], "windData": [0,1,1,0] },
								"south": { "texture": "#caltha_flowers", "uv": [ 0.0, 0.0, 0.5, 16.0 ], "enabled": false },
								"west": { "texture": "#caltha_flowers", "uv": [ 0.0, 0.0, 16.0, 16.0 ], "enabled": false },
								"up": { "texture": "#caltha_flowers", "uv": [ 0.0, 0.0, 0.5, 16.0 ], "enabled": false },
								"down": { "texture": "#caltha_flowers", "uv": [ 0.0, 0.0, 0.5, 16.0 ], "enabled": false }
							}
						}
					]
				},
				{
					"name": "Leaves",
					"from": [ -7.0, 1.8, 1.0 ], 
					"to": [ 7.0, 1.8, 15.0 ], 
					"climateColorMap": "climatePlantTint",
					"seasonColorMap": "climatePlantTint",
					"rotationOrigin": [ -7.0, 1.8, 1.0 ],
					"faces": {
						"north": { "texture": "#caltha_leaves", "uv": [ 0.0, 0.0, 14.0, 0.5 ] },
						"east": { "texture": "#caltha_leaves", "uv": [ 0.0, 0.0, 14.0, 0.5 ] },
						"south": { "texture": "#caltha_leaves", "uv": [ 0.0, 0.0, 14.0, 0.5 ] },
						"west": { "texture": "#caltha_leaves", "uv": [ 0.0, 0.0, 14.0, 0.5 ] },
						"up": { "texture": "#caltha_leaves", "uv": [ 0.0, 0.0, 16.0, 16.0 ], "autoUv": false, "windMode": [7,7,7,7] },
						"down": { "texture": "#clover_leaves", "uv": [ 0.0, 0.0, 14.0, 14.0 ], "enabled": false, "windMode": [1,1,1,1] }
					}
				}
			]
		}
	]}