{
	"editor": {
		"allAngles": true,
		"entityTextureMode": false
	},
	"textureWidth": 8,
	"textureHeight": 8,
	"textureSizes": {
	},
	"textures": {
		"honeysuckle": "wildcraft:items/fruit/honeysuckle"
	},
	"elements": [
		{
			"name": "origin",
			"from": [ 8.0, 0.0, 8.0 ], 
			"to": [ 8.0, 0.0, 8.0 ], 
			"rotationOrigin": [ 8.0, 0.0, 8.0 ],
			"faces": {
				"north": { "texture": "#honeysuckle", "uv": [ 0.0, 0.0, 0.5, 0.5 ], "enabled": false },
				"east": { "texture": "#honeysuckle", "uv": [ 0.0, 0.0, 0.5, 0.5 ], "enabled": false },
				"south": { "texture": "#honeysuckle", "uv": [ 0.0, 0.0, 0.5, 0.5 ], "enabled": false },
				"west": { "texture": "#honeysuckle", "uv": [ 0.0, 0.0, 0.5, 0.5 ], "enabled": false },
				"up": { "texture": "#honeysuckle", "uv": [ 0.0, 0.0, 0.5, 0.5 ], "enabled": false },
				"down": { "texture": "#honeysuckle", "uv": [ 0.0, 0.0, 0.5, 0.5 ], "enabled": false }
			},
			"children": [
				{
					"name": "stem",
					"from": [ -0.3, 0.0, -0.3 ], 
					"to": [ 0.3, 3.0, 0.3 ], 
					"rotationOrigin": [ 0.0, 0.0, 0.0 ],
					"rotationZ": 75.0,
					"faces": {
						"north": { "texture": "#honeysuckle", "uv": [ 2.0, 6.0, 5.0, 6.5 ], "rotation": 90 },
						"east": { "texture": "#honeysuckle", "uv": [ 2.5, 7.0, 5.5, 7.5 ], "rotation": 90 },
						"south": { "texture": "#honeysuckle", "uv": [ 2.5, 6.5, 5.5, 7.0 ], "rotation": 90 },
						"west": { "texture": "#honeysuckle", "uv": [ 3.5, 7.5, 6.5, 8.0 ], "rotation": 90 },
						"up": { "texture": "#honeysuckle", "uv": [ 4.0, 7.5, 4.5, 8.0 ], "enabled": false },
						"down": { "texture": "#honeysuckle", "uv": [ 5.5, 6.5, 6.0, 7.0 ] }
					},
					"children": [
						{
							"name": "leaf1",
							"from": [ -2.7, 2.7, -0.7 ], 
							"to": [ 0.3, 2.7, 1.3 ], 
							"rotationOrigin": [ 0.3, 2.7, 0.3 ],
							"rotationY": 16.0,
							"rotationZ": 36.0,
							"faces": {
								"north": { "texture": "#honeysuckle", "uv": [ 0.0, 0.0, 3.0, 0.5 ], "enabled": false },
								"east": { "texture": "#honeysuckle", "uv": [ 0.0, 0.0, 2.0, 0.5 ], "enabled": false },
								"south": { "texture": "#honeysuckle", "uv": [ 0.0, 0.0, 3.0, 0.5 ], "enabled": false },
								"west": { "texture": "#honeysuckle", "uv": [ 0.0, 0.0, 2.0, 0.5 ], "enabled": false },
								"up": { "texture": "#honeysuckle", "uv": [ 4.5, 6.0, 8.0, 1.0 ], "autoUv": false },
								"down": { "texture": "#honeysuckle", "uv": [ 0.0, 0.0, 3.0, 2.0 ], "enabled": false }
							}
						},
						{
							"name": "leaf2",
							"from": [ 0.3, 2.8, -0.7 ], 
							"to": [ 3.3, 2.8, 1.3 ], 
							"rotationOrigin": [ 0.3, 2.8, 0.3 ],
							"rotationX": 5.0,
							"rotationZ": -15.0,
							"faces": {
								"north": { "texture": "#honeysuckle", "uv": [ 0.0, 0.0, 3.0, 0.5 ], "enabled": false },
								"east": { "texture": "#honeysuckle", "uv": [ 0.0, 0.0, 2.0, 0.5 ], "enabled": false },
								"south": { "texture": "#honeysuckle", "uv": [ 0.0, 0.0, 3.0, 0.5 ], "enabled": false },
								"west": { "texture": "#honeysuckle", "uv": [ 0.0, 0.0, 2.0, 0.5 ], "enabled": false },
								"up": { "texture": "#honeysuckle", "uv": [ 4.5, 1.0, 7.5, 6.0 ], "autoUv": false },
								"down": { "texture": "#honeysuckle", "uv": [ 0.0, 0.0, 3.0, 2.0 ], "enabled": false }
							}
						},
						{
							"name": "leaf3",
							"from": [ -0.7, 3.5, 0.3 ], 
							"to": [ 1.3, 3.5, 3.3 ], 
							"rotationOrigin": [ 0.3, 3.5, 0.3 ],
							"rotationX": 36.0,
							"rotationY": 16.0,
							"faces": {
								"north": { "texture": "#honeysuckle", "uv": [ 0.0, 0.0, 2.0, 0.5 ], "enabled": false },
								"east": { "texture": "#honeysuckle", "uv": [ 0.0, 0.0, 3.0, 0.5 ], "enabled": false },
								"south": { "texture": "#honeysuckle", "uv": [ 0.0, 0.0, 2.0, 0.5 ], "enabled": false },
								"west": { "texture": "#honeysuckle", "uv": [ 0.0, 0.0, 3.0, 0.5 ], "enabled": false },
								"up": { "texture": "#honeysuckle", "uv": [ 4.5, 1.0, 7.5, 6.0 ], "rotation": 90, "autoUv": false },
								"down": { "texture": "#honeysuckle", "uv": [ 0.0, 0.0, 2.0, 3.0 ], "enabled": false }
							}
						},
						{
							"name": "leaf4",
							"from": [ -0.7, 2.5, -2.7 ], 
							"to": [ 1.3, 2.5, 0.3 ], 
							"rotationOrigin": [ 0.3, 2.5, 0.3 ],
							"rotationX": -36.0,
							"rotationY": -20.0,
							"rotationZ": -36.0,
							"faces": {
								"north": { "texture": "#honeysuckle", "uv": [ 0.0, 0.0, 2.0, 0.5 ], "enabled": false },
								"east": { "texture": "#honeysuckle", "uv": [ 0.0, 0.0, 3.0, 0.5 ], "enabled": false },
								"south": { "texture": "#honeysuckle", "uv": [ 0.0, 0.0, 2.0, 0.5 ], "enabled": false },
								"west": { "texture": "#honeysuckle", "uv": [ 0.0, 0.0, 3.0, 0.5 ], "enabled": false },
								"up": { "texture": "#honeysuckle", "uv": [ 4.5, 1.0, 7.5, 6.0 ], "rotation": 90, "autoUv": false },
								"down": { "texture": "#honeysuckle", "uv": [ 0.0, 0.0, 2.0, 3.0 ], "enabled": false }
							}
						},
						{
							"name": "leaf5",
							"from": [ -0.7, 2.0, -2.7 ], 
							"to": [ 1.3, 2.0, 0.3 ], 
							"rotationOrigin": [ 0.3, 2.0, 0.3 ],
							"rotationX": -36.0,
							"rotationY": 16.0,
							"rotationZ": 15.0,
							"faces": {
								"north": { "texture": "#honeysuckle", "uv": [ 0.0, 0.0, 2.0, 0.5 ], "enabled": false },
								"east": { "texture": "#honeysuckle", "uv": [ 0.0, 0.0, 3.0, 0.5 ], "enabled": false },
								"south": { "texture": "#honeysuckle", "uv": [ 0.0, 0.0, 2.0, 0.5 ], "enabled": false },
								"west": { "texture": "#honeysuckle", "uv": [ 0.0, 0.0, 3.0, 0.5 ], "enabled": false },
								"up": { "texture": "#honeysuckle", "uv": [ 4.5, 1.0, 7.5, 6.0 ], "rotation": 90, "autoUv": false },
								"down": { "texture": "#honeysuckle", "uv": [ 0.0, 0.0, 2.0, 3.0 ], "enabled": false }
							}
						}
					]
				},
				{
					"name": "Cube17",
					"from": [ -4.3, 0.6, 0.7 ], 
					"to": [ -2.7, 3.4, 2.3 ], 
					"rotationOrigin": [ -3.5, 0.6, 1.5 ],
					"rotationY": 30.0,
					"rotationZ": 90.0,
					"faces": {
						"north": { "texture": "#honeysuckle", "uv": [ 1.0, 0.0, 3.0, 3.5 ], "autoUv": false },
						"east": { "texture": "#honeysuckle", "uv": [ 1.0, 0.0, 3.0, 3.5 ], "autoUv": false },
						"south": { "texture": "#honeysuckle", "uv": [ 1.0, 0.0, 3.0, 3.5 ], "autoUv": false },
						"west": { "texture": "#honeysuckle", "uv": [ 1.0, 0.0, 3.0, 3.5 ], "autoUv": false },
						"up": { "texture": "#honeysuckle", "uv": [ 0.0, 4.0, 2.0, 6.0 ], "rotation": 90, "autoUv": false },
						"down": { "texture": "#honeysuckle", "uv": [ 1.0, 1.0, 3.0, 3.0 ], "autoUv": false }
					},
					"children": [
						{
							"name": "Cube18",
							"from": [ 0.2, -0.4, 0.2 ], 
							"to": [ 1.4, 0.0, 1.4 ], 
							"rotationOrigin": [ 0.6, -0.4, 0.6 ],
							"faces": {
								"north": { "texture": "#honeysuckle", "uv": [ 1.25, 2.5, 2.75, 3.0 ], "autoUv": false },
								"east": { "texture": "#honeysuckle", "uv": [ 1.25, 2.5, 2.75, 3.0 ], "autoUv": false },
								"south": { "texture": "#honeysuckle", "uv": [ 1.25, 2.5, 2.75, 3.0 ], "autoUv": false },
								"west": { "texture": "#honeysuckle", "uv": [ 1.25, 2.5, 2.75, 3.0 ], "autoUv": false },
								"up": { "texture": "#honeysuckle", "uv": [ 1.25, 0.5, 2.75, 2.0 ], "autoUv": false },
								"down": { "texture": "#honeysuckle", "uv": [ 1.25, 1.25, 2.75, 2.75 ], "autoUv": false }
							}
						}
					]
				},
				{
					"name": "Cube10",
					"from": [ -4.3, 0.6, -0.2 ], 
					"to": [ -2.7, 3.4, 1.4 ], 
					"rotationOrigin": [ -3.5, 0.6, 0.6 ],
					"rotationZ": 136.0,
					"faces": {
						"north": { "texture": "#honeysuckle", "uv": [ 1.0, 0.0, 3.0, 3.5 ], "autoUv": false },
						"east": { "texture": "#honeysuckle", "uv": [ 1.0, 0.0, 3.0, 3.5 ], "autoUv": false },
						"south": { "texture": "#honeysuckle", "uv": [ 1.0, 0.0, 3.0, 3.5 ], "autoUv": false },
						"west": { "texture": "#honeysuckle", "uv": [ 1.0, 0.0, 3.0, 3.5 ], "autoUv": false },
						"up": { "texture": "#honeysuckle", "uv": [ 0.0, 4.0, 2.0, 6.0 ], "rotation": 90, "autoUv": false },
						"down": { "texture": "#honeysuckle", "uv": [ 1.0, 1.0, 3.0, 3.0 ], "autoUv": false }
					},
					"children": [
						{
							"name": "Cube11",
							"from": [ 0.2, -0.4, 0.2 ], 
							"to": [ 1.4, 0.0, 1.4 ], 
							"rotationOrigin": [ 0.6, -0.4, 0.6 ],
							"faces": {
								"north": { "texture": "#honeysuckle", "uv": [ 1.25, 2.5, 2.75, 3.0 ], "autoUv": false },
								"east": { "texture": "#honeysuckle", "uv": [ 1.25, 2.5, 2.75, 3.0 ], "autoUv": false },
								"south": { "texture": "#honeysuckle", "uv": [ 1.25, 2.5, 2.75, 3.0 ], "autoUv": false },
								"west": { "texture": "#honeysuckle", "uv": [ 1.25, 2.5, 2.75, 3.0 ], "autoUv": false },
								"up": { "texture": "#honeysuckle", "uv": [ 1.25, 0.5, 2.75, 2.0 ], "autoUv": false },
								"down": { "texture": "#honeysuckle", "uv": [ 1.25, 1.25, 2.75, 2.75 ], "autoUv": false }
							}
						}
					]
				},
				{
					"name": "Cube12",
					"from": [ -4.3, 0.6, -1.3 ], 
					"to": [ -2.7, 3.4, 0.3 ], 
					"rotationOrigin": [ -3.5, 0.6, -0.5 ],
					"rotationX": -11.0,
					"rotationY": -15.0,
					"rotationZ": 90.0,
					"faces": {
						"north": { "texture": "#honeysuckle", "uv": [ 1.0, 0.0, 3.0, 3.5 ], "autoUv": false },
						"east": { "texture": "#honeysuckle", "uv": [ 1.0, 0.0, 3.0, 3.5 ], "autoUv": false },
						"south": { "texture": "#honeysuckle", "uv": [ 1.0, 0.0, 3.0, 3.5 ], "autoUv": false },
						"west": { "texture": "#honeysuckle", "uv": [ 1.0, 0.0, 3.0, 3.5 ], "autoUv": false },
						"up": { "texture": "#honeysuckle", "uv": [ 0.0, 4.0, 2.0, 6.0 ], "rotation": 90, "autoUv": false },
						"down": { "texture": "#honeysuckle", "uv": [ 1.0, 1.0, 3.0, 3.0 ], "autoUv": false }
					},
					"children": [
						{
							"name": "Cube13",
							"from": [ 0.2, -0.4, 0.2 ], 
							"to": [ 1.4, 0.0, 1.4 ], 
							"rotationOrigin": [ 0.6, -0.4, 0.6 ],
							"faces": {
								"north": { "texture": "#honeysuckle", "uv": [ 1.25, 2.5, 2.75, 3.0 ], "autoUv": false },
								"east": { "texture": "#honeysuckle", "uv": [ 1.25, 2.5, 2.75, 3.0 ], "autoUv": false },
								"south": { "texture": "#honeysuckle", "uv": [ 1.25, 2.5, 2.75, 3.0 ], "autoUv": false },
								"west": { "texture": "#honeysuckle", "uv": [ 1.25, 2.5, 2.75, 3.0 ], "autoUv": false },
								"up": { "texture": "#honeysuckle", "uv": [ 1.25, 0.5, 2.75, 2.0 ], "autoUv": false },
								"down": { "texture": "#honeysuckle", "uv": [ 1.25, 1.25, 2.75, 2.75 ], "autoUv": false }
							}
						}
					]
				},
				{
					"name": "Cube14",
					"from": [ -3.3, 0.6, -2.3 ], 
					"to": [ -1.7, 3.4, -0.7 ], 
					"rotationOrigin": [ -2.5, 0.6, -1.5 ],
					"rotationY": -44.0,
					"rotationZ": 75.0,
					"faces": {
						"north": { "texture": "#honeysuckle", "uv": [ 1.0, 0.0, 3.0, 3.5 ], "autoUv": false },
						"east": { "texture": "#honeysuckle", "uv": [ 1.0, 0.0, 3.0, 3.5 ], "autoUv": false },
						"south": { "texture": "#honeysuckle", "uv": [ 1.0, 0.0, 3.0, 3.5 ], "autoUv": false },
						"west": { "texture": "#honeysuckle", "uv": [ 1.0, 0.0, 3.0, 3.5 ], "autoUv": false },
						"up": { "texture": "#honeysuckle", "uv": [ 0.0, 4.0, 2.0, 6.0 ], "rotation": 90, "autoUv": false },
						"down": { "texture": "#honeysuckle", "uv": [ 1.0, 1.0, 3.0, 3.0 ], "autoUv": false }
					},
					"children": [
						{
							"name": "Cube15",
							"from": [ 0.2, -0.4, 0.2 ], 
							"to": [ 1.4, 0.0, 1.4 ], 
							"rotationOrigin": [ 0.6, -0.4, 0.6 ],
							"faces": {
								"north": { "texture": "#honeysuckle", "uv": [ 1.25, 2.5, 2.75, 3.0 ], "autoUv": false },
								"east": { "texture": "#honeysuckle", "uv": [ 1.25, 2.5, 2.75, 3.0 ], "autoUv": false },
								"south": { "texture": "#honeysuckle", "uv": [ 1.25, 2.5, 2.75, 3.0 ], "autoUv": false },
								"west": { "texture": "#honeysuckle", "uv": [ 1.25, 2.5, 2.75, 3.0 ], "autoUv": false },
								"up": { "texture": "#honeysuckle", "uv": [ 1.25, 0.5, 2.75, 2.0 ], "autoUv": false },
								"down": { "texture": "#honeysuckle", "uv": [ 1.25, 1.25, 2.75, 2.75 ], "autoUv": false }
							}
						}
					]
				}
			]
		}
	]}