{
    "code": "herbs",
    "maxstacksize": 64,
    "variantgroups": [
      { "loadFromProperties": "wildcraft:block/herbs" }
    ],
    "materialDensityByType": {
      "*": 600
    },
    "attributes": {
      "nutritionPropsWhenInMealByType": {
        "*-mustard": {
          "satiety": 65,
          "health": 2,
          "foodcategory": "Vegetable"
        },
        "*-basil": {
          "satiety": 45,
          "health": 3.5,
          "foodcategory": "Vegetable"
        },
        "*": {
          "satiety": 55,
          "health": 1,
          "foodcategory": "Vegetable"
        }
      }
    },
    "texture": { "base": "wildcraft:items/herbs/{herbs}" },
    "creativeinventory": {
      "general": [ "*" ],
      "items": [ "*" ]
    },
    "nutritionPropsByType": {
      "*-mustard": {
        "satiety": 45,
        "foodcategory": "Vegetable"
      },
      "*-basil": {
        "satiety": 25,
        "foodcategory": "Vegetable"
      },
      "*": {
        "satiety": 35,
        "foodcategory": "Vegetable"
      }
    },
    "transitionablePropsByType": {
      "*": [
        {
          "type": "Perish",
          "freshHours": { "avg": 48 },
          "transitionHours": { "avg": 12 },
          "transitionedStack": {
            "type": "item",
            "code": "game:rot"
          },
          "transitionRatio": 0.25
        }
      ]
    }
  }
  