{
  "name": "Simple poultice reed herb",
  "ingredientPattern": "H,C,_",
  "ingredients": {
    "C": { "type": "item", "code": "game:*", "quantity": 2, "allowedVariants": ["papyrustops", "cattailtops"] },
    "H": { "type": "item", "code": "wildcraft:herbs-*", "quantity": 4, "name": "herb", "allowedVariants": ["stjohnswort", "poisonoak", "inula", "celandine"] }
  },
  "width": 1,
  "height": 3,
  "output": { "type": "item", "code": "wildcraft:simplepoultice-reed-{herb}", "quantity": 4 }
}
