{
	"editor": {
		"allAngles": false,
		"entityTextureMode": false
	},
	"textureWidth": 16,
	"textureHeight": 16,
	"textureSizes": {
	},
	"textures": {
	},
	"elements": [
		{
			"name": "Cube4",
			"from": [ 10.0, 0.0, 5.0 ], 
			"to": [ 10.0, 0.0, 5.0 ], 
			"shade": false,
			"renderPass": 2,
			"rotationOrigin": [ 10.0, 0.0, 5.0 ],
			"rotationY": 22.5,
			"faces": {
				"north": { "texture": "#null", "uv": [ 0.0, 0.0, 0.5, 0.5 ], "autoUv": false, "windMode": [0,2,2,0], "windData": [0,1,1,0] },
				"east": { "texture": "#null", "uv": [ 0.0, 0.0, 0.5, 0.5 ], "autoUv": false, "windMode": [0,2,2,0], "windData": [0,1,1,0] },
				"south": { "texture": "#null", "uv": [ 0.0, 0.0, 0.3333, 0.3333 ], "enabled": false },
				"west": { "texture": "#null", "uv": [ 0.0, 0.0, 0.3333, 0.3333 ], "enabled": false },
				"up": { "texture": "#null", "uv": [ 0.0, 0.0, 0.3333, 0.3333 ], "enabled": false },
				"down": { "texture": "#null", "uv": [ 0.0, 0.0, 0.3333, 0.3333 ], "enabled": false }
			},
			"children": [
				{
					"name": "Cube5",
					"from": [ 0.0, 0.0, -11.5 ], 
					"to": [ 0.0, 22.6, 11.1 ], 
					"shade": false,
					"renderPass": 2,
					"rotationOrigin": [ 0.0, 0.0, 0.0 ],
					"rotationY": -45.0,
					"faces": {
						"north": { "texture": "#leaves", "uv": [ 0.0, 0.0, 0.3333, 22.3333 ], "enabled": false },
						"east": { "texture": "#leaves", "uv": [ 1.0, 2.0, 15.0, 16.0 ], "autoUv": false, "windMode": [0,2,2,0], "windData": [0,1,1,0] },
						"south": { "texture": "#leaves", "uv": [ 0.0, 0.0, 0.3333, 22.3333 ], "enabled": false },
						"west": { "texture": "#leaves", "uv": [ 0.0, 0.0, 22.3333, 22.3333 ], "enabled": false },
						"up": { "texture": "#leaves", "uv": [ -0.3333, 0.0, 0.0, 22.3333 ], "enabled": false },
						"down": { "texture": "#leaves", "uv": [ 0.0, 0.0, 0.3333, 22.3333 ], "enabled": false }
					}
				},
				{
					"name": "Cube6",
					"from": [ -11.3, 0.0, -0.2 ], 
					"to": [ 11.3, 22.6, -0.2 ], 
					"shade": false,
					"renderPass": 2,
					"rotationOrigin": [ 0.0, 0.0, 0.0 ],
					"rotationY": -45.0,
					"faces": {
						"north": { "texture": "#leaves", "uv": [ 1.0, 2.0, 15.0, 16.0 ], "autoUv": false, "windMode": [0,2,2,0], "windData": [0,1,1,0] },
						"east": { "texture": "#leaves", "uv": [ 0.0, 0.0, 0.3333, 22.3333 ], "autoUv": false, "windMode": [0,2,2,0], "windData": [0,1,1,0] },
						"south": { "texture": "#leaves", "uv": [ 0.0, 0.0, 22.3333, 22.3333 ], "enabled": false },
						"west": { "texture": "#leaves", "uv": [ 0.0, 0.0, 0.3333, 22.3333 ], "enabled": false },
						"up": { "texture": "#leaves", "uv": [ -0.3333, 0.0, 22.0, 0.3333 ], "enabled": false },
						"down": { "texture": "#leaves", "uv": [ 0.0, 0.0, 22.3333, 0.3333 ], "enabled": false }
					}
				}
			]
		},
		{
			"name": "Cube7",
			"from": [ 6.0, 0.0, 12.0 ], 
			"to": [ 6.0, 0.0, 12.0 ], 
			"shade": false,
			"renderPass": 2,
			"rotationOrigin": [ 6.0, 0.0, 12.0 ],
			"rotationY": 62.0,
			"faces": {
				"north": { "texture": "#null", "uv": [ 0.0, 0.0, 0.5, 0.5 ], "autoUv": false, "windMode": [0,2,2,0], "windData": [0,1,1,0] },
				"east": { "texture": "#null", "uv": [ 0.0, 0.0, 0.5, 0.5 ], "autoUv": false, "windMode": [0,2,2,0], "windData": [0,1,1,0] },
				"south": { "texture": "#null", "uv": [ 0.0, 0.0, 0.3333, 0.3333 ], "enabled": false },
				"west": { "texture": "#null", "uv": [ 0.0, 0.0, 0.3333, 0.3333 ], "enabled": false },
				"up": { "texture": "#null", "uv": [ 0.0, 0.0, 0.3333, 0.3333 ], "enabled": false },
				"down": { "texture": "#null", "uv": [ 0.0, 0.0, 0.3333, 0.3333 ], "enabled": false }
			},
			"children": [
				{
					"name": "Cube8",
					"from": [ 0.0, 0.0, -11.5 ], 
					"to": [ 0.0, 22.6, 11.1 ], 
					"shade": false,
					"renderPass": 2,
					"rotationOrigin": [ 0.0, 0.0, 0.0 ],
					"rotationY": -45.0,
					"faces": {
						"north": { "texture": "#leaves", "uv": [ 0.0, 0.0, 0.3333, 22.3333 ], "autoUv": false, "windMode": [0,2,2,0], "windData": [0,1,1,0] },
						"east": { "texture": "#leaves", "uv": [ 0.0, 0.0, 16.0, 16.0 ], "autoUv": false, "windMode": [0,2,2,0], "windData": [0,1,1,0] },
						"south": { "texture": "#leaves", "uv": [ 0.0, 0.0, 0.3333, 22.3333 ], "enabled": false },
						"west": { "texture": "#leaves", "uv": [ 0.0, 0.0, 22.3333, 22.3333 ], "enabled": false },
						"up": { "texture": "#leaves", "uv": [ -0.3333, 0.0, 0.0, 22.3333 ], "enabled": false },
						"down": { "texture": "#leaves", "uv": [ 0.0, 0.0, 0.3333, 22.3333 ], "enabled": false }
					}
				},
				{
					"name": "Cube9",
					"from": [ -11.3, 0.0, -0.2 ], 
					"to": [ 11.3, 22.6, -0.2 ], 
					"shade": false,
					"renderPass": 2,
					"rotationOrigin": [ 0.0, 0.0, 0.0 ],
					"rotationY": -45.0,
					"faces": {
						"north": { "texture": "#leaves", "uv": [ 0.0, 0.0, 16.0, 16.0 ], "autoUv": false, "windMode": [0,2,2,0], "windData": [0,1,1,0] },
						"east": { "texture": "#leaves", "uv": [ 0.0, 0.0, 0.5, 22.5 ], "autoUv": false, "windMode": [0,2,2,0], "windData": [0,1,1,0] },
						"south": { "texture": "#leaves", "uv": [ 0.0, 0.0, 22.3333, 22.3333 ], "enabled": false },
						"west": { "texture": "#leaves", "uv": [ 0.0, 0.0, 0.3333, 22.3333 ], "enabled": false },
						"up": { "texture": "#leaves", "uv": [ -0.3333, 0.0, 22.0, 0.3333 ], "enabled": false },
						"down": { "texture": "#leaves", "uv": [ 0.0, 0.0, 22.3333, 0.3333 ], "enabled": false }
					}
				}
			]
		}
	]}