{
	"editor": {
		"allAngles": false,
		"entityTextureMode": false
	},
	"textureWidth": 16,
	"textureHeight": 16,
	"textureSizes": {
	},
	"textures": {
	},
	"elements": [
		{
			"name": "Stems",
			"from": [ 8.0, 0.0, 0.0 ], 
			"to": [ 8.0, 16.0, 16.0 ], 
			"climateColorMap": "climatePlantTint",
			"seasonColorMap": "seasonalFoliage",
			"rotationOrigin": [ 8.0, 0.0, 8.0 ],
			"faces": {
				"north": { "texture": "#stems", "uv": [ 0.0, 0.0, 0.5, 16.0 ], "enabled": false, "windMode": [-1,-1,-1,-1], "windData": [0,1,1,0] },
				"east": { "texture": "#stems", "uv": [ 0.0, 0.0, 16.0, 16.0 ], "autoUv": false, "windMode": [0,2,2,0], "windData": [0,1,1,0] },
				"south": { "texture": "#stems", "uv": [ 0.0, 0.0, 0.5, 16.0 ], "enabled": false, "windMode": [-1,-1,-1,-1], "windData": [0,0,1,1] },
				"west": { "texture": "#stems", "uv": [ 0.0, 0.0, 16.0, 16.0 ], "enabled": false, "windMode": [-1,-1,-1,-1], "windData": [0,0,1,1] },
				"up": { "texture": "#stems", "uv": [ 0.0, 0.0, 0.5, 16.0 ], "enabled": false, "windMode": [-1,-1,-1,-1], "windData": [1,1,1,1] },
				"down": { "texture": "#stems", "uv": [ 0.0, 0.0, 0.5, 16.0 ], "enabled": false, "windMode": [-1,-1,-1,-1] }
			},
			"children": [
				{
					"name": "Stems2",
					"from": [ -7.0E-4, 0.0, -0.0024 ], 
					"to": [ -7.0E-4, 16.0, 15.9976 ], 
					"climateColorMap": "climatePlantTint",
					"seasonColorMap": "seasonalFoliage",
					"rotationOrigin": [ 0.0, 0.0, 8.0 ],
					"rotationY": 90.0,
					"faces": {
						"north": { "texture": "#stems", "uv": [ 0.0, 0.0, 0.5, 16.0 ], "enabled": false },
						"east": { "texture": "#stems", "uv": [ 0.0, 0.0, 16.0, 16.0 ], "autoUv": false, "windMode": [0,2,2,0], "windData": [0,1,1,0] },
						"south": { "texture": "#stems", "uv": [ 0.0, 0.0, 0.5, 16.0 ], "enabled": false },
						"west": { "texture": "#stems", "uv": [ 0.0, 0.0, 16.0, 16.0 ], "enabled": false },
						"up": { "texture": "#stems", "uv": [ 0.0, 0.0, 0.5, 16.0 ], "enabled": false },
						"down": { "texture": "#stems", "uv": [ 0.0, 0.0, 0.5, 16.0 ], "enabled": false }
					}
				},
				{
					"name": "Flowers",
					"from": [ 0.0, 0.0, 0.0 ], 
					"to": [ 0.0, 16.0, 16.0 ], 
					"climateColorMap": "",
					"seasonColorMap": "",
					"rotationOrigin": [ 0.0, 0.0, 8.0 ],
					"faces": {
						"north": { "texture": "#flowers", "uv": [ 0.0, 0.0, 0.5, 16.0 ], "enabled": false },
						"east": { "texture": "#flowers", "uv": [ 0.0, 0.0, 16.0, 16.0 ], "autoUv": false, "windMode": [0,2,2,0], "windData": [0,1,1,0] },
						"south": { "texture": "#flowers", "uv": [ 0.0, 0.0, 0.5, 16.0 ], "enabled": false },
						"west": { "texture": "#flowers", "uv": [ 0.0, 0.0, 16.0, 16.0 ], "enabled": false },
						"up": { "texture": "#flowers", "uv": [ 0.0, 0.0, 0.5, 16.0 ], "enabled": false },
						"down": { "texture": "#flowers", "uv": [ 0.0, 0.0, 0.5, 16.0 ], "enabled": false }
					}
				},
				{
					"name": "Leaves",
					"from": [ -8.0, 1.0, 0.0 ], 
					"to": [ 8.0, 1.0, 16.0 ], 
					"climateColorMap": "climatePlantTint",
					"seasonColorMap": "seasonalFoliage",
					"rotationOrigin": [ -8.0, 1.0, 0.0 ],
					"faces": {
						"north": { "texture": "#leaves", "uv": [ 0.0, 0.0, 16.0, 0.5 ] },
						"east": { "texture": "#leaves", "uv": [ 0.0, 0.0, 16.0, 0.5 ] },
						"south": { "texture": "#leaves", "uv": [ 0.0, 0.0, 16.0, 0.5 ] },
						"west": { "texture": "#leaves", "uv": [ 0.0, 0.0, 16.0, 0.5 ] },
						"up": { "texture": "#leaves", "uv": [ 0.0, 0.0, 16.0, 16.0 ], "windMode": [7,7,7,7] },
						"down": { "texture": "#leaves", "uv": [ 0.0, 0.0, 16.0, 16.0 ], "enabled": false, "windMode": [1,1,1,1] }
					}
				},
				{
					"name": "Flowers2",
					"from": [ -0.0035, 0.0, -0.0024 ], 
					"to": [ -0.0035, 16.0, 15.9976 ], 
					"climateColorMap": "",
					"seasonColorMap": "",
					"rotationOrigin": [ 0.0, 0.0, 8.0 ],
					"rotationY": 89.98,
					"faces": {
						"north": { "texture": "#flowers", "uv": [ 0.0, 0.0, 0.5, 16.0 ], "enabled": false },
						"east": { "texture": "#flowers", "uv": [ 0.0, 0.0, 16.0, 16.0 ], "autoUv": false, "windMode": [0,2,2,0], "windData": [0,1,1,0] },
						"south": { "texture": "#flowers", "uv": [ 0.0, 0.0, 0.5, 16.0 ], "enabled": false },
						"west": { "texture": "#flowers", "uv": [ 0.0, 0.0, 16.0, 16.0 ], "enabled": false },
						"up": { "texture": "#flowers", "uv": [ 0.0, 0.0, 0.5, 16.0 ], "enabled": false },
						"down": { "texture": "#flowers", "uv": [ 0.0, 0.0, 0.5, 16.0 ], "enabled": false }
					}
				}
			]
		}
	]}