{
	"code": "poultice",
	"class": "ItemPoultice",
	"attributesByType": {
		"*-reed-honey-sulfur-lavender": { "health": 6 },
        "*-reed-honey-sulfur-thyme": { "health": 5.5 },
        "*-reed-honey-sulfur-marshmallow": { "health": 5 },

        "*-linen-honey-sulfur-lavender": { "health": 9 },
        "*-linen-honey-sulfur-thyme": { "health": 8 },
        "*-linen-honey-sulfur-marshmallow": { "health": 7.5 },

		"*-reed-horsetail-lavender": { "health": 3 },
        "*-reed-horsetail-thyme": { "health": 5 },
        "*-reed-horsetail-marshmallow": { "health": 4 },

        "*-linen-horsetail-lavender": { "health": 5 },
        "*-linen-horsetail-thyme": { "health": 7 },
        "*-linen-horsetail-marshmallow": { "health": 6 },

        "*-reed-stjohnswort-lavender": { "health": 4 },
        "*-reed-stjohnswort-thyme": { "health": 3 },
        "*-reed-stjohnswort-marshmallow": { "health": 6 },
		
        "*-linen-stjohnswort-lavender": { "health": 6 },
        "*-linen-stjohnswort-thyme": { "health": 5 },
        "*-linen-stjohnswort-marshmallow": { "health": 8 },
	},
	"maxstacksize": 16,
	"variantgroups": [
		{ "code": "material", "states": ["linen", "reed" ] },
		{ "code": "primary", "states": ["honey-sulfur", "horsetail", "stjohnswort" ] },
        { "code": "secondary", "states": ["lavender", "thyme", "marshmallow" ] }
	],
	"shape": { "base": "game:item/medicine/poultice-{material}" },
	"textures": {
		"primary": { "base": "wildcraft:item/medicine/{material}/{primary}" },
	},
	"creativeinventory": { "general": ["*"], "items": ["*"] },
	"materialDensity": 600,
	"guiTransform": {
		translation: { x: 3, y: 0, z: 0 },
		rotation: { x: 120, y: 41, z: 7 },
		origin: { x: 0.5, y: 0.11, z: 0.5 },
		scale: 2.15
	},
	fpHandTransform: {
		translation: { x: 0, y: 0, z: 0 },
		rotation: { x: 40, y: 91, z: 15 },
		origin: { x: 0.8, y: 0.4, z: 0 },
		scale: 1.47
	},
	groundTransform: {
		translation: { x: 0, y: 0, z: 0 },
		rotation: { x: 180, y: 33, z: -180 },
		origin: { x: 0.5, y: 0, z: 0.5 },
		scale: 2.5
	},
	tpHandTransform: {
		translation: { x: 0, y: 0, z: 0 },
		rotation: { x: 5, y: 41, z: -31 },
		origin: { x: 0.16, y: 0.05, z: 0.08 },
		scale: 0.44
	}
}