{
	"editor": {
		"allAngles": false,
		"entityTextureMode": false
	},
	"textureWidth": 16,
	"textureHeight": 16,
	"textureSizes": {
	},
	"textures": {
	},
	"elements": [
		{
			"name": "Leaves",
			"from": [ 8.0, 0.0, 0.0 ], 
			"to": [ 8.0, 4.0, 16.0 ], 
			"climateColorMap": "climatePlantTint",
			"seasonColorMap": "seasonalFoliage",
			"rotationOrigin": [ 8.0, 0.0, 8.0 ],
			"faces": {
				"north": { "texture": "#leaves", "uv": [ 0.0, 0.0, 0.5, 4.0 ], "enabled": false },
				"east": { "texture": "#leaves", "uv": [ 3.0, 1.0, 14.0, 16.0 ], "autoUv": false },
				"south": { "texture": "#leaves", "uv": [ 0.0, 0.0, 0.5, 4.0 ], "enabled": false },
				"west": { "texture": "#leaves", "uv": [ 0.0, 0.0, 16.0, 4.0 ], "enabled": false },
				"up": { "texture": "#leaves", "uv": [ 0.0, 0.0, 0.5, 16.0 ], "enabled": false },
				"down": { "texture": "#leaves", "uv": [ 0.0, 0.0, 0.5, 16.0 ], "enabled": false }
			},
			"children": [
				{
					"name": "Leaves2",
					"from": [ -7.0E-4, 0.0, -0.0024 ], 
					"to": [ -7.0E-4, 4.0, 15.9976 ], 
					"climateColorMap": "climatePlantTint",
					"seasonColorMap": "seasonalFoliage",
					"rotationOrigin": [ 0.0, 0.0, 8.0 ],
					"rotationY": 90.0,
					"faces": {
						"north": { "texture": "#leaves", "uv": [ 0.0, 0.0, 0.5, 4.0 ], "enabled": false },
						"east": { "texture": "#leaves", "uv": [ 3.0, 1.0, 14.0, 16.0 ], "autoUv": false },
						"south": { "texture": "#leaves", "uv": [ 0.0, 0.0, 0.5, 4.0 ], "enabled": false },
						"west": { "texture": "#leaves", "uv": [ 0.0, 0.0, 16.0, 4.0 ], "enabled": false },
						"up": { "texture": "#leaves", "uv": [ 0.0, 0.0, 0.5, 16.0 ], "enabled": false },
						"down": { "texture": "#leaves", "uv": [ 0.0, 0.0, 0.5, 16.0 ], "enabled": false }
					}
				}
			]
		}
	]}