{
	"editor": {
		"allAngles": false,
		"entityTextureMode": false
	},
	"textureWidth": 16,
	"textureHeight": 16,
	"textureSizes": {
	},
	"textures": {
		"bearleek_bulb": "wildcraft:block/food/roots/bearleek_bulb"
	},
	"elements": [
		{
			"name": "onion 2",
			"from": [ 6.75, 0.5, 6.75 ], 
			"to": [ 9.25, 2.0, 9.25 ], 
			"rotationOrigin": [ 7.8, 0.0, 8.0 ],
			"faces": {
				"north": { "texture": "#bearleek_bulb", "uv": [ 2.6667, 2.6667, 6.0, 4.6667 ], "autoUv": false },
				"east": { "texture": "#bearleek_bulb", "uv": [ 2.6667, 3.3333, 6.0, 5.3333 ], "autoUv": false },
				"south": { "texture": "#bearleek_bulb", "uv": [ 1.3333, 7.3333, 4.6667, 5.3667 ], "autoUv": false },
				"west": { "texture": "#bearleek_bulb", "uv": [ 2.6667, 3.3333, 6.0, 5.3333 ], "autoUv": false },
				"up": { "texture": "#bearleek_bulb", "uv": [ 3.3333, 1.3333, 6.6633, 4.6633 ], "autoUv": false },
				"down": { "texture": "#bearleek_bulb", "uv": [ 2.6667, 7.3333, 5.9933, 10.6633 ], "autoUv": false }
			},
			"children": [
				{
					"name": "onion 2 top",
					"from": [ 0.5, 1.5, 0.5 ], 
					"to": [ 2.0, 2.0, 2.0 ], 
					"faces": {
						"north": { "texture": "#bearleek_bulb", "uv": [ 5.3333, 2.0, 7.33, 2.6667 ], "autoUv": false },
						"east": { "texture": "#bearleek_bulb", "uv": [ 5.3333, 1.3333, 7.33, 2.0 ], "autoUv": false },
						"south": { "texture": "#bearleek_bulb", "uv": [ 1.3333, 2.0, 3.33, 2.6667 ], "autoUv": false },
						"west": { "texture": "#bearleek_bulb", "uv": [ 2.0, 0.6667, 3.9967, 1.3333 ], "autoUv": false },
						"up": { "texture": "#bearleek_bulb", "uv": [ 3.3333, 0.0, 5.3333, 2.0 ], "autoUv": false },
						"down": { "texture": "#bearleek_bulb", "uv": [ 9.3333, 7.3333, 10.6667, 8.6667 ], "enabled": false }
					}
				},
				{
					"name": "s 2",
					"from": [ -1.1, 2.0, 1.25 ], 
					"to": [ 3.9, 5.0, 1.25 ], 
					"shade": false,
					"rotationOrigin": [ 5.2, 2.0, 1.5 ],
					"faces": {
						"north": { "texture": "#bearleek_bulb", "uv": [ 0.0, 0.0, 4.6667, 2.6667 ], "enabled": false },
						"east": { "texture": "#bearleek_bulb", "uv": [ 0.0, 0.0, 0.6667, 2.6667 ], "enabled": false },
						"south": { "texture": "#bearleek_bulb", "uv": [ 9.2, 11.76, 15.88, 16.0033 ], "autoUv": false },
						"west": { "texture": "#bearleek_bulb", "uv": [ 0.0, 0.0, 0.6667, 2.6667 ], "enabled": false },
						"up": { "texture": "#bearleek_bulb", "uv": [ 0.0, 0.0, 4.6667, 0.6667 ], "enabled": false },
						"down": { "texture": "#bearleek_bulb", "uv": [ 0.0, 0.0, 4.6667, 0.6667 ], "enabled": false }
					}
				},
				{
					"name": "e 2",
					"from": [ 1.25, 2.0, -1.1 ], 
					"to": [ 1.25, 5.0, 3.9 ], 
					"shade": false,
					"rotationOrigin": [ 1.7, 2.0, 6.2 ],
					"faces": {
						"north": { "texture": "#bearleek_bulb", "uv": [ 0.0, 0.0, 0.6667, 2.6667 ], "enabled": false },
						"east": { "texture": "#bearleek_bulb", "uv": [ 8.8, 6.33, 15.45, 10.67 ], "autoUv": false },
						"south": { "texture": "#bearleek_bulb", "uv": [ 0.0, 0.0, 0.6667, 2.6667 ], "enabled": false },
						"west": { "texture": "#bearleek_bulb", "uv": [ 0.0, 0.0, 4.6667, 2.6667 ], "enabled": false },
						"up": { "texture": "#bearleek_bulb", "uv": [ 0.0, 0.0, 0.6667, 4.6667 ], "enabled": false },
						"down": { "texture": "#bearleek_bulb", "uv": [ 0.0, 0.0, 0.6667, 4.6667 ], "enabled": false }
					}
				},
				{
					"name": "onion bottom",
					"from": [ 0.5, -0.5, 0.5 ], 
					"to": [ 2.0, 0.0, 2.0 ], 
					"faces": {
						"north": { "texture": "#bearleek_bulb", "uv": [ 6.0, 12.0, 8.0, 12.6667 ], "autoUv": false },
						"east": { "texture": "#bearleek_bulb", "uv": [ 1.3333, 6.0, 3.33, 6.6667 ], "autoUv": false },
						"south": { "texture": "#bearleek_bulb", "uv": [ 5.3333, 10.0, 7.3333, 10.6667 ], "autoUv": false },
						"west": { "texture": "#bearleek_bulb", "uv": [ 3.3333, 6.6667, 5.33, 7.3333 ], "autoUv": false },
						"up": { "texture": "#bearleek_bulb", "uv": [ 3.3333, 8.0, 4.6667, 9.3333 ], "enabled": false },
						"down": { "texture": "#bearleek_bulb", "uv": [ 2.0, 8.0, 4.0, 10.0 ], "autoUv": false }
					}
				}
			]
		}
	]}