{
	"editor": {
		"allAngles": false,
		"entityTextureMode": false
	},
	"textureWidth": 16,
	"textureHeight": 16,
	"textureSizes": {
		"arrowhead_bulb": [24,24]
	},
	"textures": {
		"arrowhead_bulb": "wildcraft:block/food/roots/arrowhead_bulb"
	},
	"elements": [
		{
			"name": "Bulb",
			"from": [ 0.0, 0.0, 0.0 ], 
			"to": [ 3.5, 3.5, 3.5 ], 
			"faces": {
				"north": { "texture": "#arrowhead_bulb", "uv": [ 0.0, 7.0, 7.0, 14.0 ], "rotation": 270, "autoUv": false },
				"east": { "texture": "#arrowhead_bulb", "uv": [ 0.0, 0.0, 7.0, 7.0 ], "autoUv": false },
				"south": { "texture": "#arrowhead_bulb", "uv": [ 0.0, 7.0, 7.0, 14.0 ], "rotation": 90, "autoUv": false },
				"west": { "texture": "#arrowhead_bulb", "uv": [ 7.0, 0.0, 14.0, 7.0 ], "autoUv": false },
				"up": { "texture": "#arrowhead_bulb", "uv": [ 0.0, 7.0, 7.0, 14.0 ], "rotation": 90, "autoUv": false },
				"down": { "texture": "#arrowhead_bulb", "uv": [ 0.0, 7.0, 7.0, 14.0 ], "rotation": 270, "autoUv": false }
			},
			"children": [
				{
					"name": "Root1",
					"from": [ 3.5, 0.7, 0.7 ], 
					"to": [ 6.5, 2.7, 2.7 ], 
					"rotationOrigin": [ 3.5, 0.7, 0.7 ],
					"faces": {
						"north": { "texture": "#arrowhead_bulb", "uv": [ 16.0, 0.0, 22.0, 4.0 ], "autoUv": false },
						"east": { "texture": "#arrowhead_bulb", "uv": [ 16.0, 0.0, 20.0, 4.0 ], "autoUv": false },
						"south": { "texture": "#arrowhead_bulb", "uv": [ 16.0, 2.0, 22.0, 6.0 ], "autoUv": false },
						"west": { "texture": "#arrowhead_bulb", "uv": [ 0.0, 0.0, 2.0, 2.0 ], "enabled": false },
						"up": { "texture": "#arrowhead_bulb", "uv": [ 16.0, 0.0, 22.0, 4.0 ], "autoUv": false },
						"down": { "texture": "#arrowhead_bulb", "uv": [ 16.0, 2.0, 22.0, 6.0 ], "autoUv": false }
					},
					"children": [
						{
							"name": "Root2",
							"from": [ 3.0, 0.2, 0.1 ], 
							"to": [ 6.0, 1.8, 1.7 ], 
							"rotationOrigin": [ 3.0, 0.7, 0.1 ],
							"rotationY": -22.5,
							"faces": {
								"north": { "texture": "#arrowhead_bulb", "uv": [ 16.0, 7.0, 22.0, 10.0 ], "autoUv": false },
								"east": { "texture": "#arrowhead_bulb", "uv": [ 16.0, 8.0, 19.0, 11.0 ], "autoUv": false },
								"south": { "texture": "#arrowhead_bulb", "uv": [ 16.0, 8.0, 22.0, 11.0 ], "autoUv": false },
								"west": { "texture": "#arrowhead_bulb", "uv": [ 0.0, 0.0, 1.0, 1.0 ], "enabled": false },
								"up": { "texture": "#arrowhead_bulb", "uv": [ 16.0, 4.0, 22.0, 7.0 ], "autoUv": false },
								"down": { "texture": "#arrowhead_bulb", "uv": [ 16.0, 3.0, 22.0, 6.0 ], "autoUv": false }
							},
							"children": [
								{
									"name": "Root3",
									"from": [ 3.0, 0.2, 0.1 ], 
									"to": [ 6.0, 1.4, 1.3 ], 
									"rotationOrigin": [ 3.0, 0.7, 0.1 ],
									"rotationY": -22.5,
									"faces": {
										"north": { "texture": "#arrowhead_bulb", "uv": [ 16.0, 10.0, 22.0, 12.0 ], "autoUv": false },
										"east": { "texture": "#arrowhead_bulb", "uv": [ 16.0, 9.0, 18.0, 11.0 ], "autoUv": false },
										"south": { "texture": "#arrowhead_bulb", "uv": [ 16.0, 12.0, 22.0, 14.0 ], "autoUv": false },
										"west": { "texture": "#arrowhead_bulb", "uv": [ 0.0, 0.0, 1.0, 1.0 ], "enabled": false },
										"up": { "texture": "#arrowhead_bulb", "uv": [ 16.0, 12.0, 22.0, 14.0 ], "autoUv": false },
										"down": { "texture": "#arrowhead_bulb", "uv": [ 16.0, 13.0, 22.0, 15.0 ], "autoUv": false }
									}
								}
							]
						}
					]
				}
			]
		}
	]}