{
	"editor": {
		"allAngles": false,
		"entityTextureMode": false
	},
	"textureWidth": 8,
	"textureHeight": 8,
	"textureSizes": {
	},
	"textures": {
		"huckleberry": "items/fruit/huckleberry"
	},
	"elements": [
		{
			"name": "origin",
			"from": [ 8.0, 0.0, 8.0 ], 
			"to": [ 8.0, 0.0, 8.0 ], 
			"rotationOrigin": [ 8.0, 0.0, 8.0 ],
			"faces": {
				"north": { "texture": "#huckleberry", "uv": [ 0.0, 0.0, 0.5, 0.5 ], "enabled": false },
				"east": { "texture": "#huckleberry", "uv": [ 0.0, 0.0, 0.5, 0.5 ], "enabled": false },
				"south": { "texture": "#huckleberry", "uv": [ 0.0, 0.0, 0.5, 0.5 ], "enabled": false },
				"west": { "texture": "#huckleberry", "uv": [ 0.0, 0.0, 0.5, 0.5 ], "enabled": false },
				"up": { "texture": "#huckleberry", "uv": [ 0.0, 0.0, 0.5, 0.5 ], "enabled": false },
				"down": { "texture": "#huckleberry", "uv": [ 0.0, 0.0, 0.5, 0.5 ], "enabled": false }
			},
			"children": [
				{
					"name": "branch",
					"from": [ -0.3, 1.0, -0.3 ], 
					"to": [ 0.3, 6.0, 0.3 ], 
					"rotationOrigin": [ 0.0, 1.0, 0.0 ],
					"rotationX": -22.5,
					"faces": {
						"north": { "texture": "#huckleberry", "uv": [ 1.0, 7.0, 6.0, 7.5 ], "rotation": 90 },
						"east": { "texture": "#huckleberry", "uv": [ 1.5, 6.0, 6.5, 6.5 ], "rotation": 90 },
						"south": { "texture": "#huckleberry", "uv": [ 1.0, 7.5, 6.0, 8.0 ], "rotation": 90 },
						"west": { "texture": "#huckleberry", "uv": [ 1.5, 7.0, 6.5, 7.5 ], "rotation": 90 },
						"up": { "texture": "#huckleberry", "uv": [ 5.5, 7.5, 6.0, 8.0 ] },
						"down": { "texture": "#huckleberry", "uv": [ 2.0, 7.0, 2.5, 7.5 ] }
					},
					"children": [
						{
							"name": "berry1",
							"from": [ 0.3, 1.0, 0.3 ], 
							"to": [ 2.3, 3.0, 2.3 ], 
							"rotationOrigin": [ 1.3, 2.0, 1.3 ],
							"rotationY": -45.0,
							"faces": {
								"north": { "texture": "#huckleberry", "uv": [ 0.0, 0.0, 2.0, 2.0 ] },
								"east": { "texture": "#huckleberry", "uv": [ 0.0, 0.0, 2.0, 2.0 ] },
								"south": { "texture": "#huckleberry", "uv": [ 0.0, 0.0, 2.0, 2.0 ] },
								"west": { "texture": "#huckleberry", "uv": [ 0.0, 0.0, 2.0, 2.0 ] },
								"up": { "texture": "#huckleberry", "uv": [ 0.0, 2.0, 2.0, 4.0 ] },
								"down": { "texture": "#huckleberry", "uv": [ 0.0, 2.0, 2.0, 4.0 ] }
							},
							"children": [
								{
									"name": "w1",
									"from": [ 0.0, -0.5, 1.0 ], 
									"to": [ 2.0, 2.5, 1.0 ], 
									"rotationOrigin": [ 1.0, 1.0, 1.0 ],
									"rotationY": -45.0,
									"faces": {
										"north": { "texture": "#huckleberry", "uv": [ 2.0, 0.0, 4.0, 3.0 ] },
										"east": { "texture": "#huckleberry", "uv": [ 0.0, 0.0, 0.5, 3.0 ], "enabled": false },
										"south": { "texture": "#huckleberry", "uv": [ 0.0, 0.0, 2.0, 3.0 ], "enabled": false },
										"west": { "texture": "#huckleberry", "uv": [ 0.0, 0.0, 0.5, 3.0 ], "enabled": false },
										"up": { "texture": "#huckleberry", "uv": [ 0.0, 0.0, 2.0, 0.5 ], "enabled": false },
										"down": { "texture": "#huckleberry", "uv": [ 0.0, 0.0, 2.0, 0.5 ], "enabled": false }
									}
								},
								{
									"name": "e1",
									"from": [ 0.0, -0.5, 1.0 ], 
									"to": [ 2.0, 2.5, 1.0 ], 
									"rotationOrigin": [ 1.0, 1.0, 1.0 ],
									"rotationY": 45.0,
									"faces": {
										"north": { "texture": "#huckleberry", "uv": [ 2.0, 0.0, 4.0, 3.0 ] },
										"east": { "texture": "#huckleberry", "uv": [ 0.0, 0.0, 0.5, 3.0 ], "enabled": false },
										"south": { "texture": "#huckleberry", "uv": [ 0.0, 0.0, 2.0, 3.0 ], "enabled": false },
										"west": { "texture": "#huckleberry", "uv": [ 0.0, 0.0, 0.5, 3.0 ], "enabled": false },
										"up": { "texture": "#huckleberry", "uv": [ 0.0, 0.0, 2.0, 0.5 ], "enabled": false },
										"down": { "texture": "#huckleberry", "uv": [ 0.0, 0.0, 2.0, 0.5 ], "enabled": false }
									}
								}
							]
						},
						{
							"name": "berry2",
							"from": [ -0.7, 0.0, -2.7 ], 
							"to": [ 1.3, 2.0, -0.7 ], 
							"rotationOrigin": [ 0.3, 1.0, -1.7 ],
							"rotationX": -45.0,
							"faces": {
								"north": { "texture": "#huckleberry", "uv": [ 0.0, 0.0, 2.0, 2.0 ] },
								"east": { "texture": "#huckleberry", "uv": [ 0.0, 0.0, 2.0, 2.0 ] },
								"south": { "texture": "#huckleberry", "uv": [ 0.0, 0.0, 2.0, 2.0 ] },
								"west": { "texture": "#huckleberry", "uv": [ 0.0, 0.0, 2.0, 2.0 ] },
								"up": { "texture": "#huckleberry", "uv": [ 0.0, 2.0, 2.0, 4.0 ] },
								"down": { "texture": "#huckleberry", "uv": [ 0.0, 2.0, 2.0, 4.0 ] }
							},
							"children": [
								{
									"name": "w2",
									"from": [ 0.0, -0.5, 1.0 ], 
									"to": [ 2.0, 2.5, 1.0 ], 
									"rotationOrigin": [ 1.0, 1.0, 1.0 ],
									"rotationY": -45.0,
									"faces": {
										"north": { "texture": "#huckleberry", "uv": [ 2.0, 0.0, 4.0, 3.0 ] },
										"east": { "texture": "#huckleberry", "uv": [ 0.0, 0.0, 0.5, 3.0 ], "enabled": false },
										"south": { "texture": "#huckleberry", "uv": [ 0.0, 0.0, 2.0, 3.0 ], "enabled": false },
										"west": { "texture": "#huckleberry", "uv": [ 0.0, 0.0, 0.5, 3.0 ], "enabled": false },
										"up": { "texture": "#huckleberry", "uv": [ 0.0, 0.0, 2.0, 0.5 ], "enabled": false },
										"down": { "texture": "#huckleberry", "uv": [ 0.0, 0.0, 2.0, 0.5 ], "enabled": false }
									}
								},
								{
									"name": "e2",
									"from": [ 0.0, -0.5, 1.0 ], 
									"to": [ 2.0, 2.5, 1.0 ], 
									"rotationOrigin": [ 1.0, 1.0, 1.0 ],
									"rotationY": 45.0,
									"faces": {
										"north": { "texture": "#huckleberry", "uv": [ 2.0, 0.0, 4.0, 3.0 ] },
										"east": { "texture": "#huckleberry", "uv": [ 0.0, 0.0, 0.5, 3.0 ], "enabled": false },
										"south": { "texture": "#huckleberry", "uv": [ 0.0, 0.0, 2.0, 3.0 ], "enabled": false },
										"west": { "texture": "#huckleberry", "uv": [ 0.0, 0.0, 0.5, 3.0 ], "enabled": false },
										"up": { "texture": "#huckleberry", "uv": [ 0.0, 0.0, 2.0, 0.5 ], "enabled": false },
										"down": { "texture": "#huckleberry", "uv": [ 0.0, 0.0, 2.0, 0.5 ], "enabled": false }
									}
								}
							]
						},
						{
							"name": "berry3",
							"from": [ 0.3, 1.0, -1.7 ], 
							"to": [ 2.3, 3.0, 0.3 ], 
							"rotationOrigin": [ 1.3, 2.0, -0.7 ],
							"rotationX": -22.5,
							"rotationY": 22.5,
							"faces": {
								"north": { "texture": "#huckleberry", "uv": [ 0.0, 0.0, 2.0, 2.0 ] },
								"east": { "texture": "#huckleberry", "uv": [ 0.0, 0.0, 2.0, 2.0 ] },
								"south": { "texture": "#huckleberry", "uv": [ 0.0, 0.0, 2.0, 2.0 ] },
								"west": { "texture": "#huckleberry", "uv": [ 0.0, 0.0, 2.0, 2.0 ] },
								"up": { "texture": "#huckleberry", "uv": [ 0.0, 2.0, 2.0, 4.0 ] },
								"down": { "texture": "#huckleberry", "uv": [ 0.0, 2.0, 2.0, 4.0 ] }
							},
							"children": [
								{
									"name": "w3",
									"from": [ 0.0, -0.5, 1.0 ], 
									"to": [ 2.0, 2.5, 1.0 ], 
									"rotationOrigin": [ 1.0, 1.0, 1.0 ],
									"rotationY": -45.0,
									"faces": {
										"north": { "texture": "#huckleberry", "uv": [ 2.0, 0.0, 4.0, 3.0 ] },
										"east": { "texture": "#huckleberry", "uv": [ 0.0, 0.0, 0.5, 3.0 ], "enabled": false },
										"south": { "texture": "#huckleberry", "uv": [ 0.0, 0.0, 2.0, 3.0 ], "enabled": false },
										"west": { "texture": "#huckleberry", "uv": [ 0.0, 0.0, 0.5, 3.0 ], "enabled": false },
										"up": { "texture": "#huckleberry", "uv": [ 0.0, 0.0, 2.0, 0.5 ], "enabled": false },
										"down": { "texture": "#huckleberry", "uv": [ 0.0, 0.0, 2.0, 0.5 ], "enabled": false }
									}
								},
								{
									"name": "e3",
									"from": [ 0.0, -0.5, 1.0 ], 
									"to": [ 2.0, 2.5, 1.0 ], 
									"rotationOrigin": [ 1.0, 1.0, 1.0 ],
									"rotationY": 45.0,
									"faces": {
										"north": { "texture": "#huckleberry", "uv": [ 2.0, 0.0, 4.0, 3.0 ] },
										"east": { "texture": "#huckleberry", "uv": [ 0.0, 0.0, 0.5, 3.0 ], "enabled": false },
										"south": { "texture": "#huckleberry", "uv": [ 0.0, 0.0, 2.0, 3.0 ], "enabled": false },
										"west": { "texture": "#huckleberry", "uv": [ 0.0, 0.0, 0.5, 3.0 ], "enabled": false },
										"up": { "texture": "#huckleberry", "uv": [ 0.0, 0.0, 2.0, 0.5 ], "enabled": false },
										"down": { "texture": "#huckleberry", "uv": [ 0.0, 0.0, 2.0, 0.5 ], "enabled": false }
									}
								}
							]
						},
						{
							"name": "berry4",
							"from": [ -1.7, 2.0, -0.7 ], 
							"to": [ 0.3, 4.0, 1.3 ], 
							"rotationOrigin": [ -0.7, 3.0, 0.3 ],
							"rotationY": 22.5,
							"faces": {
								"north": { "texture": "#huckleberry", "uv": [ 0.0, 0.0, 2.0, 2.0 ] },
								"east": { "texture": "#huckleberry", "uv": [ 0.0, 0.0, 2.0, 2.0 ] },
								"south": { "texture": "#huckleberry", "uv": [ 0.0, 0.0, 2.0, 2.0 ] },
								"west": { "texture": "#huckleberry", "uv": [ 0.0, 0.0, 2.0, 2.0 ] },
								"up": { "texture": "#huckleberry", "uv": [ 0.0, 2.0, 2.0, 4.0 ] },
								"down": { "texture": "#huckleberry", "uv": [ 0.0, 2.0, 2.0, 4.0 ] }
							},
							"children": [
								{
									"name": "w4",
									"from": [ 0.5, -0.5, 1.0 ], 
									"to": [ 1.5, 2.5, 1.0 ], 
									"rotationOrigin": [ 1.0, 1.0, 1.0 ],
									"rotationY": 45.0,
									"faces": {
										"north": { "texture": "#huckleberry", "uv": [ 2.5, 0.0, 3.5, 3.0 ] },
										"east": { "texture": "#huckleberry", "uv": [ 0.0, 0.0, 0.5, 3.0 ], "enabled": false },
										"south": { "texture": "#huckleberry", "uv": [ 0.0, 0.0, 1.0, 3.0 ], "enabled": false },
										"west": { "texture": "#huckleberry", "uv": [ 0.0, 0.0, 0.5, 3.0 ], "enabled": false },
										"up": { "texture": "#huckleberry", "uv": [ 0.0, 0.0, 1.0, 0.5 ], "enabled": false },
										"down": { "texture": "#huckleberry", "uv": [ 0.0, 0.0, 1.0, 0.5 ], "enabled": false }
									}
								},
								{
									"name": "e4",
									"from": [ 0.5, -0.5, 1.0 ], 
									"to": [ 1.5, 2.5, 1.0 ], 
									"rotationOrigin": [ 1.0, 1.0, 1.0 ],
									"rotationY": -45.0,
									"faces": {
										"north": { "texture": "#huckleberry", "uv": [ 2.5, 0.0, 3.5, 3.0 ] },
										"east": { "texture": "#huckleberry", "uv": [ 0.0, 0.0, 0.5, 3.0 ], "enabled": false },
										"south": { "texture": "#huckleberry", "uv": [ 0.0, 0.0, 1.0, 3.0 ], "enabled": false },
										"west": { "texture": "#huckleberry", "uv": [ 0.0, 0.0, 0.5, 3.0 ], "enabled": false },
										"up": { "texture": "#huckleberry", "uv": [ 0.0, 0.0, 1.0, 0.5 ], "enabled": false },
										"down": { "texture": "#huckleberry", "uv": [ 0.0, 0.0, 1.0, 0.5 ], "enabled": false }
									}
								}
							]
						},
						{
							"name": "berry5",
							"from": [ -1.2, -1.5, -0.7 ], 
							"to": [ 0.8, 0.5, 1.3 ], 
							"rotationOrigin": [ -0.2, -0.5, 0.3 ],
							"rotationY": -45.0,
							"rotationZ": -22.5,
							"faces": {
								"north": { "texture": "#huckleberry", "uv": [ 0.0, 0.0, 2.0, 2.0 ] },
								"east": { "texture": "#huckleberry", "uv": [ 0.0, 0.0, 2.0, 2.0 ] },
								"south": { "texture": "#huckleberry", "uv": [ 0.0, 0.0, 2.0, 2.0 ] },
								"west": { "texture": "#huckleberry", "uv": [ 0.0, 0.0, 2.0, 2.0 ] },
								"up": { "texture": "#huckleberry", "uv": [ 0.0, 2.0, 2.0, 4.0 ] },
								"down": { "texture": "#huckleberry", "uv": [ 0.0, 2.0, 2.0, 4.0 ] }
							},
							"children": [
								{
									"name": "w5",
									"from": [ 0.5, -0.5, 1.0 ], 
									"to": [ 1.5, 2.5, 1.0 ], 
									"rotationOrigin": [ 1.0, 0.0, 1.0 ],
									"rotationY": -45.0,
									"faces": {
										"north": { "texture": "#huckleberry", "uv": [ 2.5, 0.0, 3.5, 3.0 ] },
										"east": { "texture": "#huckleberry", "uv": [ 0.0, 0.0, 0.5, 3.0 ], "enabled": false },
										"south": { "texture": "#huckleberry", "uv": [ 0.0, 0.0, 1.0, 3.0 ], "enabled": false },
										"west": { "texture": "#huckleberry", "uv": [ 0.0, 0.0, 0.5, 3.0 ], "enabled": false },
										"up": { "texture": "#huckleberry", "uv": [ 0.0, 0.0, 1.0, 0.5 ], "enabled": false },
										"down": { "texture": "#huckleberry", "uv": [ 0.0, 0.0, 1.0, 0.5 ], "enabled": false }
									}
								},
								{
									"name": "e5",
									"from": [ 0.5, -0.5, 1.0 ], 
									"to": [ 1.5, 2.5, 1.0 ], 
									"rotationOrigin": [ 1.0, 0.0, 1.0 ],
									"rotationY": 45.0,
									"faces": {
										"north": { "texture": "#huckleberry", "uv": [ 2.5, 0.0, 3.5, 3.0 ] },
										"east": { "texture": "#huckleberry", "uv": [ 0.0, 0.0, 0.5, 3.0 ], "enabled": false },
										"south": { "texture": "#huckleberry", "uv": [ 0.0, 0.0, 1.0, 3.0 ], "enabled": false },
										"west": { "texture": "#huckleberry", "uv": [ 0.0, 0.0, 0.5, 3.0 ], "enabled": false },
										"up": { "texture": "#huckleberry", "uv": [ 0.0, 0.0, 1.0, 0.5 ], "enabled": false },
										"down": { "texture": "#huckleberry", "uv": [ 0.0, 0.0, 1.0, 0.5 ], "enabled": false }
									}
								}
							]
						},
						{
							"name": "berry6",
							"from": [ -1.7, 0.0, -0.7 ], 
							"to": [ 0.3, 2.0, 1.3 ], 
							"rotationOrigin": [ -0.7, 1.0, 0.3 ],
							"rotationX": 22.5,
							"rotationY": -45.0,
							"rotationZ": 22.5,
							"faces": {
								"north": { "texture": "#huckleberry", "uv": [ 0.0, 0.0, 2.0, 2.0 ] },
								"east": { "texture": "#huckleberry", "uv": [ 0.0, 0.0, 2.0, 2.0 ] },
								"south": { "texture": "#huckleberry", "uv": [ 0.0, 0.0, 2.0, 2.0 ] },
								"west": { "texture": "#huckleberry", "uv": [ 0.0, 0.0, 2.0, 2.0 ] },
								"up": { "texture": "#huckleberry", "uv": [ 0.0, 2.0, 2.0, 4.0 ] },
								"down": { "texture": "#huckleberry", "uv": [ 0.0, 2.0, 2.0, 4.0 ] }
							},
							"children": [
								{
									"name": "w6",
									"from": [ 0.5, -0.5, 1.0 ], 
									"to": [ 1.5, 2.5, 1.0 ], 
									"rotationOrigin": [ 1.0, 0.0, 1.0 ],
									"rotationY": -45.0,
									"faces": {
										"north": { "texture": "#huckleberry", "uv": [ 0.0, 0.0, 1.0, 3.0 ] },
										"east": { "texture": "#huckleberry", "uv": [ 0.0, 0.0, 0.5, 3.0 ] },
										"south": { "texture": "#huckleberry", "uv": [ 0.0, 0.0, 1.0, 3.0 ] },
										"west": { "texture": "#huckleberry", "uv": [ 0.0, 0.0, 0.5, 3.0 ] },
										"up": { "texture": "#huckleberry", "uv": [ 0.0, 0.0, 1.0, 0.5 ] },
										"down": { "texture": "#huckleberry", "uv": [ 0.0, 0.0, 1.0, 0.5 ] }
									}
								},
								{
									"name": "e6",
									"from": [ 0.5, -0.5, 1.0 ], 
									"to": [ 1.5, 2.5, 1.0 ], 
									"rotationOrigin": [ 1.0, 0.0, 1.0 ],
									"rotationY": 45.0,
									"faces": {
										"north": { "texture": "#huckleberry", "uv": [ 0.0, 0.0, 1.0, 3.0 ] },
										"east": { "texture": "#huckleberry", "uv": [ 0.0, 0.0, 0.5, 3.0 ] },
										"south": { "texture": "#huckleberry", "uv": [ 0.0, 0.0, 1.0, 3.0 ] },
										"west": { "texture": "#huckleberry", "uv": [ 0.0, 0.0, 0.5, 3.0 ] },
										"up": { "texture": "#huckleberry", "uv": [ 0.0, 0.0, 1.0, 0.5 ] },
										"down": { "texture": "#huckleberry", "uv": [ 0.0, 0.0, 1.0, 0.5 ] }
									}
								}
							]
						},
						{
							"name": "berry7",
							"from": [ 0.3, -1.0, -0.7 ], 
							"to": [ 2.3, 1.0, 1.3 ], 
							"rotationOrigin": [ 1.3, 0.0, 0.3 ],
							"rotationY": -22.5,
							"rotationZ": 22.5,
							"faces": {
								"north": { "texture": "#huckleberry", "uv": [ 0.0, 0.0, 2.0, 2.0 ] },
								"east": { "texture": "#huckleberry", "uv": [ 0.0, 0.0, 2.0, 2.0 ] },
								"south": { "texture": "#huckleberry", "uv": [ 0.0, 0.0, 2.0, 2.0 ] },
								"west": { "texture": "#huckleberry", "uv": [ 0.0, 0.0, 2.0, 2.0 ] },
								"up": { "texture": "#huckleberry", "uv": [ 0.0, 2.0, 2.0, 4.0 ] },
								"down": { "texture": "#huckleberry", "uv": [ 0.0, 2.0, 2.0, 4.0 ] }
							},
							"children": [
								{
									"name": "w7",
									"from": [ 0.5, -0.5, 1.0 ], 
									"to": [ 1.5, 2.5, 1.0 ], 
									"rotationOrigin": [ 1.0, 1.0, 1.0 ],
									"rotationY": 45.0,
									"faces": {
										"north": { "texture": "#huckleberry", "uv": [ 2.5, 0.0, 3.5, 3.0 ] },
										"east": { "texture": "#huckleberry", "uv": [ 0.0, 0.0, 0.5, 3.0 ], "enabled": false },
										"south": { "texture": "#huckleberry", "uv": [ 0.0, 0.0, 1.0, 3.0 ], "enabled": false },
										"west": { "texture": "#huckleberry", "uv": [ 0.0, 0.0, 0.5, 3.0 ], "enabled": false },
										"up": { "texture": "#huckleberry", "uv": [ 0.0, 0.0, 1.0, 0.5 ], "enabled": false },
										"down": { "texture": "#huckleberry", "uv": [ 0.0, 0.0, 1.0, 0.5 ], "enabled": false }
									}
								},
								{
									"name": "e7",
									"from": [ 0.5, -0.5, 1.0 ], 
									"to": [ 1.5, 2.5, 1.0 ], 
									"rotationOrigin": [ 1.0, 1.0, 1.0 ],
									"rotationY": -45.0,
									"faces": {
										"north": { "texture": "#huckleberry", "uv": [ 2.5, 0.0, 3.5, 3.0 ] },
										"east": { "texture": "#huckleberry", "uv": [ 0.0, 0.0, 0.5, 3.0 ], "enabled": false },
										"south": { "texture": "#huckleberry", "uv": [ 0.0, 0.0, 1.0, 3.0 ], "enabled": false },
										"west": { "texture": "#huckleberry", "uv": [ 0.0, 0.0, 0.5, 3.0 ], "enabled": false },
										"up": { "texture": "#huckleberry", "uv": [ 0.0, 0.0, 1.0, 0.5 ], "enabled": false },
										"down": { "texture": "#huckleberry", "uv": [ 0.0, 0.0, 1.0, 0.5 ], "enabled": false }
									}
								}
							]
						},
						{
							"name": "berry8",
							"from": [ -0.7, 0.0, 1.3 ], 
							"to": [ 1.3, 2.0, 3.3 ], 
							"rotationOrigin": [ 0.3, 1.0, 2.3 ],
							"faces": {
								"north": { "texture": "#huckleberry", "uv": [ 0.0, 0.0, 2.0, 2.0 ] },
								"east": { "texture": "#huckleberry", "uv": [ 0.0, 0.0, 2.0, 2.0 ] },
								"south": { "texture": "#huckleberry", "uv": [ 0.0, 0.0, 2.0, 2.0 ] },
								"west": { "texture": "#huckleberry", "uv": [ 0.0, 0.0, 2.0, 2.0 ] },
								"up": { "texture": "#huckleberry", "uv": [ 0.0, 2.0, 2.0, 4.0 ] },
								"down": { "texture": "#huckleberry", "uv": [ 0.0, 2.0, 2.0, 4.0 ] }
							},
							"children": [
								{
									"name": "w8",
									"from": [ 0.5, -0.5, 1.0 ], 
									"to": [ 1.5, 2.5, 1.0 ], 
									"rotationOrigin": [ 1.0, 0.0, 1.0 ],
									"rotationY": -45.0,
									"faces": {
										"north": { "texture": "#huckleberry", "uv": [ 2.5, 0.0, 3.5, 3.0 ] },
										"east": { "texture": "#huckleberry", "uv": [ 0.0, 0.0, 0.5, 3.0 ], "enabled": false },
										"south": { "texture": "#huckleberry", "uv": [ 0.0, 0.0, 1.0, 3.0 ], "enabled": false },
										"west": { "texture": "#huckleberry", "uv": [ 0.0, 0.0, 0.5, 3.0 ], "enabled": false },
										"up": { "texture": "#huckleberry", "uv": [ 0.0, 0.0, 1.0, 0.5 ], "enabled": false },
										"down": { "texture": "#huckleberry", "uv": [ 0.0, 0.0, 1.0, 0.5 ], "enabled": false }
									}
								},
								{
									"name": "e8",
									"from": [ 0.5, -0.5, 1.0 ], 
									"to": [ 1.5, 2.5, 1.0 ], 
									"rotationOrigin": [ 1.0, 0.0, 1.0 ],
									"rotationY": 45.0,
									"faces": {
										"north": { "texture": "#huckleberry", "uv": [ 2.5, 0.0, 3.5, 3.0 ] },
										"east": { "texture": "#huckleberry", "uv": [ 0.0, 0.0, 0.5, 3.0 ], "enabled": false },
										"south": { "texture": "#huckleberry", "uv": [ 0.0, 0.0, 1.0, 3.0 ], "enabled": false },
										"west": { "texture": "#huckleberry", "uv": [ 0.0, 0.0, 0.5, 3.0 ], "enabled": false },
										"up": { "texture": "#huckleberry", "uv": [ 0.0, 0.0, 1.0, 0.5 ], "enabled": false },
										"down": { "texture": "#huckleberry", "uv": [ 0.0, 0.0, 1.0, 0.5 ], "enabled": false }
									}
								}
							]
						},
						{
							"name": "leaf1",
							"from": [ -1.2, 4.0, 0.3 ], 
							"to": [ 1.3, 10.0, 0.3 ], 
							"rotationOrigin": [ 0.3, 4.0, 0.3 ],
							"rotationX": -45.0,
							"rotationZ": 45.0,
							"faces": {
								"north": { "texture": "#huckleberry", "uv": [ 5.0, 0.0, 7.5, 6.0 ], "enabled": false },
								"east": { "texture": "#huckleberry", "uv": [ 0.0, 0.0, 0.5, 6.0 ], "enabled": false },
								"south": { "texture": "#huckleberry", "uv": [ 5.0, 0.0, 7.5, 6.0 ] },
								"west": { "texture": "#huckleberry", "uv": [ 0.0, 0.0, 0.5, 6.0 ], "enabled": false },
								"up": { "texture": "#huckleberry", "uv": [ 0.0, 0.0, 2.5, 0.5 ], "enabled": false },
								"down": { "texture": "#huckleberry", "uv": [ 0.0, 0.0, 2.5, 0.5 ], "enabled": false }
							}
						},
						{
							"name": "leaf2",
							"from": [ -1.2, 4.0, 0.3 ], 
							"to": [ 1.3, 10.0, 0.3 ], 
							"rotationOrigin": [ 0.3, 4.0, 0.3 ],
							"rotationX": -45.0,
							"rotationY": -45.0,
							"rotationZ": -45.0,
							"faces": {
								"north": { "texture": "#huckleberry", "uv": [ 5.0, 0.0, 7.5, 6.0 ] },
								"east": { "texture": "#huckleberry", "uv": [ 0.0, 0.0, 0.5, 6.0 ], "enabled": false },
								"south": { "texture": "#huckleberry", "uv": [ 0.0, 0.0, 2.5, 6.0 ], "enabled": false },
								"west": { "texture": "#huckleberry", "uv": [ 0.0, 0.0, 0.5, 6.0 ], "enabled": false },
								"up": { "texture": "#huckleberry", "uv": [ 0.0, 0.0, 2.5, 0.5 ], "enabled": false },
								"down": { "texture": "#huckleberry", "uv": [ 0.0, 0.0, 2.5, 0.5 ], "enabled": false }
							}
						}
					]
				}
			]
		}
	]}