{
	"code": "waterherbseeds",
	"class": "ItemHerbSeed",
	"attributes": {
		"waterplant": "true"
	},
	"maxstacksize": 64,
	"variantgroups": [
		{ "code": "herbs", "states": ["waterchestnut", "skunkcabbage"] }
	],
	"texture": { "base": "wildcraft:items/seeds/{herbs}" },
	"creativeinventory": { "general": ["*"], "items": ["*"], "wildcraft": [ "*" ] },
	"fpHandTransform": {
		"translation": { "x": 0, "y": 0, "z": 0 },
		"rotation": { "x": 180, "y": 90, "z": 13 }
	},
	"materialDensity": 450
}