[
  {
    "op": "add",
    "path": "/ingredients/3/validStacks/13",
    "value": {
      "type": "item",
      "code": "wildcraft:herbs-*",
      "shapeElement": "bowl/vegetable 1/*"
    },
    "file": "game:recipes/cooking/scrambledeggs.json"
  },
  {
    "op": "add",
    "path": "/ingredients/4/validStacks/12",
    "value": {
      "type": "item",
      "code": "wildcraft:herbs-*",
      "shapeElement": "bowl/vegetable 1/*"
    },
    "file": "game:recipes/cooking/scrambledeggs.json"
  }
]