[
  {
    "op": "add",
    "path": "/ingredients/1/validStacks/10",
    "value": {
      "type": "item",
      "code": "wildcraft:herbs-minerslettuce",
      "shapeElement": "bowl/vegetable 1/*"
    },
    "file": "game:recipes/cooking/soup.json"
  },
  {
    "op": "add",
    "path": "/ingredients/1/validStacks/11",
    "value": {
      "type": "item",
      "code": "wildcraft:herbs-sedge",
      "shapeElement": "bowl/vegetable 1/*"
    },
    "file": "game:recipes/cooking/soup.json"
  },
  {
    "op": "add",
    "path": "/ingredients/1/validStacks/12",
    "value": {
      "type": "item",
      "code": "wildcraft:herbs-stingingnettle",
      "shapeElement": "bowl/vegetable 1/*"
    },
    "file": "game:recipes/cooking/soup.json"
  },
  {
    "op": "add",
    "path": "/ingredients/1/validStacks/13",
    "value": {
      "type": "item",
      "code": "wildcraft:herbs-bearleek",
      "shapeElement": "bowl/vegetable 1/*"
    },
    "file": "game:recipes/cooking/soup.json"
  },
  {
    "op": "add",
    "path": "/ingredients/1/validStacks/14",
    "value": {
      "type": "item",
      "code": "wildcraft:herbs-dock",
      "shapeElement": "bowl/vegetable 1/*"
    },
    "file": "game:recipes/cooking/soup.json"
  },
  {
    "op": "add",
    "path": "/ingredients/1/validStacks/15",
    "value": {
      "type": "item",
      "code": "wildcraft:herbs-burdock",
      "shapeElement": "bowl/vegetable 1/*"
    },
    "file": "game:recipes/cooking/soup.json"
  },
  {
    "op": "add",
    "path": "/ingredients/1/validStacks/16",
    "value": {
      "type": "item",
      "code": "wildcraft:herbs-celery",
      "shapeElement": "bowl/vegetable 1/*"
    },
    "file": "game:recipes/cooking/soup.json"
  },
  {
    "op": "add",
    "path": "/ingredients/1/validStacks/17",
    "value": {
      "type": "item",
      "code": "wildcraft:herbs-mustard",
      "shapeElement": "bowl/vegetable 1/*"
    },
    "file": "game:recipes/cooking/soup.json"
  },
  {
    "op": "add",
    "path": "/ingredients/2/validStacks/10",
    "value": {
      "type": "item",
      "code": "wildcraft:herbs-*",
      "shapeElement": "bowl/vegetable 1/*"
    },
    "file": "game:recipes/cooking/soup.json"
  },
  {
    "op": "add",
    "path": "/ingredients/3/validStacks/12",
    "value": {
      "type": "item",
      "code": "wildcraft:herbs-*",
      "shapeElement": "bowl/vegetable 1/*"
    },
    "file": "game:recipes/cooking/soup.json"
  }
]