[
    { "file": "game:recipes/cooking/jam", "op": "add", "path": "/ingredients/1/validStacks/-", "value": {
            "type": "item",
            "code": "wildcraft:fruit-*",
            "shapeElement": "bowl/fruit"
        }
    },
    { "file": "game:recipes/cooking/porridge", "op": "add", "path": "/ingredients/1/validStacks/-", "value": {
            "type": "item",
            "code": "wildcraft:fruit-*",
            "shapeElement": "bowl/fruit 1/*"
        }
    },
    { "file": "game:recipes/cooking/porridge", "op": "add", "path": "/ingredients/2/validStacks/-", "value": {
            "type": "item",
            "code": "wildcraft:fruit-*",
            "shapeElement": "bowl/fruit 2/*"
        }
    },
    { "file": "game:recipes/cooking/meatystew", "op": "add", "path": "/ingredients/6/validStacks/-", "value": {
        "type": "item",
        "code": "wildcraft:fruit-*",
        "shapeElement": "bowl/fruit 2/*"
    }
}
]