{
	"editor": {
		"allAngles": false,
		"entityTextureMode": false
	},
	"textureWidth": 16,
	"textureHeight": 16,
	"textureSizes": {
	},
	"textures": {
		"skunkcabbage_leaf": "block/plant/leafygroundvegetable/skunkcabbage_leaf",
		"skunkcabbage_stem": "block/plant/leafygroundvegetable/skunkcabbage_stem",
		"skunkcabbage_spathe2": "block/plant/leafygroundvegetable/skunkcabbage_spathe2",
		"skunkcabbage_leaf_big": "block/plant/leafygroundvegetable/skunkcabbage_leaf_big",
		"skunkcabbage_leaf_small_green": "block/plant/leafygroundvegetable/skunkcabbage_leaf_small_green"
	},
	"elements": [
		{
			"name": "Stem1",
			"from": [ 8.0, 0.0, -4.0 ], 
			"to": [ 8.0, 24.0, 20.0 ], 
			"shade": false,
			"renderPass": 2,
			"rotationOrigin": [ 8.0, 0.0, 8.0 ],
			"rotationY": 45.0,
			"faces": {
				"north": { "texture": "#skunkcabbage_stem", "uv": [ 0.0, 0.0, 0.3333, 24.0 ], "enabled": false, "windMode": [-1,-1,-1,-1], "windData": [0,1,1,0] },
				"east": { "texture": "#skunkcabbage_stem", "uv": [ 0.0, 0.0, 16.0, 16.0 ], "autoUv": false, "windMode": [0,5,5,0], "windData": [0,1,1,0] },
				"south": { "texture": "#skunkcabbage_stem", "uv": [ 0.0, 0.0, 0.3333, 24.0 ], "enabled": false, "windMode": [-1,-1,-1,-1], "windData": [0,0,1,1] },
				"west": { "texture": "#skunkcabbage_stem", "uv": [ 0.0, 0.0, 24.0, 24.0 ], "enabled": false, "windMode": [-1,-1,-1,-1], "windData": [0,0,1,1] },
				"up": { "texture": "#skunkcabbage_stem", "uv": [ 0.0, 0.0, 0.3333, 24.0 ], "enabled": false, "windMode": [-1,-1,-1,-1], "windData": [1,1,1,1] },
				"down": { "texture": "#skunkcabbage_stem", "uv": [ 0.0, 0.0, 0.3333, 24.0 ], "enabled": false, "windMode": [-1,-1,-1,-1] }
			},
			"children": [
				{
					"name": "Stem2",
					"from": [ 0.0, 0.0, 0.0 ], 
					"to": [ 0.0, 24.0, 24.0 ], 
					"shade": false,
					"renderPass": 2,
					"rotationOrigin": [ 0.0, 0.0, 12.0 ],
					"rotationY": 90.0,
					"faces": {
						"north": { "texture": "#skunkcabbage_stem", "uv": [ 0.0, 0.0, 0.3333, 25.0 ], "enabled": false },
						"east": { "texture": "#skunkcabbage_stem", "uv": [ 0.0, 0.0, 16.0, 16.0 ], "autoUv": false, "windMode": [0,5,5,0], "windData": [0,1,1,0] },
						"south": { "texture": "#skunkcabbage_stem", "uv": [ 0.0, 0.0, 0.3333, 25.0 ], "enabled": false },
						"west": { "texture": "#skunkcabbage_stem", "uv": [ 0.0, 0.0, 24.0, 25.0 ], "enabled": false },
						"up": { "texture": "#skunkcabbage_stem", "uv": [ 0.0, 0.0, 0.3333, 24.0 ], "enabled": false },
						"down": { "texture": "#skunkcabbage_stem", "uv": [ 0.0, 0.0, 0.3333, 24.0 ], "enabled": false }
					}
				},
				{
					"name": "Spathe",
					"from": [ 0.0, 11.5, 12.0 ], 
					"to": [ 0.0, 35.5, 36.0 ], 
					"shade": false,
					"renderPass": 2,
					"rotationOrigin": [ 0.0, 11.0, 12.0 ],
					"rotationX": 10.0,
					"rotationY": -135.0,
					"rotationZ": -15.0,
					"faces": {
						"north": { "texture": "#skunkcabbage_spathe", "uv": [ 0.0, 0.0, 0.5, 24.0 ], "enabled": false },
						"east": { "texture": "#skunkcabbage_spathe2", "uv": [ 0.0, 0.0, 16.0, 16.0 ], "autoUv": false, "windMode": [5,2,2,4], "windData": [0,2,2,0] },
						"south": { "texture": "#skunkcabbage_spathe", "uv": [ 0.0, 0.0, 0.5, 24.0 ], "enabled": false },
						"west": { "texture": "#skunkcabbage_spathe", "uv": [ 0.0, 0.0, 24.0, 24.0 ], "enabled": false },
						"up": { "texture": "#skunkcabbage_spathe", "uv": [ 0.0, 0.0, 0.5, 24.0 ], "enabled": false },
						"down": { "texture": "#skunkcabbage_spathe", "uv": [ 0.0, 0.0, 0.5, 24.0 ], "enabled": false }
					},
					"children": [
						{
							"name": "Spathe8",
							"from": [ 0.0, 0.0, 0.0 ], 
							"to": [ 0.0, 24.0, 24.0 ], 
							"shade": false,
							"renderPass": 2,
							"rotationOrigin": [ 0.0, -0.5, 0.0 ],
							"rotationX": -180.0,
							"rotationY": -67.5,
							"rotationZ": -180.0,
							"faces": {
								"north": { "texture": "#skunkcabbage_spathe", "uv": [ 0.0, 0.0, 0.5, 24.0 ], "enabled": false },
								"east": { "texture": "#skunkcabbage_spathe2", "uv": [ 0.0, 0.0, 16.0, 16.0 ], "autoUv": false, "windMode": [5,2,2,5], "windData": [0,2,2,1] },
								"south": { "texture": "#skunkcabbage_spathe", "uv": [ 0.0, 0.0, 0.5, 24.0 ], "enabled": false },
								"west": { "texture": "#skunkcabbage_spathe", "uv": [ 0.0, 0.0, 24.0, 24.0 ], "enabled": false },
								"up": { "texture": "#skunkcabbage_spathe", "uv": [ 0.0, 0.0, 0.5, 24.0 ], "enabled": false },
								"down": { "texture": "#skunkcabbage_spathe", "uv": [ 0.0, 0.0, 0.5, 24.0 ], "enabled": false }
							}
						}
					]
				},
				{
					"name": "Cube1",
					"from": [ 2.5026, 12.5, 7.5005 ], 
					"to": [ 3.5026, 17.3, 8.5005 ], 
					"rotationOrigin": [ 3.5, 12.5, 11.5 ],
					"rotationY": 89.98,
					"faces": {
						"north": { "texture": "#skunkcabbage_stem", "uv": [ 7.6, 4.3333, 8.3, 7.3333 ], "autoUv": false, "windMode": [5,5,5,5], "windData": [0,1,1,0] },
						"east": { "texture": "#skunkcabbage_stem", "uv": [ 7.6, 4.33, 8.3, 7.33 ], "autoUv": false, "windMode": [5,5,5,5], "windData": [0,1,1,0] },
						"south": { "texture": "#skunkcabbage_stem", "uv": [ 7.6, 4.33, 8.3, 7.33 ], "autoUv": false, "windMode": [5,5,5,5], "windData": [0,0,1,1] },
						"west": { "texture": "#skunkcabbage_stem", "uv": [ 7.6, 4.33, 8.3, 7.37 ], "autoUv": false, "windMode": [5,5,5,5], "windData": [0,0,1,1] },
						"up": { "texture": "#skunkcabbage_stem", "uv": [ 7.67, 4.33, 8.33, 5.0 ], "autoUv": false, "windMode": [5,5,5,5], "windData": [1,1,1,1] },
						"down": { "texture": "#skunkcabbage_stem", "uv": [ 7.67, 4.33, 8.33, 5.0 ], "autoUv": false, "windMode": [5,5,5,5] }
					}
				}
			]
		},
		{
			"name": "Leaf1",
			"from": [ 8.0, 0.0, -4.0 ], 
			"to": [ 8.0, 24.0, 20.0 ], 
			"shade": false,
			"renderPass": 2,
			"rotationOrigin": [ 8.0, 0.0, 8.0 ],
			"rotationX": -180.0,
			"rotationY": 45.0,
			"rotationZ": -162.0,
			"faces": {
				"north": { "texture": "#skunkcabbage_leaf_big", "uv": [ 0.0, 0.0, 0.3333, 24.0 ], "enabled": false },
				"east": { "texture": "#skunkcabbage_leaf_small_green", "uv": [ 0.0, 0.0, 16.0, 16.0 ], "autoUv": false, "windMode": [0,2,2,0], "windData": [0,1,1,0] },
				"south": { "texture": "#skunkcabbage_leaf_big", "uv": [ 0.0, 0.0, 0.3333, 24.0 ], "enabled": false },
				"west": { "texture": "#skunkcabbage_leaf_big", "uv": [ 0.0, 0.0, 24.0, 24.0 ], "enabled": false },
				"up": { "texture": "#skunkcabbage_leaf_big", "uv": [ 0.0, 0.0, 0.3333, 24.0 ], "enabled": false },
				"down": { "texture": "#skunkcabbage_leaf_big", "uv": [ 0.0, 0.0, 0.3333, 24.0 ], "enabled": false }
			}
		},
		{
			"name": "Leaf2",
			"from": [ 8.0, 0.0, -4.0 ], 
			"to": [ 8.0, 24.0, 20.0 ], 
			"shade": false,
			"renderPass": 2,
			"rotationOrigin": [ 8.0, 0.0, 8.0 ],
			"rotationY": 67.5,
			"rotationZ": -10.0,
			"faces": {
				"north": { "texture": "#skunkcabbage_leaf", "uv": [ 0.0, 0.0, 0.3333, 24.0 ], "enabled": false },
				"east": { "texture": "#skunkcabbage_leaf_small_green", "uv": [ 0.0, 0.0, 16.0, 16.0 ], "autoUv": false, "windMode": [0,2,2,0], "windData": [0,1,1,0] },
				"south": { "texture": "#skunkcabbage_leaf", "uv": [ 0.0, 0.0, 0.3333, 24.0 ], "enabled": false },
				"west": { "texture": "#skunkcabbage_leaf", "uv": [ 0.0, 0.0, 24.0, 24.0 ], "enabled": false },
				"up": { "texture": "#skunkcabbage_leaf", "uv": [ 0.0, 0.0, 0.3333, 24.0 ], "enabled": false },
				"down": { "texture": "#skunkcabbage_leaf", "uv": [ 0.0, 0.0, 0.3333, 24.0 ], "enabled": false }
			}
		},
		{
			"name": "Leaf7",
			"from": [ 8.0, 0.0, -4.0 ], 
			"to": [ 8.0, 24.0, 20.0 ], 
			"shade": false,
			"renderPass": 2,
			"rotationOrigin": [ 8.0, 0.0, 8.0 ],
			"rotationY": 45.0,
			"rotationZ": -25.0,
			"faces": {
				"north": { "texture": "#skunkcabbage_leaf", "uv": [ 0.0, 0.0, 0.3333, 24.0 ], "enabled": false },
				"east": { "texture": "#skunkcabbage_leaf_big", "uv": [ 0.0, 0.0, 16.0, 16.0 ], "autoUv": false, "windMode": [0,2,2,0], "windData": [0,1,1,0] },
				"south": { "texture": "#skunkcabbage_leaf", "uv": [ 0.0, 0.0, 0.3333, 24.0 ], "enabled": false },
				"west": { "texture": "#skunkcabbage_leaf", "uv": [ 0.0, 0.0, 24.0, 24.0 ], "enabled": false },
				"up": { "texture": "#skunkcabbage_leaf", "uv": [ 0.0, 0.0, 0.3333, 24.0 ], "enabled": false },
				"down": { "texture": "#skunkcabbage_leaf", "uv": [ 0.0, 0.0, 0.3333, 24.0 ], "enabled": false }
			}
		},
		{
			"name": "Leaf9",
			"from": [ 8.0, 0.0, -4.0 ], 
			"to": [ 8.0, 24.0, 20.0 ], 
			"shade": false,
			"renderPass": 2,
			"rotationOrigin": [ 8.0, 0.0, 8.0 ],
			"rotationY": 45.0,
			"rotationZ": 25.0,
			"faces": {
				"north": { "texture": "#skunkcabbage_leaf", "uv": [ 0.0, 0.0, 0.3333, 24.0 ], "enabled": false },
				"east": { "texture": "#skunkcabbage_leaf_big", "uv": [ 0.0, 0.0, 16.0, 16.0 ], "autoUv": false, "windMode": [0,2,2,0], "windData": [0,1,1,0] },
				"south": { "texture": "#skunkcabbage_leaf", "uv": [ 0.0, 0.0, 0.3333, 24.0 ], "enabled": false },
				"west": { "texture": "#skunkcabbage_leaf", "uv": [ 0.0, 0.0, 24.0, 24.0 ], "enabled": false },
				"up": { "texture": "#skunkcabbage_leaf", "uv": [ 0.0, 0.0, 0.3333, 24.0 ], "enabled": false },
				"down": { "texture": "#skunkcabbage_leaf", "uv": [ 0.0, 0.0, 0.3333, 24.0 ], "enabled": false }
			}
		}
	]}