{
	"editor": {
		"allAngles": false,
		"entityTextureMode": false
	},
	"textureWidth": 16,
	"textureHeight": 16,
	"textureSizes": {
	},
	"textures": {
	},
	"elements": [
		{
			"name": "Leaves",
			"from": [ 7.0, 0.0, 3.0 ], 
			"to": [ 7.0, 16.0, 13.0 ], 
			"climateColorMap": "climatePlantTint",
			"seasonColorMap": "seasonalFoliage",
			"rotationOrigin": [ 7.0, 0.0, 6.0 ],
			"rotationY": 22.5,
			"faces": {
				"north": { "texture": "#leaves", "uv": [ 0.0, 0.0, 0.5, 16.0 ], "enabled": false },
				"east": { "texture": "#leaves", "uv": [ 0.0, 0.0, 16.0, 16.0 ], "autoUv": false, "windMode": [1,1,2,2], "windData": [0,1,1,0] },
				"south": { "texture": "#leaves", "uv": [ 0.0, 0.0, 0.5, 16.0 ], "enabled": false },
				"west": { "texture": "#leaves", "uv": [ 0.0, 0.0, 10.0, 16.0 ], "enabled": false },
				"up": { "texture": "#leaves", "uv": [ 0.0, 0.0, 0.5, 10.0 ], "enabled": false },
				"down": { "texture": "#leaves", "uv": [ 0.0, 0.0, 0.5, 10.0 ], "enabled": false }
			},
			"children": [
				{
					"name": "Leaves2",
					"from": [ -7.0E-4, 0.0, -0.0024 ], 
					"to": [ -7.0E-4, 16.0, 9.9976 ], 
					"climateColorMap": "climatePlantTint",
					"seasonColorMap": "seasonalFoliage",
					"rotationOrigin": [ 0.0, 0.0, 5.0 ],
					"rotationY": 89.98,
					"faces": {
						"north": { "texture": "#leaves", "uv": [ 0.0, 0.0, 0.5, 16.0 ], "enabled": false },
						"east": { "texture": "#leaves", "uv": [ 0.0, 0.0, 16.0, 16.0 ], "autoUv": false, "windMode": [1,1,2,2], "windData": [0,1,1,0] },
						"south": { "texture": "#leaves", "uv": [ 0.0, 0.0, 0.5, 16.0 ], "enabled": false },
						"west": { "texture": "#leaves", "uv": [ 0.0, 0.0, 10.0, 16.0 ], "enabled": false },
						"up": { "texture": "#leaves", "uv": [ 0.0, 0.0, 0.5, 10.0 ], "enabled": false },
						"down": { "texture": "#leaves", "uv": [ 0.0, 0.0, 0.5, 10.0 ], "enabled": false }
					}
				}
			]
		},
		{
			"name": "Leaves3",
			"from": [ 9.0, 0.0, 1.0 ], 
			"to": [ 9.0, 16.0, 11.0 ], 
			"climateColorMap": "climatePlantTint",
			"seasonColorMap": "seasonalFoliage",
			"rotationOrigin": [ 9.0, 0.0, 4.0 ],
			"rotationX": -22.5,
			"rotationY": 22.5,
			"rotationZ": -22.5,
			"faces": {
				"north": { "texture": "#leaves", "uv": [ 0.0, 0.0, 0.5, 16.0 ], "enabled": false },
				"east": { "texture": "#leaves", "uv": [ 0.0, 0.0, 16.0, 16.0 ], "autoUv": false, "windMode": [1,1,2,2] },
				"south": { "texture": "#leaves", "uv": [ 0.0, 0.0, 0.5, 16.0 ], "enabled": false },
				"west": { "texture": "#leaves", "uv": [ 0.0, 0.0, 10.0, 16.0 ], "enabled": false },
				"up": { "texture": "#leaves", "uv": [ 0.0, 0.0, 0.5, 10.0 ], "enabled": false },
				"down": { "texture": "#leaves", "uv": [ 0.0, 0.0, 0.5, 10.0 ], "enabled": false }
			},
			"children": [
				{
					"name": "Leaves4",
					"from": [ -7.0E-4, 0.0, -0.0024 ], 
					"to": [ -7.0E-4, 16.0, 9.9976 ], 
					"climateColorMap": "climatePlantTint",
					"seasonColorMap": "seasonalFoliage",
					"rotationOrigin": [ 0.0, 0.0, 5.0 ],
					"rotationY": 89.98,
					"faces": {
						"north": { "texture": "#leaves", "uv": [ 0.0, 0.0, 0.5, 16.0 ], "enabled": false },
						"east": { "texture": "#leaves", "uv": [ 0.0, 0.0, 16.0, 16.0 ], "autoUv": false, "windMode": [1,1,2,2] },
						"south": { "texture": "#leaves", "uv": [ 0.0, 0.0, 0.5, 16.0 ], "enabled": false },
						"west": { "texture": "#leaves", "uv": [ 0.0, 0.0, 10.0, 16.0 ], "enabled": false },
						"up": { "texture": "#leaves", "uv": [ 0.0, 0.0, 0.5, 10.0 ], "enabled": false },
						"down": { "texture": "#leaves", "uv": [ 0.0, 0.0, 0.5, 10.0 ], "enabled": false }
					}
				}
			]
		},
		{
			"name": "Leaves5",
			"from": [ 4.0, 0.0, 0.0 ], 
			"to": [ 4.0, 16.0, 10.0 ], 
			"climateColorMap": "climatePlantTint",
			"seasonColorMap": "seasonalFoliage",
			"rotationOrigin": [ 4.0, 0.0, 3.0 ],
			"rotationX": -22.5,
			"rotationY": 22.5,
			"rotationZ": 22.5,
			"faces": {
				"north": { "texture": "#leaves", "uv": [ 0.0, 0.0, 0.5, 16.0 ], "enabled": false },
				"east": { "texture": "#leaves", "uv": [ 0.0, 0.0, 16.0, 16.0 ], "autoUv": false, "windMode": [1,1,2,2], "windData": [0,0,1,0] },
				"south": { "texture": "#leaves", "uv": [ 0.0, 0.0, 0.5, 16.0 ], "enabled": false },
				"west": { "texture": "#leaves", "uv": [ 0.0, 0.0, 10.0, 16.0 ], "enabled": false },
				"up": { "texture": "#leaves", "uv": [ 0.0, 0.0, 0.5, 10.0 ], "enabled": false },
				"down": { "texture": "#leaves", "uv": [ 0.0, 0.0, 0.5, 10.0 ], "enabled": false }
			},
			"children": [
				{
					"name": "Leaves6",
					"from": [ -7.0E-4, 0.0, -0.0024 ], 
					"to": [ -7.0E-4, 16.0, 9.9976 ], 
					"climateColorMap": "climatePlantTint",
					"seasonColorMap": "seasonalFoliage",
					"rotationOrigin": [ 0.0, 0.0, 5.0 ],
					"rotationY": 89.98,
					"faces": {
						"north": { "texture": "#leaves", "uv": [ 0.0, 0.0, 0.5, 16.0 ], "enabled": false },
						"east": { "texture": "#leaves", "uv": [ 0.0, 0.0, 16.0, 16.0 ], "autoUv": false, "windMode": [1,1,2,2], "windData": [0,0,1,0] },
						"south": { "texture": "#leaves", "uv": [ 0.0, 0.0, 0.5, 16.0 ], "enabled": false },
						"west": { "texture": "#leaves", "uv": [ 0.0, 0.0, 10.0, 16.0 ], "enabled": false },
						"up": { "texture": "#leaves", "uv": [ 0.0, 0.0, 0.5, 10.0 ], "enabled": false },
						"down": { "texture": "#leaves", "uv": [ 0.0, 0.0, 0.5, 10.0 ], "enabled": false }
					}
				}
			]
		},
		{
			"name": "Leaves7",
			"from": [ 5.0, 0.0, 5.0 ], 
			"to": [ 5.0, 16.0, 15.0 ], 
			"climateColorMap": "climatePlantTint",
			"seasonColorMap": "seasonalFoliage",
			"rotationOrigin": [ 5.0, 0.0, 8.0 ],
			"rotationY": 22.5,
			"rotationZ": 45.0,
			"faces": {
				"north": { "texture": "#leaves", "uv": [ 0.0, 0.0, 0.5, 16.0 ], "enabled": false },
				"east": { "texture": "#leaves", "uv": [ 0.0, 0.0, 16.0, 16.0 ], "autoUv": false, "windMode": [1,1,2,2] },
				"south": { "texture": "#leaves", "uv": [ 0.0, 0.0, 0.5, 16.0 ], "enabled": false },
				"west": { "texture": "#leaves", "uv": [ 0.0, 0.0, 10.0, 16.0 ], "enabled": false },
				"up": { "texture": "#leaves", "uv": [ 0.0, 0.0, 0.5, 10.0 ], "enabled": false },
				"down": { "texture": "#leaves", "uv": [ 0.0, 0.0, 0.5, 10.0 ], "enabled": false }
			},
			"children": [
				{
					"name": "Leaves8",
					"from": [ -7.0E-4, 0.0, -0.0024 ], 
					"to": [ -7.0E-4, 16.0, 9.9976 ], 
					"climateColorMap": "climatePlantTint",
					"seasonColorMap": "seasonalFoliage",
					"rotationOrigin": [ 0.0, 0.0, 5.0 ],
					"rotationY": 89.98,
					"faces": {
						"north": { "texture": "#leaves", "uv": [ 0.0, 0.0, 0.5, 16.0 ], "enabled": false },
						"east": { "texture": "#leaves", "uv": [ 0.0, 0.0, 16.0, 16.0 ], "autoUv": false, "windMode": [1,1,2,2] },
						"south": { "texture": "#leaves", "uv": [ 0.0, 0.0, 0.5, 16.0 ], "enabled": false },
						"west": { "texture": "#leaves", "uv": [ 0.0, 0.0, 10.0, 16.0 ], "enabled": false },
						"up": { "texture": "#leaves", "uv": [ 0.0, 0.0, 0.5, 10.0 ], "enabled": false },
						"down": { "texture": "#leaves", "uv": [ 0.0, 0.0, 0.5, 10.0 ], "enabled": false }
					}
				}
			]
		},
		{
			"name": "Leaves9",
			"from": [ 9.0, 0.0, 7.0 ], 
			"to": [ 9.0, 16.0, 17.0 ], 
			"climateColorMap": "climatePlantTint",
			"seasonColorMap": "seasonalFoliage",
			"rotationOrigin": [ 9.0, 0.0, 10.0 ],
			"rotationX": 22.5,
			"rotationY": 22.5,
			"rotationZ": -22.5,
			"faces": {
				"north": { "texture": "#leaves", "uv": [ 0.0, 0.0, 0.5, 16.0 ], "enabled": false },
				"east": { "texture": "#leaves", "uv": [ 0.0, 0.0, 16.0, 16.0 ], "autoUv": false, "windMode": [1,1,2,2] },
				"south": { "texture": "#leaves", "uv": [ 0.0, 0.0, 0.5, 16.0 ], "enabled": false },
				"west": { "texture": "#leaves", "uv": [ 0.0, 0.0, 10.0, 16.0 ], "enabled": false },
				"up": { "texture": "#leaves", "uv": [ 0.0, 0.0, 0.5, 10.0 ], "enabled": false },
				"down": { "texture": "#leaves", "uv": [ 0.0, 0.0, 0.5, 10.0 ], "enabled": false }
			},
			"children": [
				{
					"name": "Leaves10",
					"from": [ -7.0E-4, 0.0, -0.0024 ], 
					"to": [ -7.0E-4, 16.0, 9.9976 ], 
					"climateColorMap": "climatePlantTint",
					"seasonColorMap": "seasonalFoliage",
					"rotationOrigin": [ 0.0, 0.0, 5.0 ],
					"rotationY": 89.98,
					"faces": {
						"north": { "texture": "#leaves", "uv": [ 0.0, 0.0, 0.5, 16.0 ], "enabled": false },
						"east": { "texture": "#leaves", "uv": [ 0.0, 0.0, 16.0, 16.0 ], "autoUv": false, "windMode": [1,1,2,2] },
						"south": { "texture": "#leaves", "uv": [ 0.0, 0.0, 0.5, 16.0 ], "enabled": false },
						"west": { "texture": "#leaves", "uv": [ 0.0, 0.0, 10.0, 16.0 ], "enabled": false },
						"up": { "texture": "#leaves", "uv": [ 0.0, 0.0, 0.5, 10.0 ], "enabled": false },
						"down": { "texture": "#leaves", "uv": [ 0.0, 0.0, 0.5, 10.0 ], "enabled": false }
					}
				}
			]
		}
	]}