{
    "code": "wildfruit",
    "variants": [
      {
        "code": "huckleberry"
      },
      {
        "code": "snowberry"
      },
      {
        "code": "brambleberry"
      },
      {
        "code": "cloudberry"
      },
      {
        "code": "dogrose"
      },
      {
        "code": "elderberry"
      },
      {
        "code": "gooseberry"
      },
      {
        "code": "honeysuckle"
      },
      {
        "code": "raspberry"
      },
      {
        "code": "strawberry"
      }
    ]
  }
  