{
  "code": "berrybush",
  "class": "BerryBush",
  "attributes": {
    "stackableByType": {
      "*-(raspberry|brambleberry|dogrose|gooseberry)-*": true,
      "*": false
    },
    "butterflyFeedByType": {
      "*-flowering": true
    },
    "beeFeedByType": {
      "*-flowering": true
    },
    "forageStatAffected": true,
    "reinforcable": true,
    "resetBelowTemperature": -1,
    "stopBelowTemperature": 4,
    "revertBlockBelowTemperature": -4,

    "resetAboveTemperature": 35,
    "stopAboveTemperature": 30,
    "revertBlockAboveTemperature": 38,

    "overrideRandomDrawOffset": 14,

    "pricklyByType": {
      "*-raspberry-*": true,
      "*-brambleberry-*": true,
      "*-dogrose-*": true,
      "*": false
    },
    "immuneCreatures":[ "game:chicken", "game:fox", "game:hare", "game:pig", "game:raccoon", "game:sheep"]
  },
  "walkspeedmultiplierByType": {
    "*-(raspberry|gooseberry|brambleberry|dogrose)-*": 0.55
  },
  "entityclass": "BlockEntityWCBerryBush",
  "behaviorsByType": {
    "*-ripe": [
      {
        "name": "Harvestable",
        "properties": {
          "harvestTime": 0.6,
          "harvestedStack": {
            "type": "item",
            "code": "wildcraft:fruit-{fruit}",
            "quantity": { "avg": 2.2 }
          },
          "harvestedBlockCode": "wildcraft:berrybush-{fruit}-empty"
        }
      }
    ],
    "@berrybush-(huckleberry|snowberry|raspberry|brambleberry|dogrose|gooseberry|honeysuckle|elderberry)-flowering": [
      {
        "name": "BehaviorClippable",
        "properties": {
          "harvestTime": 0.8,
          "harvestedStack": {
            "type": "item",
            "code": "wildcraft:clipping-{fruit}-green",
            "quantity": { "avg": 1.0 }
          },
          "harvestedBlockCode": "wildcraft:berrybush-{fruit}-empty",
          "harvestingTool": "game:knife-*"
        }
      }
    ]
  },
  "variantgroups": [
    { "loadFromProperties": "wildcraft:block/fruit" },
    {
      "code": "state",
      "states": [ "empty", "flowering", "ripe" ]
    }
  ],
  "creativeinventory": {
    "general": [ "*" ],
    "flora": [ "*" ]
  },
  "renderpass": "OpaqueNoCull",
  "renderAlphaTest": 0.4,
  "randomDrawOffset": true,
  "shapeByType": {
    "*-snowberry-*": { "base": "wildcraft:block/plant/berrybush/{state}/shrubberrybush_{state}" },
    "*-elderberry-*": { "base": "wildcraft:block/plant/berrybush/{state}/shrubberrybush_{state}" },
    "*-strawberry-*": { "base": "wildcraft:block/plant/berrybush/{state}/groundberrybush_{state}" },
    "*-cloudberry-*": { "base": "wildcraft:block/plant/berrybush/{state}/groundberrybush_{state}" },
    "*": { "base": "game:block/plant/berrybush/large_{state}" }
  },
  "blockmaterial": "Plant",
  "texturesByType": {
    "*-empty": {
      "leaves": { "base": "wildcraft:block/plant/berrybush/leaves/{fruit}1" },
      "branches": { "base": "game:block/plant/berrybush/branches/default" }
    },
    "*-flowering": {
      "leaves": { "base": "wildcraft:block/plant/berrybush/leaves/{fruit}1" },
      "branches": { "base": "game:block/plant/berrybush/branches/default" },
      "berries": { "base": "wildcraft:block/plant/berrybush/flowering/{fruit}1" },
      "berriesup": { "base": "wildcraft:block/plant/berrybush/flowering/{fruit}1" }
    },
    "*-ripe": {
      "leaves": { "base": "wildcraft:block/plant/berrybush/leaves/{fruit}1" },
      "branches": { "base": "game:block/plant/berrybush/branches/default" },
      "berries": { "base": "wildcraft:block/plant/berrybush/ripe/{fruit}1" },
      "berriesup": { "base": "wildcraft:block/plant/berrybush/ripe/{fruit}1" }
    }

  },
  "sideopaque": {
    "all": false
  },
  "sidesolid": {
    "all": false
  },
  "replaceable": 3000,
  "lightAbsorption": 0,
  "resistance": 0.5,
  "collisionbox": null,
  "selectionboxByType": {
    "*-(strawberry|cloudberry)-*": {
      "x1": 0.0625,
      "y1": 0,
      "z1": 0.0625,
      "x2": 0.9375,
      "y2": 0.25,
      "z2": 0.9375
    }
  },
  "sounds": {
    "place": "game:block/plant",
    "break": "game:block/plant",
    "hit": "game:block/plant"
  },
  "rainPermeable": false,
  "dropsByType": {
    "*-ripe": [
      {
        "type": "item",
        "code": "wildcraft:fruit-{fruit}",
        "quantity": { "avg": 2.2 }
      }
    ]
  },
  "materialDensity": 200,
  "vertexFlags": {
    "zOffset": 2
  },
  "frostable": true,
  "combustibleProps": {
    "burnTemperature": 600,
    "burnDuration": 10
  }
}
