{
  "code": "fruit",
  "maxstacksize": 64,
  "variantgroups": [
    { "loadFromProperties": "wildcraft:block/fruit" }
  ],
  "materialDensityByType": {
    "*": 600
  },
  "attributes": {
    "nutritionPropsWhenInMealByType": {
      "*-brambleberry": {
        "satiety": 100,
        "health": 0,
        "foodcategory": "Fruit"
      },
      "*-dogrose": {
        "satiety": 40,
        "foodcategory": "Fruit"
      },
      "*-gooseberry": {
        "satiety": 100,
        "foodcategory": "Fruit"
      },
      "*-honeysuckle": {
        "satiety": 100,
        "foodcategory": "Fruit"
      },
      "*-snowberry": {
        "satiety": 60,
        "health": -5,
        "foodcategory": "Fruit"
      },
      "*-elderberry": {
        "satiety": 80,
        "health": 0,
        "foodcategory": "Fruit"
      },
      "*-strawberry": {
        "satiety": 100,
        "foodcategory": "Fruit"
      },
      "*-cloudberry": {
        "satiety": 140,
        "foodcategory": "Fruit"
      },
      "*-raspberry": {
        "satiety": 100,
        "foodcategory": "Fruit"
      },
      "*": {
        "satiety": 80,
        "foodcategory": "Fruit"
      }
    },
    "inPieProperties": {
      "texture": "wildcraft:block/food/pie/fill-{fruit}",
      "partType": "Filling"
    },
    "juiceablePropertiesByType": {
      "*": {
				  "litresPerItem": 0.3125,
				  "liquidStack": { "type": "item", "code": "wildcraft:juiceportion-{fruit}", "stacksize": 1 },
				  "pressedStack": { "type": "item", "code": "wildcraft:pressedmash-{fruit}", "stacksize": 1 }
      }
    }
  },
  "shapebytype": {
    "*": { "base": "wildcraft:item/fruit/{fruit}" }
  },
  "textureByType": {
    "*": null,
    "*-blueraspberry-*":{ "base": "wildcraft:items/fruit/{fruit}" }
  },
  "creativeinventory": {
    "general": [ "*" ],
    "items": [ "*" ]
  },
  "nutritionPropsByType": {
    "*-brambleberry": {
      "satiety": 80,
      "health": 0,
      "foodcategory": "Fruit"
    },
    "*-dogrose": {
      "satiety": 20,
      "foodcategory": "Fruit"
    },
    "*-gooseberry": {
      "satiety": 80,
      "foodcategory": "Fruit"
    },
    "*-honeysuckle": {
      "satiety": 80,
      "foodcategory": "Fruit"
    },
    "*-snowberry": {
      "satiety": 60,
      "health": -5,
      "foodcategory": "Fruit"
    },
    "*-elderberry": {
      "satiety": 60,
      "health": -0.5,
      "foodcategory": "Fruit"
    },
    "*-strawberry": {
      "satiety": 80,
      "foodcategory": "Fruit"
    },
    "*-cloudberry": {
      "satiety": 120,
      "foodcategory": "Fruit"
    },
    "*-raspberry": {
      "satiety": 80,
      "foodcategory": "Fruit"
    },
    "*": {
      "satiety": 60,
      "foodcategory": "Fruit"
    }
  },
  "transitionablePropsByType": {
    "*-snowberry": [
      {
        "type": "Perish",
        "freshHours": { "avg": 72 },
        "transitionHours": { "avg": 12 },
        "transitionedStack": {
          "type": "item",
          "code": "game:rot"
        },
        "transitionRatio": 0.25
      }
    ],
    "*-cloudberry": [
      {
        "type": "Perish",
        "freshHours": { "avg": 6 },
        "transitionHours": { "avg": 2 },
        "transitionedStack": {
          "type": "item",
          "code": "game:rot"
        },
        "transitionRatio": 0.25
      }
    ],
    "*-strawberry": [
      {
        "type": "Perish",
        "freshHours": { "avg": 24 },
        "transitionHours": { "avg": 12 },
        "transitionedStack": {
          "type": "item",
          "code": "game:rot"
        },
        "transitionRatio": 0.25
      }
    ],
    "*-elderberry": [
      {
        "type": "Perish",
        "freshHours": { "avg": 68 },
        "transitionHours": { "avg": 12 },
        "transitionedStack": {
          "type": "item",
          "code": "game:rot"
        },
        "transitionRatio": 0.25
      }
    ],
    "*-huckleberry": [
      {
        "type": "Perish",
        "freshHours": { "avg": 96 },
        "transitionHours": { "avg": 12 },
        "transitionedStack": {
          "type": "item",
          "code": "game:rot"
        },
        "transitionRatio": 0.25
      }
    ],
    "*-honeysuckle": [
      {
        "type": "Perish",
        "freshHours": { "avg": 24 },
        "transitionHours": { "avg": 12 },
        "transitionedStack": {
          "type": "item",
          "code": "game:rot"
        },
        "transitionRatio": 0.25
      }
    ],
    "*-dogrose": [
      {
        "type": "Perish",
        "freshHours": { "avg": 336 },
        "transitionHours": { "avg": 168 },
        "transitionedStack": {
          "type": "item",
          "code": "game:rot"
        },
        "transitionRatio": 0.25
      }
    ],
    "*": [
      {
        "type": "Perish",
        "freshHours": { "avg": 48 },
        "transitionHours": { "avg": 12 },
        "transitionedStack": {
          "type": "item",
          "code": "game:rot"
        },
        "transitionRatio": 0.25
      }
    ]
  },
  "guiTransformByType": {
    "*-strawberry": {
      "translation": { "x": 0, "y": 0, "z": 0 },
      "rotation": { "x": 127, "y": -63, "z": -32 },
      "origin": { "x": 0.5599, "y": 0.16, "z": 0.5599 },
      "scale": 3.45
    },
    "@*-(huckleberry|snowberry)": {
			translation: { x: 0, y: 0, z: 0 },
			rotation: { x: -113, y: -58, z: 16 },
			origin: { x: 0.46, y: 0.22, z: 0.42 },
			scale: 2.6
		},
    "*-brambleberry": {
      translation: { x: 0, y: 0, z: 0 },
      rotation: { x: 130, y: -75, z: -29 },
      origin: { x: 0.5299, y: 0.17, z: 0.5299 },
      scale: 3.15
    },
    "*-cloudberry":	{
      translation: { x: 0, y: 0, z: 0 },
      rotation: { x: 99, y: -122, z: -180 },
      origin: { x: 0.5299, y: 0.02, z: 0.57 },
      scale: 3.34
    },
    "*-elderberry":	{
      rotation: { x: -4, y: -6, z: -1 },
      origin: { x: 0.5, y: 0.2, z: 0 },
      scale: 2.66
    },
    "*-gooseberry": {
      rotation: { x: -125, y: 30, z: 1 },
      origin: { x: 0.55, y: 0, z: 0.4 },
      scale: 2.81
    },
    "*-raspberry": {
      rotation: { x: 137, y: 0, z: 0 },
      origin: { x: 0.55, y: 0.5, z: 0.2 },
      scale: 3.27
    },
    "*-dogrose":{
      rotation: { x: 91, y: -91, z: 0 },
      origin: { x: 0.6, y: 0.5, z: 0.5 },
      scale: 3.62
    },
    "*-honeysuckle": {
      origin: { x: 0.52, y: 0.15, z: 0 },
      scale: 3.69
    }
  },
  "fpHandTransformByType": {
    "*-strawberry": {
      translation: { x: 0, y: 0, z: 0 },
      rotation: { x: 29, y: 4, z: -8 },
      origin: { x: 0.7, y: 0.3, z: 0.5 },
      scale: 1.29
    },
		"@*-(huckleberry|snowberry)": {
			translation: { x: 0, y: 0, z: 0 },
			rotation: { x: 39, y: 3, z: -30 },
			origin: { x: 0.3, y: 0.2, z: 0.5 }
		},
    "*-brambleberry": {
      translation: { x: 0, y: 0, z: 0 },
      rotation: { x: 22, y: 17, z: -14 },
      origin: { x: 0.5, y: 0.3, z: 0.6 },
      scale: 1.14
    },
    "*-cloudberry":	{
      translation: { x: 0, y: 0, z: 0 },
      rotation: { x: 28, y: 57, z: -143 },
      origin: { x: 0.45, y: 0.45, z: 0.8 },
      scale: 1.23
    },
    "*-elderberry":	{
      rotation: { x: 180, y: 67, z: -28 },
      origin: { x: 0.5, y: 0.27, z: 0.5 },
      scale: 1.47
    },
    "*-gooseberry":	{
      rotation: { x: -96, y: 173, z: 47 },
      origin: { x: 0.5, y: 0.3, z: 0.5 },
      scale: 1.27
    },
    "*-raspberry": {
      rotation: { x: 50, y: 90, z: -30 },
      scale: 1.46
    },
    "*-dogrose":{
        rotation: { x: 7, y: 5, z: 4 },
        origin: { x: 0.2, y: 0.4, z: 1 },
        scale: 1.27
    },
    "*-honeysuckle": {
      origin: { x: 0.5, y: 0.25, z: 0.5 },
      scale: 1.89
    }
    
  }
}
