{
	"editor": {
		"allAngles": false,
		"entityTextureMode": false
	},
	"textureWidth": 16,
	"textureHeight": 16,
	"textureSizes": {
	},
	"textures": {
	},
	"elements": [
		{
			"name": "Leaves",
			"from": [ 8.0, 0.0, -4.0 ], 
			"to": [ 8.0, 24.0, 20.0 ], 
			"shade": false,
			"climateColorMap": "climatePlantTint",
			"seasonColorMap": "seasonalBirch",
			"renderPass": 2,
			"rotationOrigin": [ 8.0, 0.0, 8.0 ],
			"faces": {
				"north": { "texture": "#burdock_stem", "uv": [ 0.0, 0.0, 0.3333, 24.0 ], "enabled": false, "windMode": [-1,-1,-1,-1], "windData": [0,1,1,0] },
				"east": { "texture": "#burdock_stem", "uv": [ 0.0, 0.0, 16.0, 16.0 ], "autoUv": false, "windMode": [0,2,2,0], "windData": [0,1,1,0] },
				"south": { "texture": "#burdock_stem", "uv": [ 0.0, 0.0, 0.3333, 24.0 ], "enabled": false, "windMode": [-1,-1,-1,-1], "windData": [0,0,1,1] },
				"west": { "texture": "#burdock_stem", "uv": [ 0.0, 0.0, 24.0, 24.0 ], "enabled": false, "windMode": [-1,-1,-1,-1], "windData": [0,0,1,1] },
				"up": { "texture": "#burdock_stem", "uv": [ 0.0, 0.0, 0.3333, 24.0 ], "enabled": false, "windMode": [-1,-1,-1,-1], "windData": [1,1,1,1] },
				"down": { "texture": "#burdock_stem", "uv": [ 0.0, 0.0, 0.3333, 24.0 ], "enabled": false, "windMode": [-1,-1,-1,-1] }
			},
			"children": [
				{
					"name": "Leaves2",
					"from": [ 0.0, 0.0, 0.0 ],
					"to": [ 0.0, 24.0, 24.0 ],
					"shade": false,
					"climateColorMap": "climatePlantTint",
					"seasonColorMap": "seasonalBirch",
					"renderPass": 2,
					"rotationOrigin": [ 0.0, 0.0, 12.0 ],
					"rotationY": 90.0,
					"faces": {
						"north": { "texture": "#burdock_stem", "uv": [ 0.0, 0.0, 0.3333, 24.0 ], "enabled": false },
						"east": { "texture": "#burdock_stem", "uv": [ 0.0, 0.0, 16.0, 16.0 ], "autoUv": false, "windMode": [0,2,2,0], "windData": [0,1,1,0] },
						"south": { "texture": "#burdock_stem", "uv": [ 0.0, 0.0, 0.3333, 24.0 ], "enabled": false },
						"west": { "texture": "#burdock_stem", "uv": [ 0.0, 0.0, 24.0, 24.0 ], "enabled": false },
						"up": { "texture": "#burdock_stem", "uv": [ 0.0, 0.0, 0.3333, 24.0 ], "enabled": false },
						"down": { "texture": "#burdock_stem", "uv": [ 0.0, 0.0, 0.3333, 24.0 ], "enabled": false }
					}
				},
				{
					"name": "BigLeaf",
					"from": [ -4.3, 4.5, -5.5 ], 
					"to": [ 4.2, 4.5, 12.5 ], 
					"shade": false,
					"climateColorMap": "climatePlantTint",
					"seasonColorMap": "seasonalBirch",
					"renderPass": 2,
					"rotationOrigin": [ 0.0, 4.0, 6.0 ],
					"rotationX": 22.5,
					"faces": {
						"north": { "texture": "#burdock_leaf_big", "uv": [ 0.0, 2.0, 8.3333, 2.3333 ], "enabled": false },
						"east": { "texture": "#burdock_leaf_big", "uv": [ 0.0, 0.0, 18.0, 0.3333 ], "enabled": false, "windMode": [-1,-1,-1,-1] },
						"south": { "texture": "#burdock_leaf_big", "uv": [ 0.0, 0.0, 8.3333, 0.3333 ], "enabled": false, "windMode": [-1,-1,-1,-1] },
						"west": { "texture": "#burdock_leaf_big", "uv": [ 0.0, 0.0, 18.0, 0.3333 ], "enabled": false, "windMode": [-1,-1,-1,-1] },
						"up": { "texture": "#burdock_leaf_big", "uv": [ 5.3333, 4.0, 11.0, 16.0 ], "autoUv": false, "windMode": [2,2,2,2] },
						"down": { "texture": "#burdock_leaf_big", "uv": [ 0.0, 0.0, 8.3333, 18.0 ], "enabled": false, "windMode": [-1,-1,-1,-1] }
					}
				},
				{
					"name": "SmallLeaf",
					"from": [ -6.0, 11.0, 3.0 ], 
					"to": [ 0.5, 11.0, 13.5 ], 
					"shade": false,
					"climateColorMap": "climatePlantTint",
					"seasonColorMap": "seasonalBirch",
					"renderPass": 2,
					"rotationOrigin": [ -4.0, 8.0, 11.0 ],
					"rotationX": 22.5,
					"rotationY": 45.0,
					"rotationZ": -22.5,
					"faces": {
						"north": { "texture": "#burdock_leaf_small", "uv": [ 0.0, 2.0, 6.3333, 2.3333 ], "enabled": false },
						"east": { "texture": "#burdock_leaf_small", "uv": [ 0.0, 0.0, 10.3333, 0.3333 ], "enabled": false, "windMode": [-1,-1,-1,-1] },
						"south": { "texture": "#burdock_leaf_small", "uv": [ 0.0, 0.0, 6.3333, 0.3333 ], "enabled": false, "windMode": [-1,-1,-1,-1] },
						"west": { "texture": "#burdock_leaf_small", "uv": [ 0.0, 0.0, 10.3333, 0.3333 ], "enabled": false, "windMode": [-1,-1,-1,-1] },
						"up": { "texture": "#burdock_leaf_small", "uv": [ 5.6667, 9.0, 10.0, 16.0 ], "autoUv": false, "windMode": [2,2,2,2] },
						"down": { "texture": "#burdock_leaf_small", "uv": [ 0.0, 0.0, 6.3333, 10.3333 ], "enabled": false, "windMode": [-1,-1,-1,-1] }
					}
				},
				{
					"name": "SmallLeaf7",
					"from": [ -1.0, 15.5, 7.5 ], 
					"to": [ 5.5, 15.5, 18.0 ], 
					"shade": false,
					"climateColorMap": "climatePlantTint",
					"seasonColorMap": "seasonalBirch",
					"renderPass": 2,
					"rotationOrigin": [ 1.0, 15.0, 15.0 ],
					"rotationX": 157.5,
					"rotationZ": -180.0,
					"faces": {
						"north": { "texture": "#burdock_leaf_small", "uv": [ 0.0, 2.0, 6.3333, 2.3333 ], "enabled": false },
						"east": { "texture": "#burdock_leaf_small", "uv": [ 0.0, 0.0, 10.3333, 0.3333 ], "enabled": false, "windMode": [-1,-1,-1,-1] },
						"south": { "texture": "#burdock_leaf_small", "uv": [ 0.0, 0.0, 6.3333, 0.3333 ], "enabled": false, "windMode": [-1,-1,-1,-1] },
						"west": { "texture": "#burdock_leaf_small", "uv": [ 0.0, 0.0, 10.3333, 0.3333 ], "enabled": false, "windMode": [-1,-1,-1,-1] },
						"up": { "texture": "#burdock_leaf_small", "uv": [ 5.6667, 9.0, 10.0, 16.0 ], "autoUv": false, "windMode": [2,2,2,2], "windData": [1,0,0,1] },
						"down": { "texture": "#burdock_leaf_small", "uv": [ 0.0, 0.0, 6.3333, 10.3333 ], "enabled": false, "windMode": [-1,-1,-1,-1] }
					}
				},
				{
					"name": "BigLeaf9",
					"from": [ -2.5, 5.0, 6.5 ], 
					"to": [ 6.0, 5.0, 24.5 ], 
					"shade": false,
					"climateColorMap": "climatePlantTint",
					"seasonColorMap": "seasonalBirch",
					"renderPass": 2,
					"rotationOrigin": [ 2.0, 4.0, 18.0 ],
					"rotationX": -22.5,
					"rotationY": -157.5,
					"faces": {
						"north": { "texture": "#burdock_leaf_big", "uv": [ 0.0, 2.0, 8.3333, 2.3333 ], "enabled": false },
						"east": { "texture": "#burdock_leaf_big", "uv": [ 0.0, 0.0, 18.0, 0.3333 ], "enabled": false, "windMode": [-1,-1,-1,-1] },
						"south": { "texture": "#burdock_leaf_big", "uv": [ 0.0, 0.0, 8.3333, 0.3333 ], "enabled": false, "windMode": [-1,-1,-1,-1] },
						"west": { "texture": "#burdock_leaf_big", "uv": [ 0.0, 0.0, 18.0, 0.3333 ], "enabled": false, "windMode": [-1,-1,-1,-1] },
						"up": { "texture": "#burdock_leaf_big", "uv": [ 5.3333, 4.0, 11.0, 16.0 ], "autoUv": false, "windMode": [2,2,2,2] },
						"down": { "texture": "#burdock_leaf_big", "uv": [ 0.0, 0.0, 8.3333, 18.0 ], "enabled": false }
					}
				},
				{
					"name": "SmallLeaf9",
					"from": [ 1.0, 10.0, 3.2 ], 
					"to": [ 7.5, 10.0, 13.7 ], 
					"shade": false,
					"climateColorMap": "climatePlantTint",
					"seasonColorMap": "seasonalBirch",
					"renderPass": 2,
					"rotationOrigin": [ 2.3, 13.0, 11.0 ],
					"rotationX": 157.5,
					"rotationY": -67.5,
					"rotationZ": 157.5,
					"faces": {
						"north": { "texture": "#burdock_leaf_small", "uv": [ 0.0, 2.0, 6.3333, 2.3333 ], "enabled": false },
						"east": { "texture": "#burdock_leaf_small", "uv": [ 0.0, 0.0, 10.3333, 0.3333 ], "enabled": false, "windMode": [-1,-1,-1,-1] },
						"south": { "texture": "#burdock_leaf_small", "uv": [ 0.0, 0.0, 6.3333, 0.3333 ], "enabled": false, "windMode": [-1,-1,-1,-1] },
						"west": { "texture": "#burdock_leaf_small", "uv": [ 0.0, 0.0, 10.3333, 0.3333 ], "enabled": false, "windMode": [-1,-1,-1,-1] },
						"up": { "texture": "#burdock_leaf_small", "uv": [ 5.6667, 9.0, 10.0, 16.0 ], "autoUv": false, "windMode": [2,2,2,2], "windData": [1,0,0,1] },
						"down": { "texture": "#burdock_leaf_small", "uv": [ 0.0, 0.0, 6.3333, 10.3333 ], "enabled": false, "windMode": [-1,-1,-1,-1] }
					}
				}
			]
		}
	]}