{
	"editor": {
		"allAngles": true,
		"entityTextureMode": false
	},
	"textureWidth": 16,
	"textureHeight": 16,
	"textureSizes": {
	},
	"textures": {
		"reeds": "items/resource/reeds",
		"root": "block/plant/leafygroundvegetable/root",
		"root2": "block/plant/leafygroundvegetable/root2"
	},
	"elements": [
		{
			"name": "origin",
			"from": [ 8.0, 0.0, 8.0 ], 
			"to": [ 8.0, 0.0, 8.0 ], 
			"rotationOrigin": [ 8.0, 0.0, 8.0 ],
			"faces": {
				"north": { "texture": "#null", "uv": [ 0.0, 0.0, 0.5, 0.5 ], "enabled": false },
				"east": { "texture": "#null", "uv": [ 0.0, 0.0, 0.5, 0.5 ], "enabled": false },
				"south": { "texture": "#null", "uv": [ 0.0, 0.0, 0.5, 0.5 ], "enabled": false },
				"west": { "texture": "#null", "uv": [ 0.0, 0.0, 0.5, 0.5 ], "enabled": false },
				"up": { "texture": "#null", "uv": [ 0.0, 0.0, 0.5, 0.5 ], "enabled": false },
				"down": { "texture": "#null", "uv": [ 0.0, 0.0, 0.5, 0.5 ], "enabled": false }
			},
			"children": [
				{
					"name": "Root",
					"from": [ -2.0, 5.3, -1.0 ], 
					"to": [ -0.5, 10.3, 4.5 ], 
					"rotationOrigin": [ -1.0, 9.3, 0.0 ],
					"faces": {
						"north": { "texture": "#root", "uv": [ 10.5, 6.5, 15.5, 8.0 ], "rotation": 90 },
						"east": { "texture": "#root", "uv": [ 10.5, 5.5, 15.5, 9.5 ], "rotation": 90, "autoUv": false },
						"south": { "texture": "#root", "uv": [ 9.5, 6.5, 14.5, 8.0 ], "rotation": 90, "autoUv": false },
						"west": { "texture": "#root", "uv": [ 10.0, 5.5, 15.0, 9.5 ], "rotation": 90, "autoUv": false },
						"up": { "texture": "#root", "uv": [ 13.5, 5.5, 15.0, 9.5 ], "autoUv": false },
						"down": { "texture": "#root", "uv": [ 12.5, 4.5, 14.0, 8.5 ], "autoUv": false }
					},
					"children": [
						{
							"name": "RootStalk",
							"from": [ 0.35, 4.6, 0.35 ], 
							"to": [ 1.35, 5.6, 2.25 ], 
							"rotationOrigin": [ 1.0, 4.6, 1.0 ],
							"rotationZ": -11.0,
							"faces": {
								"north": { "texture": "#root", "uv": [ 13.0, 12.0, 14.0, 13.0 ] },
								"east": { "texture": "#root", "uv": [ 13.0, 10.0, 14.5, 11.0 ] },
								"south": { "texture": "#root", "uv": [ 14.0, 13.0, 15.0, 14.0 ] },
								"west": { "texture": "#root", "uv": [ 13.0, 12.0, 14.5, 13.0 ] },
								"up": { "texture": "#root", "uv": [ 13.5, 12.5, 14.5, 14.0 ] },
								"down": { "texture": "#reeds", "uv": [ 0.0, 0.0, 1.0, 1.5 ], "enabled": false }
							}
						},
						{
							"name": "RootDown",
							"from": [ 0.1, -3.6, 0.2 ], 
							"to": [ 1.2, 0.4, 1.3 ], 
							"rotationOrigin": [ 0.8, 0.4, 1.0 ],
							"rotationZ": 36.0,
							"faces": {
								"north": { "texture": "#root", "uv": [ 14.5, 11.0, 15.5, 15.0 ] },
								"east": { "texture": "#root", "uv": [ 14.0, 10.5, 15.0, 14.5 ] },
								"south": { "texture": "#root", "uv": [ 13.5, 9.5, 14.5, 13.5 ] },
								"west": { "texture": "#root", "uv": [ 14.5, 11.5, 15.5, 15.5 ], "autoUv": false },
								"up": { "texture": "#reeds", "uv": [ 0.0, 0.0, 1.0, 1.0 ], "enabled": false },
								"down": { "texture": "#root", "uv": [ 14.5, 14.0, 15.5, 15.0 ] }
							},
							"children": [
								{
									"name": "1Roottip",
									"from": [ 0.1, -1.6, 0.3 ], 
									"to": [ 0.6, 0.4, 0.8 ], 
									"rotationOrigin": [ 0.6, 0.4, 0.8 ],
									"rotationZ": 22.0,
									"faces": {
										"north": { "texture": "#root", "uv": [ 12.5, 14.0, 13.0, 16.0 ] },
										"east": { "texture": "#root", "uv": [ 12.5, 14.0, 13.0, 16.0 ] },
										"south": { "texture": "#root", "uv": [ 13.0, 14.0, 13.5, 16.0 ] },
										"west": { "texture": "#root", "uv": [ 12.0, 14.0, 12.5, 16.0 ] },
										"up": { "texture": "#reeds", "uv": [ 0.0, 0.0, 0.5, 0.5 ], "enabled": false },
										"down": { "texture": "#root", "uv": [ 12.5, 15.5, 13.0, 16.0 ] }
									}
								},
								{
									"name": "Roots1E",
									"from": [ 0.5, -2.0, -1.0 ], 
									"to": [ 0.5, 2.0, 2.0 ], 
									"rotationOrigin": [ 0.5, 1.0, 0.5 ],
									"faces": {
										"north": { "texture": "#reeds", "uv": [ 3.5, -2.0, 4.0, 2.0 ], "enabled": false },
										"east": { "texture": "#reeds", "uv": [ 1.0, 8.0, 6.0, 15.0 ], "autoUv": false },
										"south": { "texture": "#reeds", "uv": [ 1.5, 1.0, 2.0, 5.0 ], "enabled": false },
										"west": { "texture": "#reeds", "uv": [ 0.0, 0.0, 3.0, 4.0 ], "enabled": false },
										"up": { "texture": "#reeds", "uv": [ 3.0, 2.0, 3.5, 5.0 ], "enabled": false },
										"down": { "texture": "#reeds", "uv": [ 0.0, 0.0, 0.5, 3.0 ], "enabled": false }
									},
									"children": [
										{
											"name": "Roots1W",
											"from": [ 9.0E-4, 1.0, 2.0E-4 ], 
											"to": [ 9.0E-4, 4.0, 3.0002 ], 
											"rotationOrigin": [ 0.0, 4.0, 1.5 ],
											"rotationY": -89.98,
											"faces": {
												"north": { "texture": "#reeds", "uv": [ 3.5, -2.0, 4.0, 1.0 ], "enabled": false },
												"east": { "texture": "#root2", "uv": [ 0.0, 4.0, 6.0, 10.0 ], "autoUv": false },
												"south": { "texture": "#reeds", "uv": [ 1.5, 1.0, 2.0, 4.0 ], "enabled": false },
												"west": { "texture": "#reeds", "uv": [ 0.0, 0.0, 3.0, 3.0 ], "enabled": false },
												"up": { "texture": "#reeds", "uv": [ 3.0, 2.0, 3.5, 5.0 ], "enabled": false },
												"down": { "texture": "#reeds", "uv": [ 0.0, 0.0, 0.5, 3.0 ], "enabled": false }
											}
										}
									]
								}
							]
						}
					]
				},
				{
					"name": "Root6",
					"from": [ -1.9, 5.8, 4.0 ], 
					"to": [ -0.6, 9.8, 6.5 ], 
					"rotationOrigin": [ -0.9, 9.8, 5.0 ],
					"faces": {
						"north": { "texture": "#root", "uv": [ 3.5, 6.0, 7.5, 7.0 ], "rotation": 90 },
						"east": { "texture": "#root", "uv": [ 2.0, 3.0, 6.0, 5.5 ], "rotation": 90, "autoUv": false },
						"south": { "texture": "#root", "uv": [ 10.0, 6.0, 14.0, 7.0 ], "rotation": 90 },
						"west": { "texture": "#root", "uv": [ 2.0, 5.0, 6.0, 7.5 ], "rotation": 90 },
						"up": { "texture": "#root", "uv": [ 4.0, 5.5, 5.0, 8.0 ] },
						"down": { "texture": "#root", "uv": [ 8.5, 8.5, 7.5, 6.0 ], "autoUv": false }
					},
					"children": [
						{
							"name": "RootDown8",
							"from": [ 0.1, -3.6, 0.2 ], 
							"to": [ 1.2, 0.4, 2.0 ], 
							"rotationOrigin": [ 0.8, 0.4, 1.0 ],
							"rotationZ": 36.0,
							"faces": {
								"north": { "texture": "#root", "uv": [ 13.5, 10.0, 15.0, 14.0 ], "autoUv": false },
								"east": { "texture": "#root", "uv": [ 13.5, 10.5, 15.5, 14.5 ], "autoUv": false },
								"south": { "texture": "#root", "uv": [ 14.0, 10.5, 15.5, 14.5 ], "autoUv": false },
								"west": { "texture": "#root", "uv": [ 12.5, 9.5, 14.5, 13.5 ], "autoUv": false },
								"up": { "texture": "#reeds", "uv": [ 0.0, 0.0, 1.0, 1.5 ], "enabled": false },
								"down": { "texture": "#root", "uv": [ 13.0, 12.5, 14.0, 14.0 ] }
							},
							"children": [
								{
									"name": "Roottip9",
									"from": [ 0.1, -1.2, 0.3 ], 
									"to": [ 0.7, 0.2, 1.3 ], 
									"rotationOrigin": [ 0.6, 0.8, 0.8 ],
									"rotationZ": 22.0,
									"faces": {
										"north": { "texture": "#root", "uv": [ 13.5, 13.0, 14.0, 14.0 ] },
										"east": { "texture": "#root", "uv": [ 14.0, 12.5, 15.0, 13.5 ] },
										"south": { "texture": "#root", "uv": [ 14.5, 13.0, 15.0, 14.0 ] },
										"west": { "texture": "#root", "uv": [ 14.0, 13.0, 15.0, 14.0 ] },
										"up": { "texture": "#reeds", "uv": [ 0.0, 0.0, 0.5, 1.0 ], "enabled": false },
										"down": { "texture": "#root", "uv": [ 14.0, 13.5, 14.5, 14.5 ] }
									}
								},
								{
									"name": "Roots1E13",
									"from": [ 0.5, -2.35, -0.7 ], 
									"to": [ 0.5, 1.65, 2.3 ], 
									"rotationOrigin": [ 0.6252, 0.6543, 0.8 ],
									"rotationY": 91.0,
									"faces": {
										"north": { "texture": "#reeds", "uv": [ 3.5, -2.0, 4.0, 2.0 ], "enabled": false },
										"east": { "texture": "#reeds", "uv": [ 1.0, 8.0, 6.0, 15.0 ], "autoUv": false },
										"south": { "texture": "#reeds", "uv": [ 1.5, 1.0, 2.0, 5.0 ], "enabled": false },
										"west": { "texture": "#reeds", "uv": [ 0.0, 0.0, 3.0, 4.0 ], "enabled": false },
										"up": { "texture": "#reeds", "uv": [ 3.0, 2.0, 3.5, 5.0 ], "enabled": false },
										"down": { "texture": "#reeds", "uv": [ 0.0, 0.0, 0.5, 3.0 ], "enabled": false }
									},
									"children": [
										{
											"name": "Roots1W14",
											"from": [ 9.0E-4, 1.0, 2.0E-4 ], 
											"to": [ 9.0E-4, 4.0, 3.0002 ], 
											"rotationOrigin": [ 0.0, 4.0, 1.5 ],
											"rotationY": -89.98,
											"faces": {
												"north": { "texture": "#reeds", "uv": [ 3.5, -2.0, 4.0, 1.0 ], "enabled": false },
												"east": { "texture": "#root2", "uv": [ 0.0, 4.0, 6.0, 10.0 ], "autoUv": false },
												"south": { "texture": "#reeds", "uv": [ 1.5, 1.0, 2.0, 4.0 ], "enabled": false },
												"west": { "texture": "#reeds", "uv": [ 0.0, 0.0, 3.0, 3.0 ], "enabled": false },
												"up": { "texture": "#reeds", "uv": [ 3.0, 2.0, 3.5, 5.0 ], "enabled": false },
												"down": { "texture": "#reeds", "uv": [ 0.0, 0.0, 0.5, 3.0 ], "enabled": false }
											}
										}
									]
								}
							]
						},
						{
							"name": "RootDown9",
							"from": [ 0.1, -4.1, -2.8 ], 
							"to": [ 1.2, -0.1, -1.5 ], 
							"rotationOrigin": [ 0.8, -0.1, -2.0 ],
							"rotationZ": 36.0,
							"faces": {
								"north": { "texture": "#root", "uv": [ 15.0, 11.5, 16.0, 15.5 ] },
								"east": { "texture": "#root", "uv": [ 14.0, 11.5, 15.0, 15.5 ] },
								"south": { "texture": "#root", "uv": [ 13.5, 11.5, 14.5, 15.5 ] },
								"west": { "texture": "#root", "uv": [ 13.5, 11.5, 14.5, 15.5 ] },
								"up": { "texture": "#reeds", "uv": [ 0.0, 0.0, 1.0, 1.0 ], "enabled": false },
								"down": { "texture": "#root", "uv": [ 12.5, 15.0, 13.5, 16.0 ] }
							},
							"children": [
								{
									"name": "Roottip10",
									"from": [ 0.1, -1.2, 0.3 ], 
									"to": [ 0.5, 0.2, 1.1 ], 
									"rotationOrigin": [ 0.6, 0.8, 0.8 ],
									"rotationZ": 22.0,
									"faces": {
										"north": { "texture": "#root", "uv": [ 13.5, 14.5, 14.0, 15.5 ] },
										"east": { "texture": "#root", "uv": [ 13.0, 15.0, 13.5, 16.0 ] },
										"south": { "texture": "#root", "uv": [ 14.5, 15.0, 15.0, 16.0 ] },
										"west": { "texture": "#root", "uv": [ 13.0, 14.0, 13.5, 15.0 ], "autoUv": false },
										"up": { "texture": "#reeds", "uv": [ 0.0, 0.0, 0.5, 0.5 ], "enabled": false },
										"down": { "texture": "#root", "uv": [ 13.5, 15.0, 14.0, 15.5 ] }
									}
								},
								{
									"name": "Roots1E15",
									"from": [ 0.3, -3.0, -0.8 ], 
									"to": [ 0.3, 1.0, 2.2 ], 
									"rotationOrigin": [ 0.3, 1.0, 0.7 ],
									"rotationZ": 22.0,
									"faces": {
										"north": { "texture": "#reeds", "uv": [ 3.5, -2.0, 4.0, 2.0 ], "enabled": false },
										"east": { "texture": "#reeds", "uv": [ 1.0, 8.0, 6.0, 15.0 ], "autoUv": false },
										"south": { "texture": "#reeds", "uv": [ 1.5, 1.0, 2.0, 5.0 ], "enabled": false },
										"west": { "texture": "#reeds", "uv": [ 0.0, 0.0, 3.0, 4.0 ], "enabled": false },
										"up": { "texture": "#reeds", "uv": [ 3.0, 2.0, 3.5, 5.0 ], "enabled": false },
										"down": { "texture": "#reeds", "uv": [ 0.0, 0.0, 0.5, 3.0 ], "enabled": false }
									},
									"children": [
										{
											"name": "Roots1W16",
											"from": [ 9.0E-4, 1.0, 2.0E-4 ], 
											"to": [ 9.0E-4, 4.0, 3.0002 ], 
											"rotationOrigin": [ 0.0, 4.0, 1.5 ],
											"rotationY": -89.98,
											"faces": {
												"north": { "texture": "#reeds", "uv": [ 3.5, -2.0, 4.0, 1.0 ], "enabled": false },
												"east": { "texture": "#root2", "uv": [ 0.0, 4.0, 6.0, 10.0 ], "autoUv": false },
												"south": { "texture": "#reeds", "uv": [ 1.5, 1.0, 2.0, 4.0 ], "enabled": false },
												"west": { "texture": "#reeds", "uv": [ 0.0, 0.0, 3.0, 3.0 ], "enabled": false },
												"up": { "texture": "#reeds", "uv": [ 3.0, 2.0, 3.5, 5.0 ], "enabled": false },
												"down": { "texture": "#reeds", "uv": [ 0.0, 0.0, 0.5, 3.0 ], "enabled": false }
											}
										}
									]
								}
							]
						}
					]
				}
			]
		}
	]}