{
    "code": "waterplant",
    "classByType":{
        "*": "SaltwaterPlant"
    },
	"entityClassByType": {
		"*-harvested": "Transient"
	},
	"variantgroups": [
		{ "code": "type", "states": ["pepperdulse", "pickleweed", "wakame"] },
		{ "code": "state", "states": ["normal", "harvested"] }
	],
	"attributes": {
        "butterflyFeedByType": {
        "*-normal": true
        },
        "beeFeedByType": {
        "*-normal": true
        },
        "transientPropsByType": {
            "*-normal": {
                "convertFrom": "*-normal", 
                "convertTo": "*-harvested", 
                "inGameHours": "84",
                "whenAboveTemperature": 12
            },
            "*-harvested": {
                "convertFrom": "*-harvested", 
                "convertTo": "*-normal", 
                "inGameHours": "84",
                "whenBelowTemperature": 8
            }
        },
        "forageStatAffected": true,
        "hasRootByType":{
        "*": "false"
        },
        "isPoisonousByType":{
            "*":"false"
        }
    },
    "walkspeedmultiplierByType":{
        "*": 1
    },
    drawtype: "JSONAndWater",
	renderpass: "liquid",
	matterstate: "liquid",
	blockmaterial: "liquid",
	faceCullMode: "liquid",
    "randomDrawOffset": true,
    "texturesByType": {
        "*-normal": {
            "leaves": { "base": "wildcraft:block/plant/waterplant/{type}" }
        },
        "*-harvested": {
            "leaves": { "base": "wildcraft:block/plant/waterplant/{type}_harvested*" }
        }
    },
	"creativeinventory": {
        "general": ["*-normal"],
        "flora": ["*-normal"],
        "wildcraft": [ "*-normal" ]
    },
    "shapeByType": {
        "*": {"base": "wildcraft:block/plant/leafygroundvegetable/default_normal"}
    },
    "dropsByType": {},
	"renderpass": "OpaqueNoCull",
	"blockmaterial": "Plant",
	"randomizeRotations": true,
	"sideopaque": {
		"all": false
	},
	"sidesolid": {
		"all": false
	},
	"replaceable": 3000,
	"lightAbsorption": 0,
	"resistance": 1.5,
	"collisionbox": null,
	"selectionBoxByType": {
        "*": { "x1": 0 , "y1": 0, "z1": 0, "x2": 1, "y2": 1.5, "z2": 1 }
    },
    "guiTransformByType": {
        "*":{
        "rotation": { "x": -22, "y": 107, "z": 0 },
        "origin": { "x": 0.3, "y": 0.5, "z": 0.4 },
        "scale": 1.32
        }
    },
	"groundTransform": {
		"origin": { "x": 0.5, "y": 0, "z": 0.5 },
		"scale": 2.5
	},
	"tpHandTransform": {
		"translation": { "x": -0.93, "y": -0.17, "z": -0.8 },
		"rotation": { "x": 15, "y": -10, "z": -114 },
		"origin": { "x": 0.5, "y": 0.1, "z": 0.5 },
		"scale": 0.58
	},
	"sounds": {
		"place": "game:block/plant",
		"break": "game:block/plant",
		"hit": "game:block/plant",
        "inside": "walk/water"
	},
	"vertexFlags": {
		"leavesWindWave": true
	},
	"materialDensity": 200,
	"frostable": true
}
