{
	"code": "arrowhead",
	"classByType":{
        "*": "WaterPlant"
  },
	"entityClassByType": {
		"*-harvested": "Transient"
	},
	"variantgroups": [
		{ "code": "type", "states": ["arrowhead"] },
		{ "code": "state", "states": ["normal", "harvested"] }
	],
	"attributes": {
    "maxDepthByType": {
        "*-arrowhead-*": 1
    },
    "butterflyFeedByType": {
    "*-normal": true
    },
    "beeFeedByType": {
    "*-normal": true
    },
    "transientPropsByType": {
      "*-normal": {
        "convertFrom": "*-normal", 
        "convertTo": "*-harvested", 
        "inGameHours": "84",
        "whenAboveTemperature": 12
      },
      "*-harvested": {
        "convertFrom": "*-harvested", 
        "convertTo": "*-normal", 
        "inGameHours": "84",
        "whenBelowTemperature": 8
      }
    },
    "forageStatAffected": true,
    "hasRootByType":{
      "*": "true"
    },
    "isPoisonousByType":{
        "*":"false"
    }
  },
  "walkspeedmultiplierByType":{
    "*-tule-*": 0.65,
    "*": 1
  },
  "randomDrawOffset": true,
  "texturesByType": {
    "*-normal": {
      "leaves": { "base": "wildcraft:block/plant/leafygroundvegetable/normal/{type}" }
    },
    "*-harvested": {
      "leaves": { "base": "wildcraft:block/plant/leafygroundvegetable/harvested/{type}_harvested*" }
    }
  },
	"creativeinventory": {
    "general": ["*-normal"],
    "flora": ["*-normal"],
    "wildcraft": [ "*-normal" ]
  },
  "shapeByType": {
    "*": {"base": "wildcraft:block/plant/leafygroundvegetable/bushy_untinted"}
  },
  "dropsByType": {
    "*-arrowhead-normal": [ { "type": "item", "code": "wildcraft:herbs-arrowhead","quantity": { "avg": 2.5 } } ],
    "*-arrowhead-harvested": [ { "type": "item", "code": "wildcraft:roots-arrowhead" } ]
	},
	"renderpass": "OpaqueNoCull",
	"blockmaterial": "Plant",
	"randomizeRotations": true,
	"sideopaque": {
		"all": false
	},
	"sidesolid": {
		"all": false
	},
	"replaceable": 3000,
	"lightAbsorption": 0,
	"resistance": 1.5,
	"collisionbox": null,
	"selectionBoxByType": {
    "*-tule-*": { "x1": 0 , "y1": 0, "z1": 0, "x2": 1, "y2": 3.75, "z2": 1 },
    "*": { "x1": 0 , "y1": 0, "z1": 0, "x2": 1, "y2": 1.5, "z2": 1 }
  },
  "guiTransformByType": {
    "*-tule-*":	{
      "rotation": { x: -22, y: 107, z: 0 },
      "origin": { x: 0.3, y: 1.4, z: 0.4 },
      "scale": 0.5
    },
    "*":{
      "rotation": { "x": -22, "y": 107, "z": 0 },
      "origin": { "x": 0.3, "y": 0.5, "z": 0.4 },
      "scale": 1.32
    }
  },
	"groundTransform": {
		"origin": { "x": 0.5, "y": 0, "z": 0.5 },
		"scale": 2.5
	},
	"tpHandTransform": {
		"translation": { "x": -0.93, "y": -0.17, "z": -0.8 },
		"rotation": { "x": 15, "y": -10, "z": -114 },
		"origin": { "x": 0.5, "y": 0.1, "z": 0.5 },
		"scale": 0.58
	},
	"sounds": {
		"place": "game:block/plant",
		"break": "game:block/plant",
		"hit": "game:block/plant"
	},
	"vertexFlags": {
		"leavesWindWave": true
	},
	"materialDensity": 200,
	"frostable": true
}
