{
	"editor": {
		"allAngles": false,
		"entityTextureMode": false
	},
	"textureWidth": 16,
	"textureHeight": 16,
	"textureSizes": {
	},
	"textures": {
		"stems": "block/plant/clover/minerslettuce_stems",
		"leaves": "block/plant/clover/minerslettuce_leaves",
		"woodspurge_stems": "block/plant/clover/woodspurge_stems",
		"woodsporge_leaves": "block/plant/clover/woodsporge_leaves",
		"woodsporge_leaflets": "block/plant/clover/woodsporge_leaflets"
	},
	"elements": [
		{
			"name": "Leaves",
			"from": [ 8.0, 0.0, -4.0 ], 
			"to": [ 8.0, 24.0, 20.0 ], 
			"shade": false,
			"rotationOrigin": [ 8.0, 0.0, 8.0 ],
			"rotationY": 45.0,
			"faces": {
				"north": { "texture": "#stems", "uv": [ 0.0, 0.0, 0.5, 24.0 ], "enabled": false, "windMode": [-1,-1,-1,-1], "windData": [0,1,1,0] },
				"east": { "texture": "#woodspurge_stems", "uv": [ 0.0, 0.0, 16.0, 16.0 ], "autoUv": false, "windMode": [0,1,1,0], "windData": [0,1,1,0] },
				"south": { "texture": "#stems", "uv": [ 0.0, 0.0, 0.5, 24.0 ], "enabled": false, "windMode": [-1,-1,-1,-1], "windData": [0,0,1,1] },
				"west": { "texture": "#stems", "uv": [ 0.0, 0.0, 24.0, 24.0 ], "enabled": false, "windMode": [-1,-1,-1,-1], "windData": [0,0,1,1] },
				"up": { "texture": "#stems", "uv": [ 0.0, 0.0, 0.5, 24.0 ], "enabled": false, "windMode": [-1,-1,-1,-1], "windData": [1,1,1,1] },
				"down": { "texture": "#stems", "uv": [ 0.0, 0.0, 0.5, 24.0 ], "enabled": false, "windMode": [-1,-1,-1,-1] }
			},
			"children": [
				{
					"name": "Leaves2",
					"from": [ 0.0, 0.0, 0.0 ], 
					"to": [ 0.0, 24.0, 24.0 ], 
					"shade": false,
					"rotationOrigin": [ 0.0, 0.0, 12.0 ],
					"rotationY": 90.0,
					"faces": {
						"north": { "texture": "#stems", "uv": [ 0.0, 0.0, 0.5, 24.0 ], "enabled": false },
						"east": { "texture": "#woodspurge_stems", "uv": [ 0.0, 0.0, 16.0, 16.0 ], "autoUv": false, "windMode": [0,1,1,0], "windData": [0,1,1,0] },
						"south": { "texture": "#stems", "uv": [ 0.0, 0.0, 0.5, 24.0 ], "enabled": false },
						"west": { "texture": "#stems", "uv": [ 0.0, 0.0, 24.0, 24.0 ], "enabled": false },
						"up": { "texture": "#stems", "uv": [ 0.0, 0.0, 0.5, 24.0 ], "enabled": false },
						"down": { "texture": "#stems", "uv": [ 0.0, 0.0, 0.5, 24.0 ], "enabled": false }
					},
					"children": [
						{
							"name": "Cube1",
							"from": [ 11.3137, 4.0, 12.0 ], 
							"to": [ 27.3137, 4.0, 28.0 ], 
							"shade": false,
							"rotationOrigin": [ 11.3137, 4.0, 12.0 ],
							"rotationX": -180.0,
							"rotationY": -45.0,
							"rotationZ": -180.0,
							"faces": {
								"north": { "texture": "#leaves", "uv": [ 0.0, 0.0, 16.0, 0.5 ], "enabled": false },
								"east": { "texture": "#leaves", "uv": [ 0.0, 0.0, 16.0, 0.5 ], "enabled": false },
								"south": { "texture": "#leaves", "uv": [ 0.0, 0.0, 16.0, 0.5 ], "enabled": false },
								"west": { "texture": "#leaves", "uv": [ 0.0, 0.0, 16.0, 0.5 ], "enabled": false },
								"up": { "texture": "#woodsporge_leaves", "uv": [ 0.0, 0.0, 16.0, 16.0 ], "rotation": 90, "windMode": [1,1,1,1] },
								"down": { "texture": "#leaves", "uv": [ 0.0, 0.0, 16.0, 16.0 ], "enabled": false }
							}
						}
					]
				}
			]
		},
		{
			"name": "Cube4",
			"from": [ 0.0, 8.5, 0.0 ], 
			"to": [ 16.0, 8.5, 16.0 ], 
			"shade": false,
			"rotationOrigin": [ 0.0, 8.5, 0.0 ],
			"faces": {
				"north": { "texture": "#leaves", "uv": [ 0.0, 0.0, 16.0, 0.5 ], "enabled": false },
				"east": { "texture": "#leaves", "uv": [ 0.0, 0.0, 16.0, 0.5 ], "enabled": false },
				"south": { "texture": "#leaves", "uv": [ 0.0, 0.0, 16.0, 0.5 ], "enabled": false },
				"west": { "texture": "#leaves", "uv": [ 0.0, 0.0, 16.0, 0.5 ], "enabled": false },
				"up": { "texture": "#woodsporge_leaflets", "uv": [ 0.0, 0.0, 16.0, 16.0 ], "rotation": 90, "windMode": [1,1,1,1] },
				"down": { "texture": "#leaves", "uv": [ 0.0, 0.0, 16.0, 16.0 ], "enabled": false }
			}
		}
	]}