{
	"editor": {
		"allAngles": false,
		"entityTextureMode": false
	},
	"textureWidth": 16,
	"textureHeight": 16,
	"textureSizes": {
	},
	"textures": {
	},
	"elements": [
		{
			"name": "poultice",
			"from": [ 4.5, 0.0, 5.0 ], 
			"to": [ 11.5, 1.0, 11.0 ], 
			"rotationOrigin": [ 8.0, 0.0, 8.0 ],
			"faces": {
				"north": { "texture": "#primary", "uv": [ 8.5, 0.0, 15.5, 1.0 ] },
				"east": { "texture": "#primary", "uv": [ 9.5, 15.0, 15.5, 16.0 ] },
				"south": { "texture": "#primary", "uv": [ 0.0, 0.0, 7.0, 1.0 ] },
				"west": { "texture": "#primary", "uv": [ 1.0, 15.0, 7.0, 16.0 ] },
				"up": { "texture": "#primary", "uv": [ 8.0, 1.0, 15.0, 7.0 ], "autoUv": false },
				"down": { "texture": "#primary", "uv": [ 8.5, 9.0, 15.5, 15.0 ] }
			},
			"children": [
				{
					"name": "strip",
					"from": [ 0.5, 0.5, -2.0 ], 
					"to": [ 6.5, 0.5, 8.0 ], 
					"rotationOrigin": [ -1.0, 0.3, 0.5 ],
					"faces": {
						"north": { "texture": "#material", "uv": [ 0.0, 0.0, 6.0, 0.5 ], "enabled": false },
						"east": { "texture": "#material", "uv": [ 0.0, 0.0, 10.0, 0.5 ], "enabled": false },
						"south": { "texture": "#material", "uv": [ 0.0, 0.0, 6.0, 0.5 ], "enabled": false },
						"west": { "texture": "#material", "uv": [ 0.0, 0.0, 10.0, 0.5 ], "enabled": false },
						"up": { "texture": "#material", "uv": [ 1.0, 1.0, 7.0, 11.0 ] },
						"down": { "texture": "#material", "uv": [ 0.0, 0.0, 6.0, 10.0 ], "enabled": false, "windMode": [-1,-1,-1,-1] }
					}
				},
				{
					"name": "secondary",
					"from": [ 0.0, 1.1, 0.0 ], 
					"to": [ 7.0, 1.1, 6.0 ], 
					"rotationOrigin": [ 0.0, 1.1, 0.0 ],
					"faces": {
						"north": { "texture": "#secondary", "uv": [ 0.0, 0.0, 7.0, 0.5 ], "enabled": false },
						"east": { "texture": "#secondary", "uv": [ 0.0, 0.0, 6.0, 0.5 ], "enabled": false },
						"south": { "texture": "#secondary", "uv": [ 0.0, 0.0, 7.0, 0.5 ], "enabled": false },
						"west": { "texture": "#secondary", "uv": [ 0.0, 0.0, 6.0, 0.5 ], "enabled": false },
						"up": { "texture": "#secondary", "uv": [ 8.0, 1.0, 15.0, 7.0 ], "autoUv": false },
						"down": { "texture": "#secondary", "uv": [ 0.0, 0.0, 7.0, 6.0 ], "enabled": false }
					}
				}
			]
		}
	]}