{
	"editor": {
		"allAngles": false,
		"entityTextureMode": false
	},
	"textureWidth": 16,
	"textureHeight": 16,
	"textureSizes": {
	},
	"textures": {
	},
	"elements": [
		{
			"name": "Cube1",
			"from": [ 0.0, 0.0, 0.0 ], 
			"to": [ 16.0, 16.0, 0.0 ], 
			"shade": false,
			"renderPass": 2,
			"faces": {
				"north": { "texture": "#vine_stem", "uv": [ 0.0, 0.0, 16.0, 16.0 ], "enabled": false },
				"east": { "texture": "#vine_stem", "uv": [ 0.0, 0.0, 0.5, 16.0 ], "enabled": false },
				"south": { "texture": "#vine_stem", "uv": [ 0.0, 0.0, 16.0, 16.0 ] },
				"west": { "texture": "#vine_stem", "uv": [ 0.0, 0.0, 0.5, 16.0 ], "enabled": false },
				"up": { "texture": "#vine_stem", "uv": [ 0.0, 0.0, 16.0, 0.5 ], "enabled": false },
				"down": { "texture": "#vine_stem", "uv": [ 0.0, 0.0, 16.0, 0.5 ], "enabled": false }
			}
		},
		{
			"name": "Cube2",
			"from": [ 3.0, -2.0, 0.0 ], 
			"to": [ 12.5, 5.5, 0.0 ], 
			"shade": false,
			"climateColorMap": "climatePlantTint",
			"seasonColorMap": "seasonalBlueberry",
			"renderPass": 2,
			"rotationOrigin": [ 7.75, 5.5, 0.0 ],
			"rotationX": -45.0,
			"faces": {
				"north": { "texture": "#virgingrape_leaves", "uv": [ 0.0, 0.0, 9.5, 7.5 ], "enabled": false },
				"east": { "texture": "#virgingrape_leaves", "uv": [ 0.0, 0.0, 0.5, 7.5 ], "enabled": false },
				"south": { "texture": "#virgingrape_leaves", "uv": [ 0.0, 0.0, 9.5, 7.5 ] },
				"west": { "texture": "#virgingrape_leaves", "uv": [ 0.0, 0.0, 0.5, 7.5 ], "enabled": false },
				"up": { "texture": "#virgingrape_leaves", "uv": [ 0.0, 0.0, 9.5, 0.5 ], "enabled": false },
				"down": { "texture": "#virgingrape_leaves", "uv": [ 0.0, 0.0, 9.5, 0.5 ], "enabled": false }
			}
		},
		{
			"name": "Cube3",
			"from": [ 2.0, 6.0, 0.0 ], 
			"to": [ 11.5, 13.5, 0.0 ], 
			"shade": false,
			"climateColorMap": "climatePlantTint",
			"seasonColorMap": "seasonalBlueberry",
			"renderPass": 2,
			"rotationOrigin": [ 6.75, 13.5, 0.0 ],
			"rotationX": -45.0,
			"faces": {
				"north": { "texture": "#virgingrape_leaves", "uv": [ 0.0, 0.0, 9.5, 7.5 ], "enabled": false },
				"east": { "texture": "#virgingrape_leaves", "uv": [ 0.0, 0.0, 0.5, 7.5 ], "enabled": false },
				"south": { "texture": "#virgingrape_leaves", "uv": [ 0.0, 0.0, 9.5, 7.5 ] },
				"west": { "texture": "#virgingrape_leaves", "uv": [ 0.0, 0.0, 0.5, 7.5 ], "enabled": false },
				"up": { "texture": "#virgingrape_leaves", "uv": [ 0.0, 0.0, 9.5, 0.5 ], "enabled": false },
				"down": { "texture": "#virgingrape_leaves", "uv": [ 0.0, 0.0, 9.5, 0.5 ], "enabled": false }
			}
		},
		{
			"name": "Cube4",
			"from": [ 9.5, 3.3, 0.3 ], 
			"to": [ 19.0, 10.8, 0.3 ], 
			"shade": false,
			"climateColorMap": "climatePlantTint",
			"seasonColorMap": "seasonalBlueberry",
			"renderPass": 2,
			"rotationOrigin": [ 13.75, 10.5, 0.0 ],
			"rotationX": -45.0,
			"faces": {
				"north": { "texture": "#virgingrape_leaves", "uv": [ 0.0, 0.0, 9.5, 7.5 ], "enabled": false },
				"east": { "texture": "#virgingrape_leaves", "uv": [ 0.0, 0.0, 0.5, 7.5 ], "enabled": false },
				"south": { "texture": "#virgingrape_leaves", "uv": [ 0.0, 8.0, 9.5, 15.5 ] },
				"west": { "texture": "#virgingrape_leaves", "uv": [ 0.0, 0.0, 0.5, 7.5 ], "enabled": false },
				"up": { "texture": "#virgingrape_leaves", "uv": [ 0.0, 0.0, 9.5, 0.5 ], "enabled": false },
				"down": { "texture": "#virgingrape_leaves", "uv": [ 0.0, 0.0, 9.5, 0.5 ], "enabled": false }
			}
		},
		{
			"name": "Cube5",
			"from": [ 3.5, 1.3, 0.3 ], 
			"to": [ 13.0, 8.8, 0.3 ], 
			"shade": false,
			"climateColorMap": "climatePlantTint",
			"seasonColorMap": "seasonalBlueberry",
			"renderPass": 2,
			"rotationOrigin": [ 7.75, 8.5, 0.0 ],
			"rotationX": -45.0,
			"faces": {
				"north": { "texture": "#virgingrape_leaves", "uv": [ 0.0, 0.0, 9.5, 7.5 ], "enabled": false },
				"east": { "texture": "#virgingrape_leaves", "uv": [ 0.0, 0.0, 0.5, 7.5 ], "enabled": false },
				"south": { "texture": "#virgingrape_leaves", "uv": [ 0.0, 8.0, 9.5, 15.5 ] },
				"west": { "texture": "#virgingrape_leaves", "uv": [ 0.0, 0.0, 0.5, 7.5 ], "enabled": false },
				"up": { "texture": "#virgingrape_leaves", "uv": [ 0.0, 0.0, 9.5, 0.5 ], "enabled": false },
				"down": { "texture": "#virgingrape_leaves", "uv": [ 0.0, 0.0, 9.5, 0.5 ], "enabled": false }
			}
		}
	]}