{
	"editor": {
		"allAngles": true,
		"entityTextureMode": false
	},
	"textureWidth": 16,
	"textureHeight": 16,
	"textureSizes": {
	},
	"textures": {
		"liquorice_root": "wildcraft:block/food/roots/liquorice_root"
	},
	"elements": [
		{
			"name": "origin",
			"from": [ 8.0, 0.0, 8.0 ], 
			"to": [ 8.0, 0.0, 8.0 ], 
			"rotationOrigin": [ 8.0, 0.0, 8.0 ],
			"faces": {
				"north": { "texture": "#liquorice_root", "uv": [ 0.0, 0.0, 0.5, 0.5 ], "enabled": false },
				"east": { "texture": "#liquorice_root", "uv": [ 0.0, 0.0, 0.5, 0.5 ], "enabled": false },
				"south": { "texture": "#liquorice_root", "uv": [ 0.0, 0.0, 0.5, 0.5 ], "enabled": false },
				"west": { "texture": "#liquorice_root", "uv": [ 0.0, 0.0, 0.5, 0.5 ], "enabled": false },
				"up": { "texture": "#liquorice_root", "uv": [ 0.0, 0.0, 0.5, 0.5 ], "enabled": false },
				"down": { "texture": "#liquorice_root", "uv": [ 0.0, 0.0, 0.5, 0.5 ], "enabled": false }
			},
			"children": [
				{
					"name": "Root",
					"from": [ -2.0, 5.3, -1.0 ], 
					"to": [ 0.5, 8.8, 1.5 ], 
					"rotationOrigin": [ -1.0, 9.3, 0.0 ],
					"faces": {
						"north": { "texture": "#liquorice_root", "uv": [ 0.0, 0.0, 3.3333, 4.6667 ], "autoUv": false },
						"east": { "texture": "#liquorice_root", "uv": [ 2.0, 0.0, 5.3333, 4.6667 ], "autoUv": false },
						"south": { "texture": "#liquorice_root", "uv": [ 4.6667, 0.0, 8.0, 4.6667 ], "autoUv": false },
						"west": { "texture": "#liquorice_root", "uv": [ 3.3333, 0.0, 6.6667, 4.6667 ], "autoUv": false },
						"up": { "texture": "#liquorice_root", "uv": [ 2.0, 0.0, 5.3333, 3.3333 ], "autoUv": false },
						"down": { "texture": "#liquorice_root", "uv": [ 4.0, 5.3333, 7.3333, 8.6667 ], "autoUv": false, "windMode": [-1,-1,-1,-1] }
					},
					"children": [
						{
							"name": "RootStalk",
							"from": [ 0.25, 3.5, 0.25 ], 
							"to": [ 2.25, 4.0, 2.25 ], 
							"rotationOrigin": [ 1.0, 2.6, 0.9 ],
							"faces": {
								"north": { "texture": "#liquorice_root", "uv": [ 5.3333, 0.0, 8.0, 0.6667 ], "autoUv": false },
								"east": { "texture": "#liquorice_root", "uv": [ 2.6667, 0.6667, 5.3333, 1.3333 ], "autoUv": false },
								"south": { "texture": "#liquorice_root", "uv": [ 2.6667, 0.6667, 5.3333, 1.3333 ], "autoUv": false },
								"west": { "texture": "#liquorice_root", "uv": [ 0.0, 0.0, 2.6667, 0.6667 ], "autoUv": false },
								"up": { "texture": "#liquorice_root", "uv": [ 4.0, 0.0, 6.6667, 2.6667 ], "autoUv": false },
								"down": { "texture": "#liquorice_root", "uv": [ 0.0, 0.0, 2.0, 2.0 ], "enabled": false }
							}
						},
						{
							"name": "RootDown",
							"from": [ 0.8, -4.7, 0.9 ], 
							"to": [ 2.3, 0.3, 2.4 ], 
							"rotationOrigin": [ 0.75, -1.0, 1.45 ],
							"rotationX": -14.0,
							"rotationZ": 17.0,
							"faces": {
								"north": { "texture": "#liquorice_root", "uv": [ 3.3333, 5.3333, 5.3333, 12.0 ], "autoUv": false },
								"east": { "texture": "#liquorice_root", "uv": [ 2.6667, 4.6667, 4.6667, 11.3333 ], "autoUv": false },
								"south": { "texture": "#liquorice_root", "uv": [ 4.6667, 4.0, 6.6667, 10.6667 ], "autoUv": false },
								"west": { "texture": "#liquorice_root", "uv": [ 4.0, 4.0, 6.0, 10.6667 ], "autoUv": false },
								"up": { "texture": "#liquorice_root", "uv": [ 0.0, 0.0, 1.3333, 1.3333 ], "enabled": false },
								"down": { "texture": "#liquorice_root", "uv": [ 5.3333, 8.0, 7.3333, 10.0 ], "autoUv": false }
							},
							"children": [
								{
									"name": "Roottip",
									"from": [ 0.5, -2.7, -0.1 ], 
									"to": [ 1.5, 0.3, 0.9 ], 
									"rotationOrigin": [ 0.6, -0.6, 0.8 ],
									"rotationX": 19.0,
									"rotationZ": 33.0,
									"faces": {
										"north": { "texture": "#liquorice_root", "uv": [ 4.0, 8.0, 5.3333, 12.0 ], "autoUv": false },
										"east": { "texture": "#liquorice_root", "uv": [ 5.3333, 4.6667, 6.6667, 8.6667 ], "autoUv": false },
										"south": { "texture": "#liquorice_root", "uv": [ 4.0, 6.0, 5.3333, 10.0 ], "autoUv": false },
										"west": { "texture": "#liquorice_root", "uv": [ 4.0, 6.6667, 5.3333, 10.6667 ], "autoUv": false },
										"up": { "texture": "#liquorice_root", "uv": [ 0.0, 0.0, 0.6667, 0.6667 ], "enabled": false },
										"down": { "texture": "#liquorice_root", "uv": [ 2.6667, 5.3333, 4.0, 6.6667 ], "rotation": 90, "autoUv": false }
									}
								}
							]
						},
						{
							"name": "RootDown6",
							"from": [ 2.75, -4.5, -2.0 ], 
							"to": [ 2.75, 1.5, 6.5 ], 
							"rotationOrigin": [ 2.7, -4.0, 2.0 ],
							"rotationX": -33.0,
							"rotationY": 45.0,
							"rotationZ": 26.0,
							"faces": {
								"north": { "texture": "#liquorice_root", "uv": [ 0.0, 0.0, 16.0, 16.0 ], "enabled": false, "autoUv": false },
								"east": { "texture": "#liquorice_root", "uv": [ 8.0, 0.0, 16.6667, 12.0 ], "rotation": 90, "autoUv": false },
								"south": { "texture": "#liquorice_root", "uv": [ 4.6667, 4.0, 6.6667, 10.6667 ], "enabled": false, "autoUv": false },
								"west": { "texture": "#liquorice_root", "uv": [ 4.0, 4.0, 6.0, 10.6667 ], "enabled": false, "autoUv": false },
								"up": { "texture": "#liquorice_root", "uv": [ 0.0, 0.0, 0.6667, 8.0 ], "enabled": false },
								"down": { "texture": "#liquorice_root", "uv": [ 5.3333, 8.0, 7.3333, 10.0 ], "enabled": false, "autoUv": false }
							}
						},
						{
							"name": "RootDown7",
							"from": [ 2.75, -4.5, -2.0 ], 
							"to": [ 2.75, 1.5, 6.5 ], 
							"rotationOrigin": [ 2.7, -4.0, 2.0 ],
							"rotationX": 3.0,
							"rotationY": -45.0,
							"rotationZ": 25.0,
							"faces": {
								"north": { "texture": "#liquorice_root", "uv": [ 0.0, 0.0, 16.0, 16.0 ], "enabled": false, "autoUv": false },
								"east": { "texture": "#liquorice_root", "uv": [ 8.0, 0.0, 16.6667, 12.0 ], "rotation": 90, "autoUv": false },
								"south": { "texture": "#liquorice_root", "uv": [ 4.6667, 4.0, 6.6667, 10.6667 ], "enabled": false, "autoUv": false },
								"west": { "texture": "#liquorice_root", "uv": [ 4.0, 4.0, 6.0, 10.6667 ], "enabled": false, "autoUv": false },
								"up": { "texture": "#liquorice_root", "uv": [ 0.0, 0.0, 0.6667, 8.0 ], "enabled": false },
								"down": { "texture": "#liquorice_root", "uv": [ 5.3333, 8.0, 7.3333, 10.0 ], "enabled": false, "autoUv": false }
							}
						}
					]
				}
			]
		}
	]}