{
	"editor": {
		"allAngles": false,
		"entityTextureMode": false
	},
	"textureWidth": 16,
	"textureHeight": 16,
	"textureSizes": {
	},
	"textures": {
		"celery_root": "wildcraft:block/food/roots/celery_root"
	},
	"elements": [
		{
			"name": "onion 2",
			"from": [ 6.75, 1.5, 6.75 ], 
			"to": [ 9.25, 3.5, 9.25 ], 
			"rotationOrigin": [ 7.8, 1.0, 8.0 ],
			"faces": {
				"north": { "texture": "#celery_root", "uv": [ 9.34, 12.0, 14.0, 8.0 ], "autoUv": false },
				"east": { "texture": "#celery_root", "uv": [ 10.0, 15.3, 5.33, 11.33 ], "autoUv": false },
				"south": { "texture": "#celery_root", "uv": [ 9.33, 7.4, 14.0, 11.3 ], "autoUv": false },
				"west": { "texture": "#celery_root", "uv": [ 9.3333, 8.63, 4.6633, 4.66 ], "autoUv": false },
				"up": { "texture": "#celery_root", "uv": [ 10.0, 0.69, 14.67, 5.34 ], "autoUv": false },
				"down": { "texture": "#celery_root", "uv": [ 7.3333, 8.0, 12.0, 3.3 ], "autoUv": false }
			},
			"children": [
				{
					"name": "onion 2 top",
					"from": [ 0.35, -0.7, 0.35 ], 
					"to": [ 2.15, 2.3, 2.15 ], 
					"faces": {
						"north": { "texture": "#celery_root", "uv": [ 7.3333, 2.0, 10.67, 7.3 ], "autoUv": false },
						"east": { "texture": "#celery_root", "uv": [ 10.6667, 0.6667, 14.0033, 5.9667 ], "autoUv": false },
						"south": { "texture": "#celery_root", "uv": [ 12.0, 2.6667, 15.3367, 8.0 ], "autoUv": false },
						"west": { "texture": "#celery_root", "uv": [ 7.3333, 0.0, 10.6667, 5.3 ], "autoUv": false },
						"up": { "texture": "#celery_root", "uv": [ 4.0, 0.0, 7.3, 3.3 ], "autoUv": false },
						"down": { "texture": "#celery_root", "uv": [ 7.33, 5.33, 10.67, 8.67 ], "autoUv": false, "windMode": [-1,-1,-1,-1] }
					}
				},
				{
					"name": "onion bottom",
					"from": [ 0.9, -1.5, 0.9 ], 
					"to": [ 1.6, -0.6, 1.6 ], 
					"rotationOrigin": [ 0.0, -1.0, 0.0 ],
					"faces": {
						"north": { "texture": "#celery_root", "uv": [ 12.67, 7.2, 14.0, 8.63 ], "autoUv": false },
						"east": { "texture": "#celery_root", "uv": [ 6.0, 7.85, 4.6667, 9.3 ], "autoUv": false },
						"south": { "texture": "#celery_root", "uv": [ 9.3333, 6.5, 7.9933, 8.0 ], "autoUv": false },
						"west": { "texture": "#celery_root", "uv": [ 7.9967, 5.17, 6.6667, 6.6667 ], "autoUv": false },
						"up": { "texture": "#celery_root", "uv": [ 3.3333, 8.0, 4.0, 8.6667 ], "enabled": false },
						"down": { "texture": "#celery_root", "uv": [ 12.6667, 8.9667, 14.0, 9.6667 ], "autoUv": false }
					}
				}
			]
		}
	]}