{
	"editor": {
		"allAngles": false,
		"entityTextureMode": false
	},
	"textureWidth": 16,
	"textureHeight": 16,
	"textureSizes": {
	},
	"textures": {
	},
	"elements": [
		{
			"name": "Cube1",
			"from": [ 6.0, 6.0, 7.0 ], 
			"to": [ 9.0, 10.5, 10.0 ], 
			"rotationOrigin": [ 6.0, 6.0, 7.0 ],
			"rotationX": -22.5,
			"rotationY": 8.0,
			"rotationZ": -45.0,
			"faces": {
				"north": { "texture": "#ginger_root", "uv": [ 1.3333, 0.0, 5.3333, 6.0 ], "autoUv": false },
				"east": { "texture": "#ginger_root", "uv": [ 1.3333, 0.0, 5.3333, 6.0 ], "autoUv": false },
				"south": { "texture": "#ginger_root", "uv": [ 1.3333, 0.0, 5.3333, 6.0 ], "autoUv": false },
				"west": { "texture": "#ginger_root", "uv": [ 1.3333, 0.0, 5.3333, 6.0 ], "autoUv": false },
				"up": { "texture": "#ginger_root", "uv": [ 11.3333, 11.3333, 15.3333, 15.3333 ], "autoUv": false },
				"down": { "texture": "#ginger_root", "uv": [ 0.6667, 5.3333, 4.6667, 9.3333 ], "autoUv": false }
			},
			"children": [
				{
					"name": "Cube2",
					"from": [ 0.5, 4.5, 0.5 ], 
					"to": [ 2.5, 5.0, 2.5 ], 
					"rotationOrigin": [ 0.0, 4.0, 0.0 ],
					"faces": {
						"north": { "texture": "#ginger_root", "uv": [ 12.0, 14.0, 14.6667, 14.6667 ], "autoUv": false },
						"east": { "texture": "#ginger_root", "uv": [ 12.6667, 12.6667, 15.3333, 13.3333 ], "autoUv": false },
						"south": { "texture": "#ginger_root", "uv": [ 12.0, 12.6667, 14.6667, 13.3333 ], "autoUv": false },
						"west": { "texture": "#ginger_root", "uv": [ 12.0, 11.3333, 14.6667, 12.0 ], "autoUv": false },
						"up": { "texture": "#ginger_root", "uv": [ 12.0, 12.0, 14.6667, 14.6667 ], "autoUv": false },
						"down": { "texture": "#ginger_root", "uv": [ 0.0, 0.0, 2.0, 2.0 ], "enabled": false }
					}
				},
				{
					"name": "Cube3",
					"from": [ 0.5, -0.5, 0.5 ], 
					"to": [ 2.5, 0.0, 2.5 ], 
					"rotationOrigin": [ 0.0, -1.0, 0.0 ],
					"faces": {
						"north": { "texture": "#ginger_root", "uv": [ 3.3333, 11.3333, 6.0, 12.0 ], "autoUv": false },
						"east": { "texture": "#ginger_root", "uv": [ 1.3333, 5.3333, 4.0, 6.0 ], "autoUv": false },
						"south": { "texture": "#ginger_root", "uv": [ 3.3333, 7.3333, 6.0, 8.0 ], "autoUv": false },
						"west": { "texture": "#ginger_root", "uv": [ 2.6667, 8.0, 5.3333, 8.6667 ], "autoUv": false },
						"up": { "texture": "#ginger_root", "uv": [ 0.0, 0.0, 2.0, 2.0 ], "enabled": false },
						"down": { "texture": "#ginger_root", "uv": [ 3.3333, 6.0, 6.0, 8.6667 ], "autoUv": false }
					}
				},
				{
					"name": "Cube4",
					"from": [ -1.4, 1.0, 0.0 ], 
					"to": [ 0.6, 2.0, 1.0 ], 
					"rotationOrigin": [ 1.0, 1.0, 0.0 ],
					"rotationY": 17.0,
					"rotationZ": 45.0,
					"faces": {
						"north": { "texture": "#ginger_root", "uv": [ 0.6667, 10.6667, 3.3333, 12.0 ], "autoUv": false },
						"east": { "texture": "#ginger_root", "uv": [ 0.0, 0.0, 0.6667, 0.6667 ], "enabled": false },
						"south": { "texture": "#ginger_root", "uv": [ 1.3333, 8.6667, 4.0, 10.0 ], "autoUv": false },
						"west": { "texture": "#ginger_root", "uv": [ 4.6667, 8.6667, 6.0, 10.0 ], "autoUv": false },
						"up": { "texture": "#ginger_root", "uv": [ 4.0, 5.3333, 6.6667, 6.6667 ], "autoUv": false },
						"down": { "texture": "#ginger_root", "uv": [ 2.6667, 6.6667, 5.3333, 8.0 ], "autoUv": false }
					},
					"children": [
						{
							"name": "Cube16",
							"from": [ -1.0, 0.25, 0.25 ], 
							"to": [ 0.0, 0.75, 0.75 ], 
							"rotationOrigin": [ 0.0, 0.25, 0.25 ],
							"rotationX": 22.5,
							"rotationY": 22.5,
							"faces": {
								"north": { "texture": "#ginger_root", "uv": [ 2.0, 10.6667, 3.3333, 11.3333 ], "autoUv": false },
								"east": { "texture": "#ginger_root", "uv": [ 2.6667, 10.0, 4.0, 10.6667 ], "enabled": false, "autoUv": false },
								"south": { "texture": "#ginger_root", "uv": [ 3.3333, 8.6667, 4.6667, 9.3333 ], "autoUv": false },
								"west": { "texture": "#ginger_root", "uv": [ 5.3333, 6.0, 6.0, 6.6667 ] },
								"up": { "texture": "#ginger_root", "uv": [ 5.3333, 8.6667, 6.6667, 9.3333 ], "autoUv": false },
								"down": { "texture": "#ginger_root", "uv": [ 0.6667, 8.0, 2.0, 8.6667 ], "autoUv": false }
							}
						}
					]
				},
				{
					"name": "Cube5",
					"from": [ -1.5, 2.1, 1.4 ], 
					"to": [ 0.0, 3.1, 2.4 ], 
					"rotationOrigin": [ 0.5, 3.0, 1.0 ],
					"rotationX": 22.5,
					"rotationZ": 35.0,
					"faces": {
						"north": { "texture": "#ginger_root", "uv": [ 4.0, 8.6667, 6.0, 10.0 ], "autoUv": false },
						"east": { "texture": "#ginger_root", "uv": [ 0.0, 0.0, 0.6667, 0.6667 ], "enabled": false },
						"south": { "texture": "#ginger_root", "uv": [ 0.6667, 7.3333, 2.6667, 8.6667 ], "autoUv": false },
						"west": { "texture": "#ginger_root", "uv": [ 2.6667, 7.3333, 4.0, 8.6667 ], "autoUv": false },
						"up": { "texture": "#ginger_root", "uv": [ 4.6667, 3.3333, 6.6667, 4.6667 ], "autoUv": false },
						"down": { "texture": "#ginger_root", "uv": [ 4.6667, 5.3333, 6.6667, 6.6667 ], "autoUv": false }
					}
				},
				{
					"name": "Cube6",
					"from": [ 2.8, 3.7, 1.6 ], 
					"to": [ 4.3, 4.7, 2.6 ], 
					"rotationOrigin": [ 3.0, 4.0, 1.0 ],
					"rotationX": 22.5,
					"rotationY": -8.0,
					"rotationZ": -22.5,
					"faces": {
						"north": { "texture": "#ginger_root", "uv": [ 3.3333, 2.0, 5.3333, 3.3333 ], "autoUv": false },
						"east": { "texture": "#ginger_root", "uv": [ 4.0, 6.6667, 4.6667, 7.3333 ], "enabled": false },
						"south": { "texture": "#ginger_root", "uv": [ 4.6667, 1.3333, 6.6667, 2.6667 ], "autoUv": false },
						"west": { "texture": "#ginger_root", "uv": [ 3.3333, 5.3333, 4.0, 6.0 ], "enabled": false },
						"up": { "texture": "#ginger_root", "uv": [ 0.6667, 0.6667, 2.6667, 2.0 ], "autoUv": false },
						"down": { "texture": "#ginger_root", "uv": [ 6.0, 1.3333, 8.0, 2.6667 ], "autoUv": false }
					},
					"children": [
						{
							"name": "Cube7",
							"from": [ 1.3, -0.25, -0.25 ], 
							"to": [ 3.3, 1.25, 1.25 ], 
							"rotationOrigin": [ 1.7, 0.25, 0.25 ],
							"rotationX": 13.0,
							"rotationY": 8.0,
							"faces": {
								"north": { "texture": "#ginger_root", "uv": [ 3.3333, 2.0, 6.0, 4.0 ], "autoUv": false },
								"east": { "texture": "#ginger_root", "uv": [ 0.0, 0.0, 2.0, 2.0 ], "autoUv": false },
								"south": { "texture": "#ginger_root", "uv": [ 2.0, 1.3333, 4.6667, 3.3333 ], "autoUv": false },
								"west": { "texture": "#ginger_root", "uv": [ 2.0, 0.6667, 4.0, 2.6667 ], "autoUv": false },
								"up": { "texture": "#ginger_root", "uv": [ 0.0, 0.0, 2.6667, 2.0 ], "autoUv": false },
								"down": { "texture": "#ginger_root", "uv": [ 4.6667, 2.0, 7.3333, 4.0 ], "autoUv": false }
							}
						}
					]
				},
				{
					"name": "Cube8",
					"from": [ 2.8, 0.5, 0.6 ], 
					"to": [ 5.3, 2.0, 2.1 ], 
					"rotationOrigin": [ 3.1, 2.0, 1.0 ],
					"rotationX": -15.0,
					"rotationY": -8.0,
					"rotationZ": -45.0,
					"faces": {
						"north": { "texture": "#ginger_root", "uv": [ 2.6667, 2.0, 6.0, 4.0 ], "autoUv": false },
						"east": { "texture": "#ginger_root", "uv": [ 0.0, 0.0, 1.3333, 1.3333 ], "enabled": false },
						"south": { "texture": "#ginger_root", "uv": [ 2.6667, 2.0, 6.0, 4.0 ], "autoUv": false },
						"west": { "texture": "#ginger_root", "uv": [ 0.0, 0.0, 1.3333, 1.3333 ], "enabled": false },
						"up": { "texture": "#ginger_root", "uv": [ 1.3333, 0.0, 4.6667, 2.0 ], "autoUv": false },
						"down": { "texture": "#ginger_root", "uv": [ 2.6667, 2.0, 6.0, 4.0 ], "autoUv": false }
					},
					"children": [
						{
							"name": "Cube9",
							"from": [ 1.7, 0.0, -0.55 ], 
							"to": [ 4.7, 2.0, 1.45 ], 
							"rotationOrigin": [ 2.0, 0.0, 0.0 ],
							"rotationX": 18.0,
							"rotationZ": -22.5,
							"faces": {
								"north": { "texture": "#ginger_root", "uv": [ 2.0, 1.3333, 6.0, 4.0 ], "autoUv": false },
								"east": { "texture": "#ginger_root", "uv": [ 2.6667, 2.0, 5.3333, 4.6667 ], "autoUv": false },
								"south": { "texture": "#ginger_root", "uv": [ 0.0, 0.0, 4.0, 2.6667 ], "autoUv": false },
								"west": { "texture": "#ginger_root", "uv": [ 0.0, 0.0, 2.6667, 2.6667 ], "autoUv": false },
								"up": { "texture": "#ginger_root", "uv": [ 2.6667, 0.6667, 6.6667, 3.3333 ], "autoUv": false },
								"down": { "texture": "#ginger_root", "uv": [ 1.3333, 1.3333, 5.3333, 4.0 ], "autoUv": false }
							},
							"children": [
								{
									"name": "Cube10",
									"from": [ 3.0, 0.25, 0.25 ], 
									"to": [ 3.5, 1.75, 1.75 ], 
									"rotationOrigin": [ 3.0, 0.0, 0.0 ],
									"faces": {
										"north": { "texture": "#ginger_root", "uv": [ 3.3333, 8.0, 4.0, 10.0 ], "autoUv": false },
										"east": { "texture": "#ginger_root", "uv": [ 4.6667, 2.0, 6.6667, 4.0 ], "autoUv": false },
										"south": { "texture": "#ginger_root", "uv": [ 0.6667, 0.6667, 1.3333, 2.6667 ], "autoUv": false },
										"west": { "texture": "#ginger_root", "uv": [ 0.0, 0.0, 1.3333, 1.3333 ], "enabled": false },
										"up": { "texture": "#ginger_root", "uv": [ 2.0, 0.6667, 2.6667, 2.6667 ], "autoUv": false },
										"down": { "texture": "#ginger_root", "uv": [ 4.0, 2.6667, 4.6667, 4.6667 ], "autoUv": false }
									},
									"children": [
										{
											"name": "Cube17",
											"from": [ 0.5, 0.5, 0.5 ], 
											"to": [ 2.0, 1.0, 1.0 ], 
											"rotationOrigin": [ 0.5, 1.0, 0.5 ],
											"rotationY": -22.5,
											"rotationZ": -28.0,
											"faces": {
												"north": { "texture": "#ginger_root", "uv": [ 2.6667, 9.3333, 4.6667, 10.0 ], "autoUv": false },
												"east": { "texture": "#ginger_root", "uv": [ 3.3333, 6.0, 4.0, 6.6667 ] },
												"south": { "texture": "#ginger_root", "uv": [ 3.3333, 6.6667, 5.3333, 7.3333 ], "autoUv": false },
												"west": { "texture": "#ginger_root", "uv": [ 2.6667, 5.3333, 3.3333, 6.0 ], "enabled": false },
												"up": { "texture": "#ginger_root", "uv": [ 2.0, 5.3333, 4.0, 6.0 ], "autoUv": false },
												"down": { "texture": "#ginger_root", "uv": [ 2.6667, 8.6667, 4.6667, 9.3333 ], "autoUv": false }
											}
										}
									]
								},
								{
									"name": "Cube11",
									"from": [ 1.9, 0.9, 1.1 ], 
									"to": [ 3.4, 1.9, 2.1 ], 
									"rotationOrigin": [ 2.0, 1.0, 1.0 ],
									"rotationX": -45.0,
									"rotationY": -22.5,
									"rotationZ": 40.0,
									"faces": {
										"north": { "texture": "#ginger_root", "uv": [ 1.3333, 6.0, 3.3333, 7.3333 ], "autoUv": false },
										"east": { "texture": "#ginger_root", "uv": [ 5.3333, 6.0, 6.6667, 7.3333 ], "autoUv": false },
										"south": { "texture": "#ginger_root", "uv": [ 6.0, 4.6667, 8.0, 6.0 ], "autoUv": false },
										"west": { "texture": "#ginger_root", "uv": [ 0.0, 0.0, 0.6667, 0.6667 ], "enabled": false },
										"up": { "texture": "#ginger_root", "uv": [ 4.0, 2.0, 6.0, 3.3333 ], "autoUv": false },
										"down": { "texture": "#ginger_root", "uv": [ 3.3333, 2.0, 5.3333, 3.3333 ], "autoUv": false }
									}
								}
							]
						}
					]
				},
				{
					"name": "Cube12",
					"from": [ 1.9, -1.1, 1.3 ], 
					"to": [ 3.9, -0.1, 2.3 ], 
					"rotationOrigin": [ 2.1, 0.0, 2.0 ],
					"rotationX": -22.5,
					"rotationY": -45.0,
					"rotationZ": -80.0,
					"faces": {
						"north": { "texture": "#ginger_root", "uv": [ 2.6667, 2.6667, 5.3333, 4.0 ], "autoUv": false },
						"east": { "texture": "#ginger_root", "uv": [ 0.0, 0.0, 0.6667, 0.6667 ], "enabled": false },
						"south": { "texture": "#ginger_root", "uv": [ 2.0, 2.0, 4.6667, 3.3333 ], "autoUv": false },
						"west": { "texture": "#ginger_root", "uv": [ 0.0, 0.0, 0.6667, 0.6667 ], "enabled": false },
						"up": { "texture": "#ginger_root", "uv": [ 2.6667, 2.0, 5.3333, 3.3333 ], "autoUv": false },
						"down": { "texture": "#ginger_root", "uv": [ 4.6667, 2.6667, 7.3333, 4.0 ], "autoUv": false }
					},
					"children": [
						{
							"name": "Cube13",
							"from": [ 2.0, -0.2, -0.3 ], 
							"to": [ 4.0, 1.3, 1.2 ], 
							"rotationOrigin": [ 2.0, 0.0, 0.0 ],
							"rotationX": 15.0,
							"faces": {
								"north": { "texture": "#ginger_root", "uv": [ 2.0, 1.3333, 4.6667, 3.3333 ], "autoUv": false },
								"east": { "texture": "#ginger_root", "uv": [ 6.0, 0.6667, 8.0, 2.6667 ], "autoUv": false },
								"south": { "texture": "#ginger_root", "uv": [ 2.0, 0.6667, 4.6667, 2.6667 ], "autoUv": false },
								"west": { "texture": "#ginger_root", "uv": [ 4.6667, 0.6667, 6.6667, 2.6667 ], "autoUv": false },
								"up": { "texture": "#ginger_root", "uv": [ 0.6667, 2.0, 3.3333, 4.0 ], "autoUv": false },
								"down": { "texture": "#ginger_root", "uv": [ 1.3333, 0.6667, 4.0, 2.6667 ], "autoUv": false }
							},
							"children": [
								{
									"name": "Cube14",
									"from": [ 1.75, 0.5, 0.3 ], 
									"to": [ 3.25, 1.0, 0.8 ], 
									"rotationOrigin": [ 2.0, 1.0, 1.0 ],
									"rotationZ": 22.5,
									"faces": {
										"north": { "texture": "#ginger_root", "uv": [ 2.6667, 6.0, 4.6667, 6.6667 ], "autoUv": false },
										"east": { "texture": "#ginger_root", "uv": [ 4.0, 1.3333, 4.6667, 2.0 ] },
										"south": { "texture": "#ginger_root", "uv": [ 3.3333, 0.6667, 5.3333, 1.3333 ], "autoUv": false },
										"west": { "texture": "#ginger_root", "uv": [ 1.3333, 0.6667, 2.0, 1.3333 ] },
										"up": { "texture": "#ginger_root", "uv": [ 3.3333, 2.0, 5.3333, 2.6667 ], "autoUv": false },
										"down": { "texture": "#ginger_root", "uv": [ 2.6667, 4.0, 4.6667, 4.6667 ], "autoUv": false }
									}
								},
								{
									"name": "Cube15",
									"from": [ 1.4, 0.7, 0.7 ], 
									"to": [ 2.4, 1.2, 1.2 ], 
									"rotationOrigin": [ 1.0, 1.0, 2.0 ],
									"rotationY": -27.0,
									"rotationZ": -22.5,
									"faces": {
										"north": { "texture": "#ginger_root", "uv": [ 2.6667, 4.0, 4.0, 4.6667 ], "autoUv": false },
										"east": { "texture": "#ginger_root", "uv": [ 2.6667, 2.6667, 3.3333, 3.3333 ] },
										"south": { "texture": "#ginger_root", "uv": [ 3.3333, 5.3333, 4.6667, 6.0 ], "autoUv": false },
										"west": { "texture": "#ginger_root", "uv": [ 2.0, 1.3333, 2.6667, 2.0 ] },
										"up": { "texture": "#ginger_root", "uv": [ 3.3333, 8.6667, 4.6667, 9.3333 ], "autoUv": false },
										"down": { "texture": "#ginger_root", "uv": [ 0.6667, 0.6667, 2.0, 1.3333 ], "autoUv": false }
									}
								}
							]
						}
					]
				}
			]
		}
	]}