{
	"code": "minerslettuce",
	"maxstacksize": 64,
	"attributes": {
		"nutritionPropsWhenInMeal": { 
			"satietyByType":  { 
				"*":  35 
			},
		"foodcategory": "Vegetable"
		}
	},

	"texture": { "base": "wildcraft:items/minerslettuce" },
	"creativeinventory": { "general": ["*"], "items": ["*"] },
	"nutritionPropsByType": {
		"*": { "satiety": 30, "foodcategory": "Vegetable" }
	},
	"transitionablePropsByType": {
		"*": [{
			"type": "Perish",
			"freshHours": { "avg": 128 },
			"transitionHours": { "avg": 72 },
			"transitionedStack": { "type": "item", "code": "game:rot" },
			"transitionRatio": 0.25
		}]
	}
}
