{
	"code": "roots",
	"maxstacksize": 64,
	"attributes": {},
	"variantgroups": [
		{ "code": "type", "states": ["bearleek", "marshmallow", "burdock", "chicory", "liquorice", "waterchestnut"] }
	],
	"shapebytype": {
        "*-bearleek": { "base": "wildcraft:block/food/bearleek_bulb" },
		"*-waterchestnut": { "base": "wildcraft:block/food/waterchestnut" },
		"*-liquorice": { "base": "wildcraft:block/food/bearleek_bulb" },
		"*-marshmallow": { "base": "wildcraft:block/food/marshmallow_root" },
		"*-burdock": { "base": "wildcraft:block/food/burdock_root" },
		"*-chicory": { "base": "wildcraft:block/food/chicory_root" },
		"*": { "base": "game:item/food/vegetable/cattailsroot-cooked" }
	},
	"texturesbytype": {
        "*-bearleek": { 
            "bearleek_bulb": { "base": "wildcraft:block/plant/leafygroundvegetable/bearleek_bulb" }
        },
		"*-liquorice": { 
            "bearleek_bulb": { "base": "wildcraft:block/plant/leafygroundvegetable/liquorice_root" }
        },
		"*-waterchestnut": { 
            "bearleek_bulb": { "base": "wildcraft:block/plant/leafygroundvegetable/waterchestnut_bulb" }
        },
		"*": { 			
			"reeds" : { "base": "game:item/resource/reeds" }
		}
	},
	"creativeinventory": { "general": ["*"], "items": ["*"] },
	"nutritionPropsByType": {
		"*": { "satiety": 100, "foodcategory": "Vegetable" },
	},
	"transitionablePropsByType": {
		"*": [{
			"type": "Perish",
			"freshHours": { "avg":  504 },
			"transitionHours": { "avg": 96 },
			"transitionedStack": { "type": "item", "code": "game:rot" },
			"transitionRatio": 0.5
		}]
	},
	"materialDensity": 600,
	"guiTransformByType": {
		"*-bearleek": {
				translation: { x: 0, y: 0, z: 0 },
				rotation: { x: -37, y: 135, z: -155 },
				origin: { x: 0.35, y: 0.2, z: 0.6 },
				scale: 5.7
		},
		"*-waterchestnut": {
			translation: { x: 0, y: 0, z: 0 },
			rotation: { x: -37, y: 135, z: -155 },
			origin: { x: 0.35, y: 0.2, z: 0.6 },
			scale: 5.7
		},
		"*-liquorice": {
			translation: { x: 0, y: 0, z: 0 },
			rotation: { x: -37, y: 135, z: -155 },
			origin: { x: 0.35, y: 0.2, z: 0.6 },
			scale: 5.7
		},
		"*-chicory": {
			translation: { x: 0, y: 0, z: 0 },
			rotation: { x: 32, y: 160, z: 98 },
			origin: { x: 0.4299, y: 0.28, z: 0.45 },
			scale: 2.64
		},
		"*-burdock": {
			translation: { x: 0, y: 0, z: 0 },
			rotation: { x: 53, y: 52, z: 93 },
			origin: { x: 0.5299, y: 0.43, z: 0.55 },
			scale: 2.7
		},
		"*-marshmallow": {
			translation: { x: 0, y: 0, z: 0 },
			rotation: { x: 27, y: 134, z: 112 },
			origin: { x: 0.3299, y: 0.33, z: 0.75 },
			scale: 2.35
		},
		"*": {
			"translation": { x: 0, y: 0, z: 0 },
			"rotation": { x: 43, y: 166, z: 98 },
			"origin": { x: 0.53, y: 0.43, z: 0.55 },
			"scale": 2.64
		}
	},
	"fpHandTransformByType": {
		"*-bearleek": {
				translation: { x: 0, y: 0, z: 0 },
				rotation: { x: -38, y: 29, z: 21 },
				origin: { x: 0.5, y: 0.3, z: 0.5 },
				scale: 2
		},
		"*-waterchestnut": {
			translation: { x: 0, y: 0, z: 0 },
			rotation: { x: -38, y: 29, z: 21 },
			origin: { x: 0.5, y: 0.3, z: 0.5 },
			scale: 2
	},
		"*-liquorice": {
			translation: { x: 0, y: 0, z: 0 },
			rotation: { x: -38, y: 29, z: 21 },
			origin: { x: 0.5, y: 0.3, z: 0.5 },
			scale: 2
		},
		"*": {
			"translation": { x: 0.15, y: -0.2, z: 0 },
			"rotation": { x: 155, y: -87, z: -30 },
			"scale": 1.2
		}
	},
	"tpHandTransformByType": {
		"*-bearleek": {
			"translation": { x: -0.6, y: -0.18, z: -0.6 },
			"rotation": { x: 0, y: 0, z: -42 },
			"origin": { x: 0.5, y: 0.1, z: 0.5 },
			"scale": 0.8
		},
		"*-waterchestnut": {
			"translation": { x: -0.6, y: -0.18, z: -0.6 },
			"rotation": { x: 0, y: 0, z: -42 },
			"origin": { x: 0.5, y: 0.1, z: 0.5 },
			"scale": 0.8
		},
		"*-liquorice": {
			"translation": { x: -0.6, y: -0.18, z: -0.6 },
			"rotation": { x: 0, y: 0, z: -42 },
			"origin": { x: 0.5, y: 0.1, z: 0.5 },
			"scale": 0.8
		},
		"*": {
			"translation": { x: -1, y: -1.1, z: -1 },
			"rotation": { x: 180, y: 9, z: 50 },
			"scale": 0.48
		}
	},
	"groundTransformByType": {
		"*-bearleek": {
			"translation": { "x": 0, "y": 0, "z": 0 },
			"rotation": { "x": 0, "y": 0, "z": 83 },
			"origin": { "x": 0.47, "y": 0, "z": 0.5 },
			"scale": 4.3
		},
		"*-waterchestnut": {
			"translation": { "x": 0, "y": 0, "z": 0 },
			"rotation": { "x": 0, "y": 0, "z": 83 },
			"origin": { "x": 0.47, "y": 0, "z": 0.5 },
			"scale": 4.3
		},
		"*-liquorice": {
			"translation": { "x": 0, "y": 0, "z": 0 },
			"rotation": { "x": 0, "y": 0, "z": 83 },
			"origin": { "x": 0.47, "y": 0, "z": 0.5 },
			"scale": 4.3
		},
		"*": {
			"scale": 2.5
		}
	}
}