[
    {
        "op": "add",
        "path": "/patches/-",
        "value": {
          "comment": "Larges Patches of hard sedge in temperate areas near water",
          "blockCodes": [
            "wildcraft:sedge-hardsedge-normal",
            "wildcraft:sedge-hardsedge-normal",
            "wildcraft:sedge-hardsedge-normal",
            "wildcraft:sedge-hardsedge-normal"
          ],
          "minTemp": -12,
          "maxTemp": 22,
          "minRain": 0.45,
          "maxRain": 1.0,
          "chance": 3.0,
          "placement": "NearWater",
          "quantity": { "dist": "invexp", "avg": 50, "var": 25 },
          "offsetX": { "avg": 0, "var": 4 },
          "offsetZ": { "avg": 0, "var": 4 }
        },
        "file": "game:worldgen/blockpatches.json"
      },
      { 
        "op": "add",
        "path": "/patches/-",
        "value": {
          "comment": "extremley Larges Patches of hardsedge in temperate areas near water",
          "blockCodes": [
            "wildcraft:sedge-hardsedge-normal",
            "wildcraft:sedge-hardsedge-normal",
            "wildcraft:sedge-hardsedge-normal",
            "wildcraft:sedge-hardsedge-normal"
          ],
          "minTemp": -2,
          "maxTemp": 24,
          "minRain": 0.65,
          "maxForest": 0.55,
          "maxY": 0.55,
          "chance": 1.0,
          "minWaterDepth": 0,
          "placement": "UnderWater",
          "quantity": { "avg": 1500, "var": 100 },
          "offsetX": { "avg": 0, "var": 100 },
          "offsetZ": { "avg": 0, "var": 100 }
        },
        "file": "game:worldgen/blockpatches.json"
      },
      {
        "op": "add",
        "path": "/patches/-",
        "value": {
          "comment": "Larges Patches of soft sedge in temperate areas near water",
          "blockCodes": [
            "wildcraft:sedge-softsedge-normal",
            "wildcraft:sedge-softsedge-normal",
            "wildcraft:sedge-softsedge-normal",
            "wildcraft:sedge-softsedge-normal"
          ],
          "minTemp": -12,
          "maxTemp": 22,
          "minRain": 0.45,
          "maxRain": 1.0,
          "chance": 3.0,
          "placement": "NearWater",
          "quantity": { "dist": "invexp", "avg": 50, "var": 25 },
          "offsetX": { "avg": 0, "var": 4 },
          "offsetZ": { "avg": 0, "var": 4 }
        },
        "file": "game:worldgen/blockpatches.json"
      },
      { 
        "op": "add",
        "path": "/patches/-",
        "value": {
          "comment": "medium Patches of tule in temperate areas near water",
          "blockCodes": [
            "wildcraft:sedge-tule-normal",
            "wildcraft:sedge-tule-normal",
            "wildcraft:sedge-tule-normal",
            "wildcraft:sedge-tule-normal",
          ],
          "minTemp": 0,
          "minRain": 0.65,
          "chance": 2.0,
          "maxY": 0.57,
          "placement": "NearWater",
          "quantity": { "dist": "invexp", "avg": 15, "var": 5 },

        },
        "file": "game:worldgen/blockpatches.json"
      },
      { 
        "op": "add",
        "path": "/patches/-",
        "value": {
          "comment": "extremley Large Patches of swamptule in temperate areas near water",
          "blockCodes": [
            "wildcraft:sedge-swamptule-normal",
            "wildcraft:sedge-swamptule-normal",
            "wildcraft:sedge-swamptule-normal",
            "wildcraft:sedge-swamptule-normal",
          ],
          "minTemp": 4,
          "minRain": 0.65,
          "maxForest": 0.55,
          "maxY": 0.55,
          "chance": 1.0,
          "minWaterDepth": 0,
          "placement": "UnderWater",
          "quantity": { "avg": 1500, "var": 100 },
          "offsetX": { "avg": 0, "var": 100 },
          "offsetZ": { "avg": 0, "var": 100 }
        },
        "file": "game:worldgen/blockpatches.json"
      },

      {
        "op": "add",
        "path": "/patches/-",
        "value": {
          "comment": "Larges Patches of arrowhead in warm areas near water",
          "blockCodes": [
            "wildcraft:arrowhead-arrowhead-normal"
          ],
          "minTemp": -12,
          "maxTemp": 2,
          "minRain": 0.45,
          "maxRain": 1.0,
          "chance": 0.5,
          "placement": "NearWater",
          "quantity": { "dist": "invexp", "avg": 15, "var": 5 }
        },
        "file": "game:worldgen/blockpatches.json"
      },
      {
        "op": "add",
        "path": "/patches/-",
        "value": {
          "comment": "Larges Patches of brownsedge in temperate areas near water",
          "blockCodes": [
            "wildcraft:sedge-brownsedge-normal",
            "wildcraft:sedge-brownsedge-normal",
            "wildcraft:sedge-brownsedge-normal",
            "wildcraft:sedge-brownsedge-normal",
          ],
          "minTemp": 24,
          "minRain": 0.45,
          "maxRain": 1.0,
          "chance": 3.0,
          "placement": "NearWater",
          "quantity": { "dist": "invexp", "avg": 50, "var": 25 },
          "offsetX": { "avg": 0, "var": 4 },
          "offsetZ": { "avg": 0, "var": 4 }
        },
        "file": "game:worldgen/blockpatches.json"
      },
      {
        "op": "add",
        "path": "/patches/-",
        "value": {
          "comment": "Larges Patches of water chestnut in tropical areas near water",
          "blockCodes": [
            "wildcraft:sedge-waterchestnut-normal",
            "wildcraft:sedge-waterchestnut-normal",
            "wildcraft:sedge-waterchestnut-normal",
            "wildcraft:sedge-waterchestnut-normal"
          ],
          "minTemp": 24,
          "minRain": 0.45,
          "maxRain": 1.0,
          "chance": 3.0,
          "placement": "NearWater",
          "quantity": { "dist": "invexp", "avg": 50, "var": 25 },
          "offsetX": { "avg": 0, "var": 4 },
          "offsetZ": { "avg": 0, "var": 4 }
        },
        "file": "game:worldgen/blockpatches.json"
      },
      {
        "op": "add",
        "path": "/patches/-",
        "value": {
          "comment": "Larges Patches of european bugleweed in temperate areas near water",
          "blockCodes": [
            "wildcraft:bugleweed-european-tall",
            "wildcraft:bugleweed-european-short",
          ],
          "minTemp": -4,
          "maxTemp": 22,
          "minRain": 0.45,
          "minForest": 0.25,
          "maxRain": 1.0,
          "chance": 0.5,
          "placement": "NearWater",
          "quantity": { "avg": 11, "var": 5 }
        },
        "file": "game:worldgen/blockpatches.json"
      },

      {
        "op": "add",
        "path": "/patches/-",
        "value": {
          "comment": "Larges Patches of european bungleweed in temperate areas near water",
          "blockCodes": [
            "wildcraft:waterplant-pepperdulse-normal",
          ],
          minTemp: 3,
          maxTemp: 40,
          minRain: 0,
          maxRain: 1,
          "chance": 1,
          "minWaterDepth": 2,
          "placement": "UnderWater",
          "quantity": { "avg": 25, "var": 15 },
          "offsetX": { "avg": 0, "var": 12 },
          "offsetZ": { "avg": 0, "var": 12 }
        },
        "file": "game:worldgen/blockpatches.json"
      },
      {
        "op": "add",
        "path": "/patches/-",
        "value": {
          "comment": "Larges Patches of european bungleweed in temperate areas near water",
          "blockCodes": [
            "wildcraft:waterplant-wakame-normal",
          ],
          minTemp: 3,
          maxTemp: 40,
          minRain: 0,
          maxRain: 1,
          "chance": 1,
          "minWaterDepth": 2,
          "placement": "UnderWater",
          "quantity": { "avg": 25, "var": 15 },
          "offsetX": { "avg": 0, "var": 12 },
          "offsetZ": { "avg": 0, "var": 12 }
        },
        "file": "game:worldgen/blockpatches.json"
      },
      {
        "op": "add",
        "path": "/patches/-",
        "value": {
          "comment": "duckweed",
          "blockCodes": [
            "wildcraft:duckweed-duckweed-nesw"
          ],
          "minTemp": 8,
          "maxTemp": 40,
          "minRain": 0.6,
          "quantity": { dist: "invexp", avg: 25, var: 15 },
          "chance": 12.0
        },
        "file": "game:worldgen/blockpatches.json"
      }
]