{
	"editor": {
		"allAngles": true,
		"entityTextureMode": false
	},
	"textureWidth": 8,
	"textureHeight": 8,
	"textureSizes": {
	},
	"textures": {
		"husktomato": "wildcraft:items/fruit/husktomato"
	},
	"elements": [
		{
			"name": "origin",
			"from": [ 10.0, 5.0, 8.0 ], 
			"to": [ 10.0, 5.0, 8.0 ], 
			"rotationOrigin": [ 10.0, 5.0, 8.0 ],
			"rotationZ": 78.0,
			"faces": {
				"north": { "texture": "#null", "uv": [ 0.0, 0.0, 0.5, 0.5 ], "enabled": false },
				"east": { "texture": "#null", "uv": [ 0.0, 0.0, 0.5, 0.5 ], "enabled": false },
				"south": { "texture": "#null", "uv": [ 0.0, 0.0, 0.5, 0.5 ], "enabled": false },
				"west": { "texture": "#null", "uv": [ 0.0, 0.0, 0.5, 0.5 ], "enabled": false },
				"up": { "texture": "#null", "uv": [ 0.0, 0.0, 0.5, 0.5 ], "enabled": false },
				"down": { "texture": "#null", "uv": [ 0.0, 0.0, 0.5, 0.5 ], "enabled": false }
			},
			"children": [
				{
					"name": "envelope1",
					"from": [ -3.0, 0.0, -1.75 ], 
					"to": [ 1.5, 4.5, 2.75 ], 
					"rotationOrigin": [ -3.0, 0.0, -2.0 ],
					"faces": {
						"north": { "texture": "#husktomato", "uv": [ 3.5, 0.0, 8.0, 4.5 ] },
						"east": { "texture": "#husktomato", "uv": [ 3.5, 0.0, 8.0, 4.5 ], "autoUv": false },
						"south": { "texture": "#husktomato", "uv": [ 3.5, 0.0, 8.0, 4.5 ] },
						"west": { "texture": "#husktomato", "uv": [ 3.5, 0.0, 8.0, 4.5 ], "windMode": [-1,-1,-1,-1] },
						"up": { "texture": "#husktomato", "uv": [ 3.5, 0.0, 8.0, 4.5 ] },
						"down": { "texture": "#husktomato", "uv": [ 3.5, 0.0, 8.0, 4.5 ] }
					}
				},
				{
					"name": "envelope2",
					"from": [ -2.95, 2.5, -3.0 ], 
					"to": [ 1.45, 7.0, 1.5 ], 
					"rotationOrigin": [ -0.75, 2.0, -3.0 ],
					"rotationX": 45.0,
					"faces": {
						"north": { "texture": "#husktomato", "uv": [ 3.5, 0.0, 8.0, 4.5 ], "autoUv": false },
						"east": { "texture": "#husktomato", "uv": [ 3.5, 0.0, 8.0, 4.5 ], "autoUv": false },
						"south": { "texture": "#husktomato", "uv": [ 3.5, 0.0, 8.0, 4.5 ], "autoUv": false },
						"west": { "texture": "#husktomato", "uv": [ 3.5, 0.0, 8.0, 4.5 ] },
						"up": { "texture": "#husktomato", "uv": [ 3.5, 0.0, 8.0, 4.5 ], "autoUv": false },
						"down": { "texture": "#husktomato", "uv": [ 3.5, 0.0, 8.0, 4.5 ], "autoUv": false }
					}
				},
				{
					"name": "stem1",
					"from": [ 0.9, 2.2, 0.2 ], 
					"to": [ 2.9, 2.7, 0.7 ], 
					"rotationOrigin": [ 1.25, 2.0, 0.0 ],
					"rotationX": 14.0,
					"rotationY": 8.0,
					"rotationZ": 6.0,
					"faces": {
						"north": { "texture": "#husktomato", "uv": [ 0.0, 4.0, 2.0, 4.5 ] },
						"east": { "texture": "#husktomato", "uv": [ 2.0, 4.0, 2.5, 4.5 ] },
						"south": { "texture": "#husktomato", "uv": [ 0.0, 4.0, 2.0, 4.5 ] },
						"west": { "texture": "#husktomato", "uv": [ 2.0, 4.0, 2.5, 4.5 ] },
						"up": { "texture": "#husktomato", "uv": [ 0.5, 4.0, 2.5, 4.5 ] },
						"down": { "texture": "#husktomato", "uv": [ 0.5, 4.0, 2.5, 4.5 ] }
					}
				},
				{
					"name": "berry",
					"from": [ -1.0, 1.25, -0.5 ], 
					"to": [ 1.0, 3.25, 1.5 ], 
					"rotationOrigin": [ -1.0, 1.0, -1.0 ],
					"faces": {
						"north": { "texture": "#husktomato", "uv": [ 4.5, 5.0, 6.5, 7.0 ] },
						"east": { "texture": "#husktomato", "uv": [ 5.0, 6.0, 7.0, 8.0 ] },
						"south": { "texture": "#husktomato", "uv": [ 4.0, 5.0, 6.0, 7.0 ] },
						"west": { "texture": "#husktomato", "uv": [ 4.0, 5.5, 6.0, 7.5 ] },
						"up": { "texture": "#husktomato", "uv": [ 5.0, 5.5, 7.0, 7.5 ] },
						"down": { "texture": "#husktomato", "uv": [ 4.0, 5.5, 6.0, 7.5 ] }
					}
				},
				{
					"name": "envelopetip1",
					"from": [ -4.5, 1.0, -0.75 ], 
					"to": [ -3.0, 3.5, 1.75 ], 
					"rotationOrigin": [ -5.0, 1.0, -2.0 ],
					"faces": {
						"north": { "texture": "#husktomato", "uv": [ 3.5, 0.0, 5.0, 2.5 ] },
						"east": { "texture": "#null", "uv": [ 2.5, 0.0, 7.0, 4.5 ], "enabled": false, "autoUv": false },
						"south": { "texture": "#husktomato", "uv": [ 3.5, 0.0, 5.0, 2.5 ] },
						"west": { "texture": "#husktomato", "uv": [ 4.5, 0.0, 7.0, 2.5 ] },
						"up": { "texture": "#husktomato", "uv": [ 3.5, 0.0, 5.0, 2.5 ] },
						"down": { "texture": "#husktomato", "uv": [ 3.5, 0.0, 5.0, 2.5 ] }
					}
				}
			]
		},
		{
			"name": "origin7",
			"from": [ 3.0, 5.0, 3.0 ], 
			"to": [ 3.0, 5.0, 3.0 ], 
			"rotationOrigin": [ 3.0, 5.0, 3.0 ],
			"rotationX": -44.0,
			"rotationY": 58.0,
			"rotationZ": 125.0,
			"faces": {
				"north": { "texture": "#null", "uv": [ 0.0, 0.0, 0.5, 0.5 ], "enabled": false },
				"east": { "texture": "#null", "uv": [ 0.0, 0.0, 0.5, 0.5 ], "enabled": false },
				"south": { "texture": "#null", "uv": [ 0.0, 0.0, 0.5, 0.5 ], "enabled": false },
				"west": { "texture": "#null", "uv": [ 0.0, 0.0, 0.5, 0.5 ], "enabled": false },
				"up": { "texture": "#null", "uv": [ 0.0, 0.0, 0.5, 0.5 ], "enabled": false },
				"down": { "texture": "#null", "uv": [ 0.0, 0.0, 0.5, 0.5 ], "enabled": false }
			},
			"children": [
				{
					"name": "envelope3",
					"from": [ -3.0, 0.0, -1.75 ], 
					"to": [ 0.5, 3.5, 1.75 ], 
					"rotationOrigin": [ -3.0, 0.0, -2.0 ],
					"faces": {
						"north": { "texture": "#husktomato", "uv": [ 0.0, 4.5, 3.5, 8.0 ] },
						"east": { "texture": "#husktomato", "uv": [ 0.0, 0.0, 3.5, 3.5 ], "autoUv": false },
						"south": { "texture": "#husktomato", "uv": [ 0.0, 4.5, 3.5, 8.0 ] },
						"west": { "texture": "#husktomato", "uv": [ 0.0, 0.0, 3.5, 3.5 ] },
						"up": { "texture": "#husktomato", "uv": [ 0.0, 4.5, 3.5, 8.0 ] },
						"down": { "texture": "#husktomato", "uv": [ 0.0, 4.5, 3.5, 8.0 ] }
					}
				},
				{
					"name": "envelope4",
					"from": [ -2.95, 1.9, -3.2 ], 
					"to": [ 0.45, 5.4, 0.3 ], 
					"rotationOrigin": [ -0.75, 1.0, -3.0 ],
					"rotationX": 45.0,
					"faces": {
						"north": { "texture": "#husktomato", "uv": [ 0.0, 4.5, 3.5, 8.0 ], "autoUv": false },
						"east": { "texture": "#husktomato", "uv": [ 0.0, 0.0, 3.5, 3.5 ], "autoUv": false },
						"south": { "texture": "#husktomato", "uv": [ 0.0, 4.5, 3.5, 8.0 ], "autoUv": false },
						"west": { "texture": "#husktomato", "uv": [ 0.0, 0.0, 3.5, 3.5 ] },
						"up": { "texture": "#husktomato", "uv": [ 0.0, 4.5, 3.5, 8.0 ], "autoUv": false },
						"down": { "texture": "#husktomato", "uv": [ 0.0, 4.5, 3.5, 8.0 ], "autoUv": false }
					}
				},
				{
					"name": "stem2",
					"from": [ 0.4, 1.7, -0.3 ], 
					"to": [ 1.9, 2.2, 0.2 ], 
					"rotationOrigin": [ 1.25, 2.0, -1.0 ],
					"rotationX": 14.0,
					"rotationY": 8.0,
					"rotationZ": 6.0,
					"faces": {
						"north": { "texture": "#husktomato", "uv": [ 0.5, 2.0, 2.0, 2.5 ] },
						"east": { "texture": "#husktomato", "uv": [ 2.0, 2.0, 2.5, 2.5 ] },
						"south": { "texture": "#husktomato", "uv": [ 0.0, 1.5, 1.5, 2.0 ] },
						"west": { "texture": "#husktomato", "uv": [ 2.0, 2.0, 2.5, 2.5 ] },
						"up": { "texture": "#husktomato", "uv": [ 0.5, 2.0, 2.0, 2.5 ] },
						"down": { "texture": "#husktomato", "uv": [ 0.5, 2.0, 2.0, 2.5 ] }
					}
				},
				{
					"name": "envelopetip2",
					"from": [ -4.0, 0.75, -1.0 ], 
					"to": [ -3.0, 2.75, 1.0 ], 
					"rotationOrigin": [ -5.0, 1.0, -2.0 ],
					"faces": {
						"north": { "texture": "#husktomato", "uv": [ 1.5, 5.0, 2.5, 7.0 ] },
						"east": { "texture": "#null", "uv": [ 2.5, 0.0, 7.0, 4.5 ], "enabled": false, "autoUv": false },
						"south": { "texture": "#husktomato", "uv": [ 1.0, 5.5, 2.0, 7.5 ] },
						"west": { "texture": "#husktomato", "uv": [ 1.0, 1.0, 3.0, 3.0 ] },
						"up": { "texture": "#husktomato", "uv": [ 1.0, 5.5, 2.0, 7.5 ] },
						"down": { "texture": "#husktomato", "uv": [ 1.0, 5.0, 2.0, 7.0 ] }
					}
				}
			]
		},
		{
			"name": "origin12",
			"from": [ 2.0, 5.0, 10.0 ], 
			"to": [ 2.0, 5.0, 10.0 ], 
			"rotationOrigin": [ 2.0, 5.0, 10.0 ],
			"rotationX": -58.0,
			"rotationY": 64.0,
			"rotationZ": 169.0,
			"faces": {
				"north": { "texture": "#null", "uv": [ 0.0, 0.0, 0.5, 0.5 ], "enabled": false },
				"east": { "texture": "#null", "uv": [ 0.0, 0.0, 0.5, 0.5 ], "enabled": false },
				"south": { "texture": "#null", "uv": [ 0.0, 0.0, 0.5, 0.5 ], "enabled": false },
				"west": { "texture": "#null", "uv": [ 0.0, 0.0, 0.5, 0.5 ], "enabled": false },
				"up": { "texture": "#null", "uv": [ 0.0, 0.0, 0.5, 0.5 ], "enabled": false },
				"down": { "texture": "#null", "uv": [ 0.0, 0.0, 0.5, 0.5 ], "enabled": false }
			},
			"children": [
				{
					"name": "envelope5",
					"from": [ -3.0, 0.0, -1.75 ], 
					"to": [ 0.5, 3.5, 1.75 ], 
					"rotationOrigin": [ -3.0, 0.0, -2.0 ],
					"faces": {
						"north": { "texture": "#husktomato", "uv": [ 0.0, 4.5, 3.5, 8.0 ] },
						"east": { "texture": "#husktomato", "uv": [ 0.0, 0.0, 3.5, 3.5 ], "autoUv": false },
						"south": { "texture": "#husktomato", "uv": [ 0.0, 4.5, 3.5, 8.0 ] },
						"west": { "texture": "#husktomato", "uv": [ 0.0, 0.0, 3.5, 3.5 ] },
						"up": { "texture": "#husktomato", "uv": [ 0.0, 4.5, 3.5, 8.0 ] },
						"down": { "texture": "#husktomato", "uv": [ 0.0, 4.5, 3.5, 8.0 ] }
					}
				},
				{
					"name": "envelope6",
					"from": [ -2.95, 1.9, -3.2 ], 
					"to": [ 0.45, 5.4, 0.3 ], 
					"rotationOrigin": [ -0.75, 1.0, -3.0 ],
					"rotationX": 45.0,
					"faces": {
						"north": { "texture": "#husktomato", "uv": [ 0.0, 4.5, 3.5, 8.0 ], "autoUv": false },
						"east": { "texture": "#husktomato", "uv": [ 0.0, 0.0, 3.5, 3.5 ], "autoUv": false },
						"south": { "texture": "#husktomato", "uv": [ 0.0, 4.5, 3.5, 8.0 ], "autoUv": false },
						"west": { "texture": "#husktomato", "uv": [ 0.0, 0.0, 3.5, 3.5 ] },
						"up": { "texture": "#husktomato", "uv": [ 0.0, 4.5, 3.5, 8.0 ], "autoUv": false },
						"down": { "texture": "#husktomato", "uv": [ 0.0, 4.5, 3.5, 8.0 ], "autoUv": false }
					}
				},
				{
					"name": "stem3",
					"from": [ 0.4, 1.7, -0.3 ], 
					"to": [ 1.9, 2.2, 0.2 ], 
					"rotationOrigin": [ 1.25, 2.0, -1.0 ],
					"rotationX": 14.0,
					"rotationY": 8.0,
					"rotationZ": 6.0,
					"faces": {
						"north": { "texture": "#husktomato", "uv": [ 0.5, 2.0, 2.0, 2.5 ] },
						"east": { "texture": "#husktomato", "uv": [ 2.0, 2.0, 2.5, 2.5 ] },
						"south": { "texture": "#husktomato", "uv": [ 0.0, 1.5, 1.5, 2.0 ] },
						"west": { "texture": "#husktomato", "uv": [ 2.0, 2.0, 2.5, 2.5 ] },
						"up": { "texture": "#husktomato", "uv": [ 0.5, 2.0, 2.0, 2.5 ] },
						"down": { "texture": "#husktomato", "uv": [ 0.5, 2.0, 2.0, 2.5 ] }
					}
				},
				{
					"name": "envelopetip3",
					"from": [ -4.0, 0.75, -1.0 ], 
					"to": [ -3.0, 2.75, 1.0 ], 
					"rotationOrigin": [ -5.0, 1.0, -2.0 ],
					"faces": {
						"north": { "texture": "#husktomato", "uv": [ 1.5, 5.0, 2.5, 7.0 ] },
						"east": { "texture": "#null", "uv": [ 2.5, 0.0, 7.0, 4.5 ], "enabled": false, "autoUv": false },
						"south": { "texture": "#husktomato", "uv": [ 1.0, 5.5, 2.0, 7.5 ] },
						"west": { "texture": "#husktomato", "uv": [ 1.0, 1.0, 3.0, 3.0 ] },
						"up": { "texture": "#husktomato", "uv": [ 1.0, 5.5, 2.0, 7.5 ] },
						"down": { "texture": "#husktomato", "uv": [ 1.0, 5.0, 2.0, 7.0 ] }
					}
				}
			]
		}
	]}