{
	"editor": {
		"allAngles": false,
		"entityTextureMode": false
	},
	"textureWidth": 16,
	"textureHeight": 16,
	"textureSizes": {
	},
	"textures": {
		"vine_stem_base": "block/plant/vine/stem/vine_stem_base"
	},
	"elements": [
		{
			"name": "Cube1",
			"from": [ 0.0, 0.0, 0.0 ], 
			"to": [ 16.0, 16.0, 0.0 ], 
			"shade": false,
			"renderPass": 2,
			"faces": {
				"north": { "texture": "#vine_stem_base", "uv": [ 0.0, 0.0, 16.0, 16.0 ], "enabled": false },
				"east": { "texture": "#vine_stem_base", "uv": [ 0.0, 0.0, 0.5, 16.0 ], "enabled": false },
				"south": { "texture": "#vine_stem_base", "uv": [ 0.0, 0.0, 16.0, 16.0 ] },
				"west": { "texture": "#vine_stem_base", "uv": [ 0.0, 0.0, 0.5, 16.0 ], "enabled": false },
				"up": { "texture": "#vine_stem_base", "uv": [ 0.0, 0.0, 16.0, 0.5 ], "enabled": false },
				"down": { "texture": "#vine_stem_base", "uv": [ 0.0, 0.0, 16.0, 0.5 ], "enabled": false }
			}
		}
	]}