{
	"code": "herbseeds",
	"class": "ItemHerbSeed",
	"attributes": {
		"handbook": {
			"groupBy": ["herbseeds-*", "waterherbseeds-*", "seeds"]
		}
	},
	"maxstacksize": 64,
	"variantgroups": [
        { "loadFromProperties": "wildcraft:block/herbs" }
    ],
	"texture": { "base": "wildcraft:items/seeds/{herbs}" },
	"creativeinventory": { "general": ["*"], "items": ["*"], "wildcraft": [ "*" ] },
	"fpHandTransform": {
		"translation": { "x": 0, "y": 0, "z": 0 },
		"rotation": { "x": 180, "y": 90, "z": 13 }
	},
	"materialDensity": 450
}
