{
	"editor": {
		"allAngles": false,
		"entityTextureMode": false
	},
	"textureWidth": 16,
	"textureHeight": 16,
	"textureSizes": {
	},
	"elements": [
		{
			"name": "plant",
			"from": [ 4.0, 0.0, 12.0 ], 
			"to": [ 4.0, 0.0, 12.0 ], 
			"rotationOrigin": [ 12.0, 0.0, 12.0 ],
			"faces": {
				"north": { "texture": "#plant", "uv": [ 0.0, 0.0, 0.1667, 0.3333 ] },
				"east": { "texture": "#plant", "uv": [ 0.0, 0.0, 0.1667, 0.3333 ] },
				"south": { "texture": "#plant", "uv": [ 0.0, 0.0, 0.1667, 0.3333 ] },
				"west": { "texture": "#plant", "uv": [ 0.0, 0.0, 0.1667, 0.3333 ] },
				"up": { "texture": "#plant", "uv": [ 0.0, 0.0, 0.1667, 0.3333 ] },
				"down": { "texture": "#plant", "uv": [ 0.0, 0.0, 0.1667, 0.3333 ] }
			},
			"children": [
				{
					"name": "Flowers",
					"from": [ 0.0, 0.0, 0.0 ], 
					"to": [ 16.0, 16.0, 0.0 ], 
					"rotationOrigin": [ 8.0, 0.0, 0.0 ],
					"faces": {
						"north": { "texture": "#plant", "uv": [ 8.0, 0.0, 0.0, 16.0 ], "autoUv": false },
						"east": { "texture": "#plant", "uv": [ 0.0, 0.0, 0.5, 16.0 ], "enabled": false },
						"south": { "texture": "#plant", "uv": [ 0.0, 0.0, 16.0, 16.0 ], "enabled": false },
						"west": { "texture": "#plant", "uv": [ 0.0, 0.0, 0.5, 16.0 ], "enabled": false },
						"up": { "texture": "#plant", "uv": [ 1.0, 0.0, 17.0, 0.5 ], "enabled": false },
						"down": { "texture": "#plant", "uv": [ 0.0, 0.0, 16.0, 0.3333 ], "enabled": false }
					},
					"children": [
						{
							"name": "flowers2",
							"from": [ 0.0, 0.0, 0.0 ], 
							"to": [ 16.0, 16.0, 0.0 ], 
							"rotationOrigin": [ 8.0, 0.0, 0.0 ],
							"rotationY": 90.0,
							"faces": {
								"north": { "texture": "#plant", "uv": [ 8.0, 0.0, 0.0, 16.0 ], "autoUv": false },
								"east": { "texture": "#plant", "uv": [ 0.0, 0.0, 0.1667, 16.0 ], "enabled": false },
								"south": { "texture": "#plant", "uv": [ 0.0, 0.0, 16.0, 16.0 ], "enabled": false },
								"west": { "texture": "#plant", "uv": [ 0.0, 0.0, 0.1667, 16.0 ], "enabled": false },
								"up": { "texture": "#plant", "uv": [ 1.0, 0.0, 17.0, 0.3333 ], "enabled": false },
								"down": { "texture": "#plant", "uv": [ 8.0, 0.0, 16.0, 16.0 ], "enabled": false, "autoUv": false }
							}
						}
					]
				},
				{
					"name": "Leaves",
					"from": [ 0.0, 0.0, 0.0 ], 
					"to": [ 16.0, 16.0, 0.0 ], 
					"rotationOrigin": [ 8.0, 0.0, 0.0 ],
					"climateColorMap": "climatePlantTint",
					"faces": {
						"north": { "texture": "#plant", "uv": [ 8.0, 0.0, 16.0, 16.0 ], "autoUv": false, "windMode": [-1,-1,-1,-1], "windData": [0,1,1,0] },
						"east": { "texture": "#plant", "uv": [ 0.0, 0.0, 0.5, 16.0 ], "enabled": false },
						"south": { "texture": "#plant", "uv": [ 0.0, 0.0, 16.0, 16.0 ], "enabled": false },
						"west": { "texture": "#plant", "uv": [ 0.0, 0.0, 0.5, 16.0 ], "enabled": false },
						"up": { "texture": "#plant", "uv": [ 1.0, 0.0, 17.0, 0.5 ], "enabled": false },
						"down": { "texture": "#plant", "uv": [ 0.0, 0.0, 16.0, 0.3333 ], "enabled": false }
					},
					"children": [
						{
							"name": "Leaves2",
							"from": [ 0.0, 0.0, 0.0 ], 
							"to": [ 16.0, 16.0, 0.0 ], 
							"rotationOrigin": [ 8.0, 0.0, 0.0 ],
							"climateColorMap": "climatePlantTint",
							"rotationY": 90.0,
							"faces": {
								"north": { "texture": "#plant", "uv": [ 8.0, 0.0, 16.0, 16.0 ], "autoUv": false, "windMode": [-1,-1,-1,-1], "windData": [0,1,1,0] },
								"east": { "texture": "#plant", "uv": [ 0.0, 0.0, 0.1667, 16.0 ], "enabled": false },
								"south": { "texture": "#plant", "uv": [ 0.0, 0.0, 16.0, 16.0 ], "enabled": false },
								"west": { "texture": "#plant", "uv": [ 0.0, 0.0, 0.1667, 16.0 ], "enabled": false },
								"up": { "texture": "#plant", "uv": [ 1.0, 0.0, 17.0, 0.3333 ], "enabled": false },
								"down": { "texture": "#plant", "uv": [ 8.0, 0.0, 16.0, 16.0 ], "enabled": false, "autoUv": false }
							}
						}
					]
				}
			]
		},
		{
			"name": "plant6",
			"from": [ -3.0, 0.0, 9.0 ], 
			"to": [ -3.0, 0.0, 9.0 ], 
			"rotationOrigin": [ 4.0, 0.0, 9.0 ],
			"faces": {
				"north": { "texture": "#plant", "uv": [ 0.0, 0.0, 0.1667, 0.3333 ] },
				"east": { "texture": "#plant", "uv": [ 0.0, 0.0, 0.1667, 0.3333 ] },
				"south": { "texture": "#plant", "uv": [ 0.0, 0.0, 0.1667, 0.3333 ] },
				"west": { "texture": "#plant", "uv": [ 0.0, 0.0, 0.1667, 0.3333 ] },
				"up": { "texture": "#plant", "uv": [ 0.0, 0.0, 0.1667, 0.3333 ] },
				"down": { "texture": "#plant", "uv": [ 0.0, 0.0, 0.1667, 0.3333 ] }
			},
			"children": [
				{
					"name": "Flowers7",
					"from": [ 0.0, 0.0, 0.0 ], 
					"to": [ 12.0, 12.0, 0.0 ], 
					"rotationOrigin": [ 8.0, 0.0, 0.0 ],
					"faces": {
						"north": { "texture": "#plant", "uv": [ 8.0, 0.0, 0.0, 16.0 ], "autoUv": false },
						"east": { "texture": "#plant", "uv": [ 0.0, 0.0, 0.5, 12.0 ], "enabled": false },
						"south": { "texture": "#plant", "uv": [ 0.0, 0.0, 12.0, 12.0 ], "enabled": false },
						"west": { "texture": "#plant", "uv": [ 0.0, 0.0, 0.5, 12.0 ], "enabled": false },
						"up": { "texture": "#plant", "uv": [ 1.0, 0.0, 13.0, 0.5 ], "enabled": false },
						"down": { "texture": "#plant", "uv": [ 0.0, 0.0, 12.0, 0.3333 ], "enabled": false }
					},
					"children": [
						{
							"name": "flowers8",
							"from": [ -2.0, 0.0, -2.0 ], 
							"to": [ 10.0, 12.0, -2.0 ], 
							"rotationOrigin": [ 6.0, 0.0, -2.0 ],
							"rotationY": 90.0,
							"faces": {
								"north": { "texture": "#plant", "uv": [ 8.0, 0.0, 0.0, 16.0 ], "autoUv": false },
								"east": { "texture": "#plant", "uv": [ 0.0, 0.0, 0.1667, 12.0 ], "enabled": false },
								"south": { "texture": "#plant", "uv": [ 0.0, 0.0, 12.0, 12.0 ], "enabled": false },
								"west": { "texture": "#plant", "uv": [ 0.0, 0.0, 0.1667, 12.0 ], "enabled": false },
								"up": { "texture": "#plant", "uv": [ 1.0, 0.0, 13.0, 0.3333 ], "enabled": false },
								"down": { "texture": "#plant", "uv": [ 8.0, 0.0, 16.0, 16.0 ], "enabled": false, "autoUv": false }
							}
						}
					]
				},
				{
					"name": "Leaves9",
					"from": [ 0.0, 0.0, 0.0 ], 
					"to": [ 12.0, 12.0, 0.0 ], 
					"rotationOrigin": [ 8.0, 0.0, 0.0 ],
					"climateColorMap": "climatePlantTint",
					"faces": {
						"north": { "texture": "#plant", "uv": [ 8.0, 0.0, 16.0, 16.0 ], "autoUv": false },
						"east": { "texture": "#plant", "uv": [ 0.0, 0.0, 0.5, 12.0 ], "enabled": false },
						"south": { "texture": "#plant", "uv": [ 0.0, 0.0, 12.0, 12.0 ], "enabled": false },
						"west": { "texture": "#plant", "uv": [ 0.0, 0.0, 0.5, 12.0 ], "enabled": false },
						"up": { "texture": "#plant", "uv": [ 1.0, 0.0, 13.0, 0.5 ], "enabled": false },
						"down": { "texture": "#plant", "uv": [ 0.0, 0.0, 12.0, 0.3333 ], "enabled": false }
					},
					"children": [
						{
							"name": "Leaves10",
							"from": [ -2.0, 0.0, -2.0 ], 
							"to": [ 10.0, 12.0, -2.0 ], 
							"rotationOrigin": [ 6.0, 0.0, -2.0 ],
							"climateColorMap": "climatePlantTint",
							"rotationY": 90.0,
							"faces": {
								"north": { "texture": "#plant", "uv": [ 8.0, 0.0, 16.0, 16.0 ], "autoUv": false },
								"east": { "texture": "#plant", "uv": [ 0.0, 0.0, 0.1667, 12.0 ], "enabled": false },
								"south": { "texture": "#plant", "uv": [ 0.0, 0.0, 12.0, 12.0 ], "enabled": false },
								"west": { "texture": "#plant", "uv": [ 0.0, 0.0, 0.1667, 12.0 ], "enabled": false },
								"up": { "texture": "#plant", "uv": [ 1.0, 0.0, 13.0, 0.3333 ], "enabled": false },
								"down": { "texture": "#plant", "uv": [ 8.0, 0.0, 16.0, 16.0 ], "enabled": false, "autoUv": false }
							}
						}
					]
				}
			]
		},
		{
			"name": "plant11",
			"from": [ -1.0, 0.0, 4.0 ], 
			"to": [ -1.0, 0.0, 4.0 ], 
			"rotationOrigin": [ 7.0, 0.0, 4.0 ],
			"rotationY": 45.0,
			"faces": {
				"north": { "texture": "#plant", "uv": [ 0.0, 0.0, 0.1667, 0.3333 ] },
				"east": { "texture": "#plant", "uv": [ 0.0, 0.0, 0.1667, 0.3333 ] },
				"south": { "texture": "#plant", "uv": [ 0.0, 0.0, 0.1667, 0.3333 ] },
				"west": { "texture": "#plant", "uv": [ 0.0, 0.0, 0.1667, 0.3333 ] },
				"up": { "texture": "#plant", "uv": [ 0.0, 0.0, 0.1667, 0.3333 ] },
				"down": { "texture": "#plant", "uv": [ 0.0, 0.0, 0.1667, 0.3333 ] }
			},
			"children": [
				{
					"name": "Flowers12",
					"from": [ 0.0, 0.0, 0.0 ], 
					"to": [ 20.0, 20.0, 0.0 ], 
					"rotationOrigin": [ 8.0, 0.0, 0.0 ],
					"faces": {
						"north": { "texture": "#plant", "uv": [ 8.0, 0.0, 0.0, 16.0 ], "autoUv": false },
						"east": { "texture": "#plant", "uv": [ 0.0, 0.0, 0.5, 20.0 ], "enabled": false },
						"south": { "texture": "#plant", "uv": [ 0.0, 0.0, 20.0, 20.0 ], "enabled": false },
						"west": { "texture": "#plant", "uv": [ 0.0, 0.0, 0.5, 20.0 ], "enabled": false },
						"up": { "texture": "#plant", "uv": [ 1.0, 0.0, 21.0, 0.5 ], "enabled": false },
						"down": { "texture": "#plant", "uv": [ 0.0, 0.0, 20.0, 0.3333 ], "enabled": false }
					},
					"children": [
						{
							"name": "flowers13",
							"from": [ 2.0, 0.0, 2.0 ], 
							"to": [ 22.0, 20.0, 2.0 ], 
							"rotationOrigin": [ 10.0, 0.0, 2.0 ],
							"rotationY": 90.0,
							"faces": {
								"north": { "texture": "#plant", "uv": [ 8.0, 0.0, 0.0, 16.0 ], "autoUv": false },
								"east": { "texture": "#plant", "uv": [ 0.0, 0.0, 0.1667, 20.0 ], "enabled": false },
								"south": { "texture": "#plant", "uv": [ 0.0, 0.0, 20.0, 20.0 ], "enabled": false },
								"west": { "texture": "#plant", "uv": [ 0.0, 0.0, 0.1667, 20.0 ], "enabled": false },
								"up": { "texture": "#plant", "uv": [ 1.0, 0.0, 21.0, 0.3333 ], "enabled": false },
								"down": { "texture": "#plant", "uv": [ 8.0, 0.0, 16.0, 16.0 ], "enabled": false, "autoUv": false }
							}
						}
					]
				},
				{
					"name": "Leaves14",
					"from": [ 0.0, 0.0, 0.0 ], 
					"to": [ 20.0, 20.0, 0.0 ], 
					"rotationOrigin": [ 8.0, 0.0, 0.0 ],
					"climateColorMap": "climatePlantTint",
					"faces": {
						"north": { "texture": "#plant", "uv": [ 8.0, 0.0, 16.0, 16.0 ], "autoUv": false },
						"east": { "texture": "#plant", "uv": [ 0.0, 0.0, 0.5, 20.0 ], "enabled": false },
						"south": { "texture": "#plant", "uv": [ 0.0, 0.0, 20.0, 20.0 ], "enabled": false },
						"west": { "texture": "#plant", "uv": [ 0.0, 0.0, 0.5, 20.0 ], "enabled": false },
						"up": { "texture": "#plant", "uv": [ 1.0, 0.0, 21.0, 0.5 ], "enabled": false },
						"down": { "texture": "#plant", "uv": [ 0.0, 0.0, 20.0, 0.3333 ], "enabled": false }
					},
					"children": [
						{
							"name": "Leaves15",
							"from": [ 2.0, 0.0, 2.0 ], 
							"to": [ 22.0, 20.0, 2.0 ], 
							"rotationOrigin": [ 10.0, 0.0, 2.0 ],
							"climateColorMap": "climatePlantTint",
							"rotationY": 90.0,
							"faces": {
								"north": { "texture": "#plant", "uv": [ 8.0, 0.0, 16.0, 16.0 ], "autoUv": false },
								"east": { "texture": "#plant", "uv": [ 0.0, 0.0, 0.1667, 20.0 ], "enabled": false },
								"south": { "texture": "#plant", "uv": [ 0.0, 0.0, 20.0, 20.0 ], "enabled": false },
								"west": { "texture": "#plant", "uv": [ 0.0, 0.0, 0.1667, 20.0 ], "enabled": false },
								"up": { "texture": "#plant", "uv": [ 1.0, 0.0, 21.0, 0.3333 ], "enabled": false },
								"down": { "texture": "#plant", "uv": [ 8.0, 0.0, 16.0, 16.0 ], "enabled": false, "autoUv": false }
							}
						}
					]
				}
			]
		}
	]}