{
	code: "groundberryplant",
	class: "GroundBerryPlant",
	attributes: {
		stackable: false,
		forageStatAffected: true,
		reinforcable: true,
		butterflyFeedByType: {
			"*-flowering": true
		},
		beeFeedByType: {
			"*-flowering": true
		},
		stopBelowTemperatureByType:{
			"*-cloudberry-*": -2,
			"*-strawberry-*": 4
		},
		resetBelowTemperatureByType:{
			"*-cloudberry-*": -4,
			"*-strawberry-*": 0
		},
		revertBlockBelowTemperatureByType:{
			"*-cloudberry-*": -6,
			"*-strawberry-*": -2
		},

		stopAboveTemperatureByType:{
			"*-cloudberry-*": 27,
			"*-strawberry-*": 30
		},
		resetAboveTemperatureByType:{
			"*-cloudberry-*": 30,
			"*-strawberry-*": 35
		},
		revertBlockAboveTemperatureByType:{
			"*-cloudberry-*": 33,
			"*-strawberry-*": 38
		}
	},
	entityclass: "BEGroundBerryPlant",
	behaviorsByType: {
		"*-ripe": [ {name: "Harvestable", properties: { 
			harvestTime: 0.6, 
			harvestedStack: { type: "item", code: "wildcraft:fruit-{type}", quantity: { avg: 2.2 }  },
			harvestedBlockCode: "wildcraft:groundberryplant-{type}-empty"
		}} ]
	},
	variantgroups: [
		{ code: "type", states: ["strawberry", "cloudberry"] },
		{ code: "state", states: ["empty", "flowering", "ripe"] }
	],
	creativeinventory: { "general": ["*"], "flora": ["*"], "wildcraft": ["*"] },
	renderpass: "OpaqueNoCull",
	renderAlphaTest: 0.4,
	shapeByType: {
		"*": { base: "wildcraft:block/plant/berrybush/{state}/groundberrybush_{state}*" },
	},
	blockmaterial: "Plant",
	texturesbytype: {
		"*-flowering": {
			"berries": { base: "wildcraft:block/plant/berrybush/small/flower/{type}*" },
			"leaves": { base: "wildcraft:block/plant/berrybush/small/leaves/{type}*" },
		},
		"*-ripe": {
			"berries": { base: "wildcraft:block/plant/berrybush/small/fruit/{type}*" },
			"leaves": { base: "wildcraft:block/plant/berrybush/small/leaves/{type}*" },
		},
		"*": {
			"leaves": { base: "wildcraft:block/plant/berrybush/small/leaves/{type}*" },
		}
	},
	sideopaque: {
		all: false
	},
	sidesolid: {
		all: false
	},
	replaceable: 3000,
	lightAbsorption: 0,
	resistance: 0.5,
	collisionbox: null,
	sounds: {
		place: "game:block/plant",
		break: "game:block/plant",
		hit: "game:block/plant",
	},
	rainPermeable: false,
	dropsByType: {
		"*-ripe": [
			{ type: "item", code: "wildcraft:fruit-{type}", quantity: { avg: 2.2 }  },
		]
	},
	materialDensity: 400,
	vertexFlags: {
		zOffset: 2
	},
	combustibleProps: {
		burnTemperature: 600,
		burnDuration: 10,
	},
	frostable: true,
}