{
	"editor": {
		"allAngles": false,
		"entityTextureMode": false
	},
	"textureWidth": 16,
	"textureHeight": 16,
	"textureSizes": {
	},
	"textures": {
		"metal": "game:blocks/metal/plate/copper"
	},
	"elements": [
		{
			"name": "Cube3",
			"from": [ 1.0, 0.0, 0.0 ], 
			"to": [ 15.0, 1.0, 16.0 ], 
			"rotationOrigin": [ 1.0, 0.0, 0.0 ],
			"faces": {
				"north": { "texture": "#metal", "uv": [ 0.0, 0.0, 14.0, 1.0 ] },
				"east": { "texture": "#metal", "uv": [ 0.0, 0.0, 16.0, 1.0 ] },
				"south": { "texture": "#metal", "uv": [ 0.0, 0.0, 14.0, 1.0 ] },
				"west": { "texture": "#metal", "uv": [ 0.0, 0.0, 16.0, 1.0 ] },
				"up": { "texture": "#metal", "uv": [ 0.0, 0.0, 14.0, 16.0 ] },
				"down": { "texture": "#metal", "uv": [ 0.0, 0.0, 14.0, 16.0 ] }
			},
			"children": [
				{
					"name": "Cube2",
					"from": [ 4.0, 2.0, 15.0 ], 
					"to": [ 10.0, 3.0, 16.0 ], 
					"rotationOrigin": [ 4.0, 2.0, 15.0 ],
					"faces": {
						"north": { "texture": "#metal", "uv": [ 0.0, 0.0, 6.0, 1.0 ] },
						"east": { "texture": "#metal", "uv": [ 0.0, 0.0, 1.0, 1.0 ] },
						"south": { "texture": "#metal", "uv": [ 0.0, 0.0, 6.0, 1.0 ] },
						"west": { "texture": "#metal", "uv": [ 0.0, 0.0, 1.0, 1.0 ] },
						"up": { "texture": "#metal", "uv": [ 0.0, 0.0, 6.0, 1.0 ] },
						"down": { "texture": "#null", "uv": [ 0.0, 0.0, 6.0, 1.0 ], "enabled": false }
					}
				},
				{
					"name": "Cube1",
					"from": [ 4.0, 2.0, 0.0 ], 
					"to": [ 10.0, 3.0, 1.0 ], 
					"rotationOrigin": [ 4.0, 2.0, 0.0 ],
					"faces": {
						"north": { "texture": "#metal", "uv": [ 0.0, 0.0, 6.0, 1.0 ] },
						"east": { "texture": "#metal", "uv": [ 0.0, 0.0, 1.0, 1.0 ] },
						"south": { "texture": "#metal", "uv": [ 0.0, 0.0, 6.0, 1.0 ] },
						"west": { "texture": "#metal", "uv": [ 0.0, 0.0, 1.0, 1.0 ] },
						"up": { "texture": "#metal", "uv": [ 0.0, 0.0, 6.0, 1.0 ] },
						"down": { "texture": "#null", "uv": [ 0.0, 0.0, 6.0, 1.0 ], "enabled": false }
					}
				},
				{
					"name": "Cube4",
					"from": [ 0.0, 1.0, 0.0 ], 
					"to": [ 1.0, 2.0, 16.0 ], 
					"rotationOrigin": [ 0.0, 1.0, 0.0 ],
					"faces": {
						"north": { "texture": "#metal", "uv": [ 0.0, 0.0, 1.0, 1.0 ] },
						"east": { "texture": "#metal", "uv": [ 0.0, 0.0, 16.0, 1.0 ] },
						"south": { "texture": "#metal", "uv": [ 0.0, 0.0, 1.0, 1.0 ] },
						"west": { "texture": "#metal", "uv": [ 0.0, 0.0, 16.0, 1.0 ] },
						"up": { "texture": "#metal", "uv": [ 0.0, 0.0, 1.0, 16.0 ] },
						"down": { "texture": "#metal", "uv": [ 0.0, 0.0, 1.0, 16.0 ] }
					}
				},
				{
					"name": "Cube5",
					"from": [ 13.0, 1.0, 0.0 ], 
					"to": [ 14.0, 2.0, 16.0 ], 
					"rotationOrigin": [ 13.0, 1.0, 0.0 ],
					"faces": {
						"north": { "texture": "#metal", "uv": [ 0.0, 0.0, 1.0, 1.0 ] },
						"east": { "texture": "#metal", "uv": [ 0.0, 0.0, 16.0, 1.0 ] },
						"south": { "texture": "#metal", "uv": [ 0.0, 0.0, 1.0, 1.0 ] },
						"west": { "texture": "#metal", "uv": [ 0.0, 0.0, 16.0, 1.0 ] },
						"up": { "texture": "#metal", "uv": [ 0.0, 0.0, 1.0, 16.0 ] },
						"down": { "texture": "#metal", "uv": [ 0.0, 0.0, 1.0, 16.0 ] }
					}
				},
				{
					"name": "Cube6",
					"from": [ 1.0, 1.0, 0.0 ], 
					"to": [ 5.0, 2.0, 1.0 ], 
					"rotationOrigin": [ 1.0, 1.0, 0.0 ],
					"faces": {
						"north": { "texture": "#metal", "uv": [ 0.0, 0.0, 4.0, 1.0 ] },
						"east": { "texture": "#metal", "uv": [ 0.0, 0.0, 1.0, 1.0 ] },
						"south": { "texture": "#metal", "uv": [ 0.0, 0.0, 4.0, 1.0 ] },
						"west": { "texture": "#metal", "uv": [ 0.0, 0.0, 1.0, 1.0 ] },
						"up": { "texture": "#metal", "uv": [ 0.0, 0.0, 4.0, 1.0 ] },
						"down": { "texture": "#metal", "uv": [ 0.0, 0.0, 4.0, 1.0 ] }
					}
				},
				{
					"name": "Cube7",
					"from": [ 9.0, 1.0, 0.0 ], 
					"to": [ 13.0, 2.0, 1.0 ], 
					"rotationOrigin": [ 9.0, 1.0, 0.0 ],
					"faces": {
						"north": { "texture": "#metal", "uv": [ 0.0, 0.0, 4.0, 1.0 ] },
						"east": { "texture": "#metal", "uv": [ 0.0, 0.0, 1.0, 1.0 ] },
						"south": { "texture": "#metal", "uv": [ 0.0, 0.0, 4.0, 1.0 ] },
						"west": { "texture": "#metal", "uv": [ 0.0, 0.0, 1.0, 1.0 ] },
						"up": { "texture": "#metal", "uv": [ 0.0, 0.0, 4.0, 1.0 ] },
						"down": { "texture": "#metal", "uv": [ 0.0, 0.0, 4.0, 1.0 ] }
					}
				},
				{
					"name": "Cube8",
					"from": [ 1.0, 1.0, 15.0 ], 
					"to": [ 5.0, 2.0, 16.0 ], 
					"rotationOrigin": [ 1.0, 1.0, 15.0 ],
					"faces": {
						"north": { "texture": "#metal", "uv": [ 0.0, 0.0, 4.0, 1.0 ] },
						"east": { "texture": "#metal", "uv": [ 0.0, 0.0, 1.0, 1.0 ] },
						"south": { "texture": "#metal", "uv": [ 0.0, 0.0, 4.0, 1.0 ] },
						"west": { "texture": "#metal", "uv": [ 0.0, 0.0, 1.0, 1.0 ] },
						"up": { "texture": "#metal", "uv": [ 0.0, 0.0, 4.0, 1.0 ] },
						"down": { "texture": "#metal", "uv": [ 0.0, 0.0, 4.0, 1.0 ] }
					}
				},
				{
					"name": "Cube9",
					"from": [ 9.0, 1.0, 15.0 ], 
					"to": [ 13.0, 2.0, 16.0 ], 
					"rotationOrigin": [ 9.0, 1.0, 15.0 ],
					"faces": {
						"north": { "texture": "#metal", "uv": [ 0.0, 0.0, 4.0, 1.0 ] },
						"east": { "texture": "#metal", "uv": [ 0.0, 0.0, 1.0, 1.0 ] },
						"south": { "texture": "#metal", "uv": [ 0.0, 0.0, 4.0, 1.0 ] },
						"west": { "texture": "#metal", "uv": [ 0.0, 0.0, 1.0, 1.0 ] },
						"up": { "texture": "#metal", "uv": [ 0.0, 0.0, 4.0, 1.0 ] },
						"down": { "texture": "#metal", "uv": [ 0.0, 0.0, 4.0, 1.0 ] }
					}
				}
			]
		}
	]}