[
    { "file": "game:recipes/cooking/jam", "op": "add", "path": "/ingredients/1/validStacks/-", "value": {
            "type": "item",
            "code": "wildcraft:fruit-*",
            "shapeElement": "bowl/fruit"
        }
    },
    { "file": "game:recipes/cooking/porridge", "op": "add", "path": "/ingredients/1/validStacks/-", "value": {
            "type": "item",
            "code": "wildcraft:fruit-*",
            "shapeElement": "bowl/fruit 1/*"
        }
    },
    { "file": "game:recipes/cooking/porridge", "op": "add", "path": "/ingredients/2/validStacks/-", "value": {
            "type": "item",
            "code": "wildcraft:fruit-*",
            "shapeElement": "bowl/fruit 2/*"
        }
    },
    {
      "op": "add",
      "path": "/attributesByType/claypot-cooked/textureMapping/fruit-elderberry",
      "value": [
        "fruit",
        "group16"
      ],
      "file": "game:blocktypes/clay/pot.json"
    },
    {
      "op": "add",
      "path": "/attributesByType/claypot-cooked/textureMapping/fruit-snowberry",
      "value": [
        "fruit",
        "group17"
      ],
      "file": "game:blocktypes/clay/pot.json"
    },
    {
      "op": "add",
      "path": "/attributesByType/claypot-cooked/textureMapping/fruit-cloudberry",
      "value": [
        "fruit",
        "group18"
      ],
      "file": "game:blocktypes/clay/pot.json"
    },
    {
      "op": "add",
      "path": "/attributesByType/claypot-cooked/textureMapping/fruit-raspberry",
      "value": [
        "fruit",
        "group19"
      ],
      "file": "game:blocktypes/clay/pot.json"
    },
    {
      "op": "add",
      "path": "/attributesByType/claypot-cooked/textureMapping/fruit-dogrose",
      "value": [
        "fruit",
        "group20"
      ],
      "file": "game:blocktypes/clay/pot.json"
    },
    {
      "op": "add",
      "path": "/attributesByType/claypot-cooked/textureMapping/fruit-brambleberry",
      "value": [
        "fruit",
        "group21"
      ],
      "file": "game:blocktypes/clay/pot.json"
    },
    {
      "op": "add",
      "path": "/attributesByType/claypot-cooked/textureMapping/fruit-honeysuckle",
      "value": [
        "fruit",
        "group22"
      ],
      "file": "game:blocktypes/clay/pot.json"
    },
    {
      "op": "add",
      "path": "/attributesByType/claypot-cooked/textureMapping/fruit-gooseberry",
      "value": [
        "fruit",
        "group23"
      ],
      "file": "game:blocktypes/clay/pot.json"
    },
    {
      "op": "add",
      "path": "/attributesByType/claypot-cooked/textureMapping/fruit-huckleberry",
      "value": [
        "fruit",
        "group24"
      ],
      "file": "game:blocktypes/clay/pot.json"
    },
    {
      "op": "add",
      "path": "/attributesByType/claypot-cooked/textureMapping/fruit-strawberry",
      "value": [
        "fruit",
        "group25"
      ],
      "file": "game:blocktypes/clay/pot.json"
    },
    {
      "op": "add",
      "path": "/attributesByType/claypot-cooked/textureMapping/fruit-blueraspberry",
      "value": [
        "fruit",
        "group26"
      ],
      "file": "game:blocktypes/clay/pot.json"
    },
    {
      "op": "add",
      "path": "/texturesByType/*/group16",
      "value": {
        "base": "wildcraft:block/food/meal/group16-elderberry"
      },
      "file": "game:blocktypes/clay/pot.json"
    },
    {
      "op": "add",
      "path": "/texturesByType/*/group17",
      "value": {
        "base": "wildcraft:block/food/meal/group17-snowberry"
      },
      "file": "game:blocktypes/clay/pot.json"
    },
    {
      "op": "add",
      "path": "/texturesByType/*/group18",
      "value": {
        "base": "wildcraft:block/food/meal/group18-cloudberry"
      },
      "file": "game:blocktypes/clay/pot.json"
    },
    {
      "op": "add",
      "path": "/texturesByType/*/group19",
      "value": {
        "base": "wildcraft:block/food/meal/group19-raspberry"
      },
      "file": "game:blocktypes/clay/pot.json"
    },
    {
      "op": "add",
      "path": "/texturesByType/*/group20",
      "value": {
        "base": "wildcraft:block/food/meal/group20-dogrose"
      },
      "file": "game:blocktypes/clay/pot.json"
    },
    {
      "op": "add",
      "path": "/texturesByType/*/group21",
      "value": {
        "base": "wildcraft:block/food/meal/group21-brambleberry"
      },
      "file": "game:blocktypes/clay/pot.json"
    },
    {
      "op": "add",
      "path": "/texturesByType/*/group22",
      "value": {
        "base": "wildcraft:block/food/meal/group22-honeysuckle"
      },
      "file": "game:blocktypes/clay/pot.json"
    },
    {
      "op": "add",
      "path": "/texturesByType/*/group23",
      "value": {
        "base": "wildcraft:block/food/meal/group23-gooseberry"
      },
      "file": "game:blocktypes/clay/pot.json"
    },
    {
      "op": "add",
      "path": "/texturesByType/*/group24",
      "value": {
        "base": "wildcraft:block/food/meal/group24-huckleberry"
      },
      "file": "game:blocktypes/clay/pot.json"
    },
    {
      "op": "add",
      "path": "/texturesByType/*/group25",
      "value": {
        "base": "wildcraft:block/food/meal/group25-strawberry"
      },
      "file": "game:blocktypes/clay/pot.json"
    },
    {
      "op": "add",
      "path": "/texturesByType/*/group26",
      "value": {
        "base": "wildcraft:block/food/meal/group26-blueraspberry"
      },
      "file": "game:blocktypes/clay/pot.json"
    }
]