{
	code: "waterplant",
	class: "BlockReeds",
	entityClassByType: {
		"*-harvested-*": "Transient"
	},
	attributes: {
		transientPropsByType: {
			"waterplant-waterchestnut-*": {
				convertFrom: "*-harvested-{cover}", 
				convertTo: "waterplant-waterchestnut-land-normal-{cover}", 
				inGameHours: "168",
				resetBelowTemperature: -4,
				stopBelowTemperature: 2
			}
		}
	},
	variantgroups: [
		{ code: "type", states: ["waterchestnut"] },
		{ code: "habitat", states: ["land", "water", "ice"] },
		{ code: "state", states: ["normal", "harvested"] },
		{ code: "cover", states: ["free", "snow"] },
	],
	allowedVariants: [ 
		"*-land-*", 
		"*-water-normal-free",
		"*-water-harvested-free",
		"*-ice-normal-free",
		"*-ice-harvested-free",
	],
	creativeinventory: { 
		"general": ["*-land-normal-free"], 
		"flora": ["*-land-normal-free"],
   		"wildcraft": [ "*-land-normal-free" ]
	},
	shapeByType: {
		"waterplant-waterchestnut-*": { base: "wildcraft:block/plant/leafygroundvegetable/bushy_normal" },
		"waterplant-skunkcabbage-*": { base: "wildcraft:block/plant/skunkcabbage*" }
	},
	drawtypeByType: {
		"*-snow": "JSONAndSnowLayer",
		"*": "JSON"
	},
	renderpass: "OpaqueNoCull",
	matterstate: "solid",
	blockmaterial: "plant",
	faceCullMode: "default",
	randomDrawOffset: true,
	randomizeRotations: true,
	texturesByType: {
		"*-waterchestnut-*": {
			"leaves": { base: "wildcraft:block/plant/leafygroundvegetable/{state}/{type}}*" },
			"leaves": { base: "wildcraft:block/plant/leafygroundvegetable/{state}/{type}" },
			"leaves": { base: "wildcraft:block/plant/leafygroundvegetable/{state}/{type}" },
			"leaves": { base: "wildcraft:block/plant/leafygroundvegetable/{state}/{type}" }
		}
	},
	sideopaqueByType: {
		"*-snow": { all: false, down: true },
		"*": { all: false }
	},
	sidesolid: { all : false },
	emitsideao: { all: false },
	sideao: { all: true },
	replaceable: 3000,
	lightAbsorption: 0,
	resistance: 1,
	collisionbox: null,
	selectionbox: {
		x1: 0, y1: 0, z1: 0,
		x2: 1, y2: 1, z2: 1
	},
	guitransform: {
		rotation: { x: 0, y: 0, z: 0 }
	},
	sounds: {
		place: "game:block/plant",
		break: "game:block/plant",
		hit: "game:block/plant"
	},
	rainPermeableByType: {
		"*-land-*": true
	},
	materialDensity: 200,
	frostable: true,
	combustibleProps: {
		burnTemperature: 600,
		burnDuration: 10,
	},
	guiTransform: {
		translation: { x: 0, y: -1.5, z: 0 },
		rotation: { x: 0, y: 0, z: 0 },
		origin: { x: 0.5, y: 1.2, z: 0.5 },
		scale: 0.65
	},
	dropsByType: {
		"*-waterchestnut-*-normal-*": [ { type: "item", code: "wildcraft:waterherbs-waterchestnut" } ],
		"*-waterchestnut-*-harvested-*": [ { type: "item", code: "wildcraft:roots-waterchestnut" } ],
	}
}
