{
	"code": "stationarybasket",
	"class": "BlockGenericTypedContainer",
	"entityclass": "GenericTypedContainer",
	"attributes": {
		"inventoryClassName": "basket",
		"defaultType": "sedge",
		"openSound": "game:sounds/block/basketopen",
		"closeSound": "game:sounds/block/basketclose",
		"types": ["sedge"],
		"drop": {
			"sedge": true,
		},
		"quantitySlots": {
			"sedge": 8,
		},
		"dialogTitleLangCode": {
			"sedge": "basketcontents",
		},
		"storageType": {
			"sedge": 189,
		},
		"retrieveOnly": {
			"sedge": false,
		},
		"shape": {
			"sedge": "game:block/reed/basket-normal",
		},
		"variantByGroup": "side",
		"variantByGroupInventory": null
	},
	"behaviors": [
        {"name": "Lockable" },
         {"name": "Container"}, 
         {"name": "HorizontalOrientable", "properties": {  "dropBlockFace": "east" }},
		 {"name": "Carryable", "properties": {
			"interactDelay": 0.8,
			
			"translation": [ 0, 0, 0 ],
			"rotation": [ 0, 0, 0 ],
			"origin": [ 0.5, 0.5, 0.5 ],
			"scale": [ 0.5, 0.5, 0.5 ],
			
			"slots": {
				"Hands": {
				  "animation": "carrycapacity:holdlight",
				  "walkSpeedModifier": -0.15
				},
				"Back": {
				  "walkSpeedModifier": 0.0,
				  "translation": [ 0.09375, 0, 0.03125 ],
				  "rotation": [ 0, 0, -90 ],
				  "scale": 0.6
				}
		  }}
		}
    ],
	"entityBehaviors": [{ "name": "Animatable" }],
	"variantgroups": [
		{ "code":"side", "loadFromProperties": "abstract/horizontalorientation" }
	],
	"creativeinventory": {  },
	"creativeinventoryStacksByType": {
		"*-east": [
			{
				"tabs": [ "general", "decorative", "wildcraft" ],
				"stacks": [
					{ "type": "block", "code": "stationarybasket-east", "attributes": { "type": "sedge" } },

				]
			}
		]
	},
	"heldTpIdleAnimation": "holdunderarm",
	"shapeInventory": { "base": "game:block/reed/basket-normal", "rotateY": 270 },
	"shapeByType": {
		"*-north": { "base": "game:block/reed/basket-normal", "rotateY": 0 },
		"*-east": { "base": "game:block/reed/basket-normal", "rotateY": 270 },
		"*-west": { "base": "game:block/reed/basket-normal", "rotateY": 90 },
		"*-south": { "base": "game:block/reed/basket-normal", "rotateY": 180 }
	},

	"_comment": "Must declare textures so they get added to the block texture atlas",
	"textures": {
		"sedge-sidesWE": { "base": "wildcraft:block/sedge/basket/sedge-westeast" },
		"sedge-sidesSN": { "base": "wildcraft:block/sedge/basket/sedge-northsouth" },
		"sedge-lid": { "base": "wildcraft:block/sedge/basket/sedge-lid" },
	},
	"blockmaterial": "Wood",
	"replaceable": 900,
	"resistance": 2,
	"lightAbsorption": 0,
	"sideAo": { "all": false },
	"sidesolid": {
		"all": false
	},
	"sideopaque": {
		"all": false
	},
	"collisionbox": {
		x1: 0.125, y1: 0, z1: 0.125, x2: 0.8125, y2: 0.5, z2: 0.875,
		rotateYByType: {
			"*-north": 270,
			"*-east": 180,
			"*-south": 90,
			"*-west": 0
		}
	},
	selectionbox: {
		x1: 0.125, y1: 0, z1: 0.125, x2: 0.8125, y2: 0.5, z2: 0.875,
		rotateYByType: {
			"*-north": 270,
			"*-east": 180,
			"*-south": 90,
			"*-west": 0
		}
	},
	"sounds": {
		"place": "game:block/planks",
		"walk": "game:walk/wood"
	},
	"materialDensity": 600,
	tpHandTransform: {
		translation: { x: -0.9, y: -0.5, z: -0.3 },
		rotation: { x: 0, y: 90, z: -102 },
		scale: 0.56
	},
	guiTransform: {
		origin: { x: 0.5, y: 0.3, z: 0.5 },
		scale: 1.3
	},
	"combustibleProps": {
		"burnTemperature": 600,
		"burnDuration": 10
	}
}