{
	"editor": {
		"allAngles": false,
		"entityTextureMode": false
	},
	"textureWidth": 16,
	"textureHeight": 16,
	"textureSizes": {
	},
	"textures": {
	},
	"elements": [
		{
			"name": "Down",
			"from": [ 0.0, 0.0, 0.0 ], 
			"to": [ 16.0, 1.0, 16.0 ], 
			"faces": {
				"north": { "texture": "#material", "uv": [ 0.0, 0.0, 16.0, 1.0 ] },
				"east": { "texture": "#material", "uv": [ 0.0, 0.0, 16.0, 1.0 ] },
				"south": { "texture": "#material", "uv": [ 0.0, 0.0, 16.0, 1.0 ] },
				"west": { "texture": "#material", "uv": [ 0.0, 0.0, 16.0, 1.0 ] },
				"up": { "texture": "#material", "uv": [ 0.0, 0.0, 16.0, 16.0 ] },
				"down": { "texture": "#material", "uv": [ 0.0, 0.0, 16.0, 16.0 ] }
			}
		},
		{
			"name": "cross1",
			"from": [ 8.0, 1.0, 0.0 ], 
			"to": [ 8.0, 9.0, 16.0 ], 
			"rotationOrigin": [ 8.0, 1.0, 7.0 ],
			"rotationY": -22.5,
			"faces": {
				"north": { "texture": "#sporangia", "uv": [ 0.0, 0.0, 0.5, 8.0 ], "enabled": false },
				"east": { "texture": "#sporangia", "uv": [ 0.0, 0.0, 16.0, 16.0 ], "autoUv": false },
				"south": { "texture": "#material", "uv": [ 0.0, 0.0, 0.5, 8.0 ], "enabled": false },
				"west": { "texture": "#material", "uv": [ 0.0, 0.0, 16.0, 8.0 ], "enabled": false },
				"up": { "texture": "#material", "uv": [ 0.0, 0.0, 0.5, 16.0 ], "enabled": false },
				"down": { "texture": "#material", "uv": [ 0.0, 0.0, 0.5, 16.0 ], "enabled": false }
			}
		},
		{
			"name": "cross2",
			"from": [ 8.0, 1.0, 0.0 ], 
			"to": [ 8.0, 9.0, 16.0 ], 
			"rotationOrigin": [ 8.0, 1.0, 7.0 ],
			"rotationY": 67.5,
			"faces": {
				"north": { "texture": "#sporangia", "uv": [ 0.0, 0.0, 0.5, 8.0 ], "enabled": false },
				"east": { "texture": "#sporangia", "uv": [ 0.0, 0.0, 16.0, 16.0 ], "autoUv": false },
				"south": { "texture": "#material", "uv": [ 0.0, 0.0, 0.5, 8.0 ], "enabled": false },
				"west": { "texture": "#material", "uv": [ 0.0, 0.0, 16.0, 8.0 ], "enabled": false },
				"up": { "texture": "#material", "uv": [ 0.0, 0.0, 0.5, 16.0 ], "enabled": false },
				"down": { "texture": "#material", "uv": [ 0.0, 0.0, 0.5, 16.0 ], "enabled": false }
			}
		}
	]}