[
	{
		ingredientPattern: "SBS,_L_,_R_",
		ingredients: {
			"L": { type: "block", code: "game:linen-*" },
			"S": { type: "item", code: "game:powderedsulfur" },
			"B": { type: "block", code: "game:bowl-fired" },
            "R": { type: "item", code: "wildcraft:herbs-lavender", quantity: 2}
		},
		attributes: {
			liquidContainerProps: {
				requiresContent: { type: "item", code: "game:honeyportion" },
				requiresLitres: 0.25
			}
		},		
		width: 3,
		height: 3,
		output: { type: "item", code: "wildcraft:poultice-linen-honey-sulfur-lavender", quantity: 4  }
	},
    {
		ingredientPattern: "SBS,_L_,_T_",
		ingredients: {
			"L": { type: "block", code: "game:linen-*" },
			"S": { type: "item", code: "game:powderedsulfur" },
			"B": { type: "block", code: "game:bowl-fired" },
            "T": { type: "item", code: "wildcraft:herbs-thyme", quantity: 2}
		},
		attributes: {
			liquidContainerProps: {
				requiresContent: { type: "item", code: "game:honeyportion" },
				requiresLitres: 0.25
			}
		},		
		width: 3,
		height: 3,
		output: { type: "item", code: "wildcraft:poultice-linen-honey-sulfur-thyme", quantity: 4  }
	},
    {
		ingredientPattern: "SBS,_L_,_T_",
		ingredients: {
			"L": { type: "block", code: "game:linen-*" },
			"S": { type: "item", code: "game:powderedsulfur" },
			"B": { type: "block", code: "game:bowl-fired" },
            "T": { type: "item", code: "wildcraft:herbs-marshmallow", quantity: 2}
		},
		attributes: {
			liquidContainerProps: {
				requiresContent: { type: "item", code: "game:honeyportion" },
				requiresLitres: 0.25
			}
		},		
		width: 3,
		height: 3,
		output: { type: "item", code: "wildcraft:poultice-linen-honey-sulfur-marshmallow", quantity: 4  }
	},
	{
		ingredientPattern: "SBS,_L_,_T_",
		ingredients: {
			"L": { type: "block", code: "game:linen-*" },
			"S": { type: "item", code: "game:powderedsulfur" },
			"B": { type: "block", code: "game:bowl-fired" },
            "T": { type: "item", code: "wildcraft:herbs-holly", quantity: 2}
		},
		attributes: {
			liquidContainerProps: {
				requiresContent: { type: "item", code: "game:honeyportion" },
				requiresLitres: 0.25
			}
		},		
		width: 3,
		height: 3,
		output: { type: "item", code: "wildcraft:poultice-linen-honey-sulfur-holly", quantity: 4  }
	},
	{
		ingredientPattern: "SBS,_L_,_T_",
		ingredients: {
			"L": { type: "block", code: "game:linen-*" },
			"S": { type: "item", code: "game:powderedsulfur" },
			"B": { type: "block", code: "game:bowl-fired" },
            "T": { type: "item", code: "wildcraft:herbs-marigold", quantity: 2}
		},
		attributes: {
			liquidContainerProps: {
				requiresContent: { type: "item", code: "game:honeyportion" },
				requiresLitres: 0.25
			}
		},		
		width: 3,
		height: 3,
		output: { type: "item", code: "wildcraft:poultice-linen-honey-sulfur-marigold", quantity: 4  }
	},
	{
		ingredientPattern: "SBS,_L_,_T_",
		ingredients: {
			"L": { type: "block", code: "game:linen-*" },
			"S": { type: "item", code: "game:powderedsulfur" },
			"B": { type: "block", code: "game:bowl-fired" },
            "T": { type: "item", code: "wildcraft:herbs-yarrow", quantity: 2}
		},
		attributes: {
			liquidContainerProps: {
				requiresContent: { type: "item", code: "game:honeyportion" },
				requiresLitres: 0.25
			}
		},		
		width: 3,
		height: 3,
		output: { type: "item", code: "wildcraft:poultice-linen-honey-sulfur-yarrow", quantity: 4  }
	},
	{
		ingredientPattern: "SBS,_L_,_T_",
		ingredients: {
			"L": { type: "block", code: "game:linen-*" },
			"S": { type: "item", code: "game:powderedsulfur" },
			"B": { type: "block", code: "game:bowl-fired" },
            "T": { type: "item", code: "wildcraft:herbs-sage", quantity: 2}
		},
		attributes: {
			liquidContainerProps: {
				requiresContent: { type: "item", code: "game:honeyportion" },
				requiresLitres: 0.25
			}
		},		
		width: 3,
		height: 3,
		output: { type: "item", code: "wildcraft:poultice-linen-honey-sulfur-sage", quantity: 4  }
	},
	
	{
		ingredientPattern: "H,L,T",
		ingredients: {
			"L": { type: "block", code: "game:linen-*" },
			"H": { type: "block", code: "game:flower-horsetail-free", quantity: 4 },
            "T": { type: "item", code: "wildcraft:herbs-lavender", quantity: 2}
		},
		width: 1,
		height: 3,
		output: { type: "item", code: "wildcraft:poultice-linen-horsetail-lavender", quantity: 4  }
	},
    {
		ingredientPattern: "H,L,T",
		ingredients: {
			"L": { type: "block", code: "game:linen-*" },
			"H": { type: "block", code: "game:flower-horsetail-free", quantity: 4 },
            "T": { type: "item", code: "wildcraft:herbs-marshmallow", quantity: 2}
		},
		width: 1,
		height: 3,
		output: { type: "item", code: "wildcraft:poultice-linen-horsetail-marshmallow", quantity: 4  }
	},
    {
		ingredientPattern: "H,L,T",
		ingredients: {
			"L": { type: "block", code: "game:linen-*" },
			"H": { type: "block", code: "game:flower-horsetail-free", quantity: 4 },
            "T": { type: "item", code: "wildcraft:herbs-thyme", quantity: 2}
		},
		width: 1,
		height: 3,
		output: { type: "item", code: "wildcraft:poultice-linen-horsetail-thyme", quantity: 4  }
	},
	{
		ingredientPattern: "H,L,T",
		ingredients: {
			"L": { type: "block", code: "game:linen-*" },
			"H": { type: "block", code: "game:flower-horsetail-free", quantity: 4 },
            "T": { type: "item", code: "wildcraft:herbs-holly", quantity: 2}
		},
		width: 1,
		height: 3,
		output: { type: "item", code: "wildcraft:poultice-linen-horsetail-holly", quantity: 4  }
	},
	{
		ingredientPattern: "H,L,T",
		ingredients: {
			"L": { type: "block", code: "game:linen-*" },
			"H": { type: "block", code: "game:flower-horsetail-free", quantity: 4 },
            "T": { type: "item", code: "wildcraft:herbs-marigold", quantity: 2}
		},
		width: 1,
		height: 3,
		output: { type: "item", code: "wildcraft:poultice-linen-horsetail-marigold", quantity: 4  }
	},
	{
		ingredientPattern: "H,L,T",
		ingredients: {
			"L": { type: "block", code: "game:linen-*" },
			"H": { type: "block", code: "game:flower-horsetail-free", quantity: 4 },
            "T": { type: "item", code: "wildcraft:herbs-yarrow", quantity: 2}
		},
		width: 1,
		height: 3,
		output: { type: "item", code: "wildcraft:poultice-linen-horsetail-yarrow", quantity: 4  }
	},
	{
		ingredientPattern: "H,L,T",
		ingredients: {
			"L": { type: "block", code: "game:linen-*" },
			"H": { type: "block", code: "game:flower-horsetail-free", quantity: 4 },
            "T": { type: "item", code: "wildcraft:herbs-sage", quantity: 2}
		},
		width: 1,
		height: 3,
		output: { type: "item", code: "wildcraft:poultice-linen-horsetail-sage", quantity: 4  }
	},

    {
		ingredientPattern: "H,L,T",
		ingredients: {
			"L": { type: "block", code: "game:linen-*" },
			"H": { type: "item", code: "wildcraft:herbs-stjohnswort", quantity: 4 },
            "T": { type: "item", code: "wildcraft:herbs-lavender", quantity: 2}
		},
		width: 1,
		height: 3,
		output: { type: "item", code: "wildcraft:poultice-linen-stjohnswort-lavender", quantity: 4  }
	},
    {
		ingredientPattern: "H,L,T",
		ingredients: {
			"L": { type: "block", code: "game:linen-*" },
			"H": { type: "item", code: "wildcraft:herbs-stjohnswort", quantity: 4 },
            "T": { type: "item", code: "wildcraft:herbs-marshmallow", quantity: 2}
		},
		width: 1,
		height: 3,
		output: { type: "item", code: "wildcraft:poultice-linen-stjohnswort-marshmallow", quantity: 4  }
	},
    {
		ingredientPattern: "H,L,T",
		ingredients: {
			"L": { type: "block", code: "game:linen-*" },
			"H": { type: "item", code: "wildcraft:herbs-stjohnswort", quantity: 4 },
            "T": { type: "item", code: "wildcraft:herbs-thyme", quantity: 2}
		},
		width: 1,
		height: 3,
		output: { type: "item", code: "wildcraft:poultice-linen-stjohnswort-thyme", quantity: 4  }
	},
	{
		ingredientPattern: "H,L,T",
		ingredients: {
			"L": { type: "block", code: "game:linen-*" },
			"H": { type: "item", code: "wildcraft:herbs-stjohnswort", quantity: 4 },
            "T": { type: "item", code: "wildcraft:herbs-holly", quantity: 2}
		},
		width: 1,
		height: 3,
		output: { type: "item", code: "wildcraft:poultice-linen-stjohnswort-holly", quantity: 4  }
	},
	{
		ingredientPattern: "H,L,T",
		ingredients: {
			"L": { type: "block", code: "game:linen-*" },
			"H": { type: "item", code: "wildcraft:herbs-stjohnswort", quantity: 4 },
            "T": { type: "item", code: "wildcraft:herbs-marigold", quantity: 2}
		},
		width: 1,
		height: 3,
		output: { type: "item", code: "wildcraft:poultice-linen-stjohnswort-marigold", quantity: 4  }
	},
	{
		ingredientPattern: "H,L,T",
		ingredients: {
			"L": { type: "block", code: "game:linen-*" },
			"H": { type: "item", code: "wildcraft:herbs-stjohnswort", quantity: 4 },
            "T": { type: "item", code: "wildcraft:herbs-yarrow", quantity: 2}
		},
		width: 1,
		height: 3,
		output: { type: "item", code: "wildcraft:poultice-linen-stjohnswort-yarrow", quantity: 4  }
	},
	{
		ingredientPattern: "H,L,T",
		ingredients: {
			"L": { type: "block", code: "game:linen-*" },
			"H": { type: "item", code: "wildcraft:herbs-stjohnswort", quantity: 4 },
            "T": { type: "item", code: "wildcraft:herbs-sage", quantity: 2}
		},
		width: 1,
		height: 3,
		output: { type: "item", code: "wildcraft:poultice-linen-stjohnswort-sage", quantity: 4  }
	},





	{
		ingredientPattern: "H,L,T",
		ingredients: {
			"L": { type: "block", code: "game:linen-*" },
			"H": { type: "item", code: "wildcraft:herbs-poisonoak", quantity: 4 },
            "T": { type: "item", code: "wildcraft:herbs-lavender", quantity: 2}
		},
		width: 1,
		height: 3,
		output: { type: "item", code: "wildcraft:poultice-linen-poisonoak-lavender", quantity: 4  }
	},
    {
		ingredientPattern: "H,L,T",
		ingredients: {
			"L": { type: "block", code: "game:linen-*" },
			"H": { type: "item", code: "wildcraft:herbs-poisonoak", quantity: 4 },
            "T": { type: "item", code: "wildcraft:herbs-marshmallow", quantity: 2}
		},
		width: 1,
		height: 3,
		output: { type: "item", code: "wildcraft:poultice-linen-poisonoak-marshmallow", quantity: 4  }
	},
    {
		ingredientPattern: "H,L,T",
		ingredients: {
			"L": { type: "block", code: "game:linen-*" },
			"H": { type: "item", code: "wildcraft:herbs-poisonoak", quantity: 4 },
            "T": { type: "item", code: "wildcraft:herbs-thyme", quantity: 2}
		},
		width: 1,
		height: 3,
		output: { type: "item", code: "wildcraft:poultice-linen-poisonoak-thyme", quantity: 4  }
	},
	{
		ingredientPattern: "H,L,T",
		ingredients: {
			"L": { type: "block", code: "game:linen-*" },
			"H": { type: "item", code: "wildcraft:herbs-poisonoak", quantity: 4 },
            "T": { type: "item", code: "wildcraft:herbs-holly", quantity: 2}
		},
		width: 1,
		height: 3,
		output: { type: "item", code: "wildcraft:poultice-linen-poisonoak-holly", quantity: 4  }
	},
	{
		ingredientPattern: "H,L,T",
		ingredients: {
			"L": { type: "block", code: "game:linen-*" },
			"H": { type: "item", code: "wildcraft:herbs-poisonoak", quantity: 4 },
            "T": { type: "item", code: "wildcraft:herbs-marigold", quantity: 2}
		},
		width: 1,
		height: 3,
		output: { type: "item", code: "wildcraft:poultice-linen-poisonoak-marigold", quantity: 4  }
	},
	{
		ingredientPattern: "H,L,T",
		ingredients: {
			"L": { type: "block", code: "game:linen-*" },
			"H": { type: "item", code: "wildcraft:herbs-poisonoak", quantity: 4 },
            "T": { type: "item", code: "wildcraft:herbs-yarrow", quantity: 2}
		},
		width: 1,
		height: 3,
		output: { type: "item", code: "wildcraft:poultice-linen-poisonoak-yarrow", quantity: 4  }
	},
	{
		ingredientPattern: "H,L,T",
		ingredients: {
			"L": { type: "block", code: "game:linen-*" },
			"H": { type: "item", code: "wildcraft:herbs-poisonoak", quantity: 4 },
            "T": { type: "item", code: "wildcraft:herbs-sage", quantity: 2}
		},
		width: 1,
		height: 3,
		output: { type: "item", code: "wildcraft:poultice-linen-poisonoak-sage", quantity: 4  }
	},








	{
		ingredientPattern: "H,L,T",
		ingredients: {
			"L": { type: "block", code: "game:linen-*" },
			"H": { type: "item", code: "wildcraft:herbs-inula", quantity: 4 },
            "T": { type: "item", code: "wildcraft:herbs-lavender", quantity: 2}
		},
		width: 1,
		height: 3,
		output: { type: "item", code: "wildcraft:poultice-linen-inula-lavender", quantity: 4  }
	},
    {
		ingredientPattern: "H,L,T",
		ingredients: {
			"L": { type: "block", code: "game:linen-*" },
			"H": { type: "item", code: "wildcraft:herbs-inula", quantity: 4 },
            "T": { type: "item", code: "wildcraft:herbs-marshmallow", quantity: 2}
		},
		width: 1,
		height: 3,
		output: { type: "item", code: "wildcraft:poultice-linen-inula-marshmallow", quantity: 4  }
	},
    {
		ingredientPattern: "H,L,T",
		ingredients: {
			"L": { type: "block", code: "game:linen-*" },
			"H": { type: "item", code: "wildcraft:herbs-inula", quantity: 4 },
            "T": { type: "item", code: "wildcraft:herbs-thyme", quantity: 2}
		},
		width: 1,
		height: 3,
		output: { type: "item", code: "wildcraft:poultice-linen-inula-thyme", quantity: 4  }
	},
	{
		ingredientPattern: "H,L,T",
		ingredients: {
			"L": { type: "block", code: "game:linen-*" },
			"H": { type: "item", code: "wildcraft:herbs-inula", quantity: 4 },
            "T": { type: "item", code: "wildcraft:herbs-holly", quantity: 2}
		},
		width: 1,
		height: 3,
		output: { type: "item", code: "wildcraft:poultice-linen-inula-holly", quantity: 4  }
	},
	{
		ingredientPattern: "H,L,T",
		ingredients: {
			"L": { type: "block", code: "game:linen-*" },
			"H": { type: "item", code: "wildcraft:herbs-inula", quantity: 4 },
            "T": { type: "item", code: "wildcraft:herbs-marigold", quantity: 2}
		},
		width: 1,
		height: 3,
		output: { type: "item", code: "wildcraft:poultice-linen-inula-marigold", quantity: 4  }
	},
	{
		ingredientPattern: "H,L,T",
		ingredients: {
			"L": { type: "block", code: "game:linen-*" },
			"H": { type: "item", code: "wildcraft:herbs-inula", quantity: 4 },
            "T": { type: "item", code: "wildcraft:herbs-yarrow", quantity: 2}
		},
		width: 1,
		height: 3,
		output: { type: "item", code: "wildcraft:poultice-linen-inula-yarrow", quantity: 4  }
	},
	{
		ingredientPattern: "H,L,T",
		ingredients: {
			"L": { type: "block", code: "game:linen-*" },
			"H": { type: "item", code: "wildcraft:herbs-inula", quantity: 4 },
            "T": { type: "item", code: "wildcraft:herbs-sage", quantity: 2}
		},
		width: 1,
		height: 3,
		output: { type: "item", code: "wildcraft:poultice-linen-inula-sage", quantity: 4  }
	},









	{
		ingredientPattern: "H,L,T",
		ingredients: {
			"L": { type: "block", code: "game:linen-*" },
			"H": { type: "item", code: "wildcraft:herbs-celandine", quantity: 4 },
            "T": { type: "item", code: "wildcraft:herbs-lavender", quantity: 2}
		},
		width: 1,
		height: 3,
		output: { type: "item", code: "wildcraft:poultice-linen-celandine-lavender", quantity: 4  }
	},
    {
		ingredientPattern: "H,L,T",
		ingredients: {
			"L": { type: "block", code: "game:linen-*" },
			"H": { type: "item", code: "wildcraft:herbs-celandine", quantity: 4 },
            "T": { type: "item", code: "wildcraft:herbs-marshmallow", quantity: 2}
		},
		width: 1,
		height: 3,
		output: { type: "item", code: "wildcraft:poultice-linen-celandine-marshmallow", quantity: 4  }
	},
    {
		ingredientPattern: "H,L,T",
		ingredients: {
			"L": { type: "block", code: "game:linen-*" },
			"H": { type: "item", code: "wildcraft:herbs-celandine", quantity: 4 },
            "T": { type: "item", code: "wildcraft:herbs-thyme", quantity: 2}
		},
		width: 1,
		height: 3,
		output: { type: "item", code: "wildcraft:poultice-linen-celandine-thyme", quantity: 4  }
	},
	{
		ingredientPattern: "H,L,T",
		ingredients: {
			"L": { type: "block", code: "game:linen-*" },
			"H": { type: "item", code: "wildcraft:herbs-celandine", quantity: 4 },
            "T": { type: "item", code: "wildcraft:herbs-holly", quantity: 2}
		},
		width: 1,
		height: 3,
		output: { type: "item", code: "wildcraft:poultice-linen-celandine-holly", quantity: 4  }
	},
	{
		ingredientPattern: "H,L,T",
		ingredients: {
			"L": { type: "block", code: "game:linen-*" },
			"H": { type: "item", code: "wildcraft:herbs-celandine", quantity: 4 },
            "T": { type: "item", code: "wildcraft:herbs-marigold", quantity: 2}
		},
		width: 1,
		height: 3,
		output: { type: "item", code: "wildcraft:poultice-linen-celandine-marigold", quantity: 4  }
	},
	{
		ingredientPattern: "H,L,T",
		ingredients: {
			"L": { type: "block", code: "game:linen-*" },
			"H": { type: "item", code: "wildcraft:herbs-celandine", quantity: 4 },
            "T": { type: "item", code: "wildcraft:herbs-yarrow", quantity: 2}
		},
		width: 1,
		height: 3,
		output: { type: "item", code: "wildcraft:poultice-linen-celandine-yarrow", quantity: 4  }
	},
	{
		ingredientPattern: "H,L,T",
		ingredients: {
			"L": { type: "block", code: "game:linen-*" },
			"H": { type: "item", code: "wildcraft:herbs-celandine", quantity: 4 },
            "T": { type: "item", code: "wildcraft:herbs-sage", quantity: 2}
		},
		width: 1,
		height: 3,
		output: { type: "item", code: "wildcraft:poultice-linen-celandine-sage", quantity: 4  }
	},











	{
		ingredientPattern: "H,C,T",
		ingredients: {
			"C": { type: "item", code: "game:cattailtops", quantity: 2 },
			"H": { type: "block", code: "game:flower-horsetail-free", quantity: 4 },
            "T": { type: "item", code: "wildcraft:herbs-thyme", quantity: 2}
		},
		width: 1,
		height: 3,
		output: { type: "item", code: "wildcraft:poultice-reed-horsetail-thyme", quantity: 4  }
	},
    {
		ingredientPattern: "H,C,T",
		ingredients: {
			"C": { type: "item", code: "game:cattailtops", quantity: 2 },
			"H": { type: "block", code: "game:flower-horsetail-free", quantity: 4 },
            "T": { type: "item", code: "wildcraft:herbs-lavender", quantity: 2}
		},
		width: 1,
		height: 3,
		output: { type: "item", code: "wildcraft:poultice-reed-horsetail-lavender", quantity: 4  }
	},
    {
		ingredientPattern: "H,C,T",
		ingredients: {
			"C": { type: "item", code: "game:cattailtops", quantity: 2 },
			"H": { type: "block", code: "game:flower-horsetail-free", quantity: 4 },
            "T": { type: "item", code: "wildcraft:herbs-marshmallow", quantity: 2}
		},
		width: 1,
		height: 3,
		output: { type: "item", code: "wildcraft:poultice-reed-horsetail-marshmallow", quantity: 4  }
	},
	{
		ingredientPattern: "H,C,T",
		ingredients: {
			"C": { type: "item", code: "game:cattailtops", quantity: 2 },
			"H": { type: "block", code: "game:flower-horsetail-free", quantity: 4 },
            "T": { type: "item", code: "wildcraft:herbs-holly", quantity: 2}
		},
		width: 1,
		height: 3,
		output: { type: "item", code: "wildcraft:poultice-reed-horsetail-holly", quantity: 4  }
	},
	{
		ingredientPattern: "H,C,T",
		ingredients: {
			"C": { type: "item", code: "game:cattailtops", quantity: 2 },
			"H": { type: "block", code: "game:flower-horsetail-free", quantity: 4 },
            "T": { type: "item", code: "wildcraft:herbs-marigold", quantity: 2}
		},
		width: 1,
		height: 3,
		output: { type: "item", code: "wildcraft:poultice-reed-horsetail-marigold", quantity: 4  }
	},
	{
		ingredientPattern: "H,C,T",
		ingredients: {
			"C": { type: "item", code: "game:cattailtops", quantity: 2 },
			"H": { type: "block", code: "game:flower-horsetail-free", quantity: 4 },
            "T": { type: "item", code: "wildcraft:herbs-yarrow", quantity: 2}
		},
		width: 1,
		height: 3,
		output: { type: "item", code: "wildcraft:poultice-reed-horsetail-yarrow", quantity: 4  }
	},
	{
		ingredientPattern: "H,C,T",
		ingredients: {
			"C": { type: "item", code: "game:cattailtops", quantity: 2 },
			"H": { type: "block", code: "game:flower-horsetail-free", quantity: 4 },
            "T": { type: "item", code: "wildcraft:herbs-sage", quantity: 2}
		},
		width: 1,
		height: 3,
		output: { type: "item", code: "wildcraft:poultice-reed-horsetail-sage", quantity: 4  }
	},

	
	{
		ingredientPattern: "SBS,_C_,_T_",
		ingredients: {
			"C": { type: "item", code: "game:cattailtops", quantity: 2 },
			"S": { type: "item", code: "game:powderedsulfur" },
			"B": { type: "block", code: "game:bowl-fired" },
            "T": { type: "item", code: "wildcraft:herbs-marshmallow", quantity: 2}
		},
		attributes: {
			liquidContainerProps: {
				requiresContent: { type: "item", code: "game:honeyportion" },
				requiresLitres: 0.25
			}
		},		
		width: 3,
		height: 3,
		output: { type: "item", code: "wildcraft:poultice-reed-honey-sulfur-marshmallow", quantity: 4  }
	},
    {
		ingredientPattern: "SBS,_C_,_T_",
		ingredients: {
			"C": { type: "item", code: "game:cattailtops", quantity: 2 },
			"S": { type: "item", code: "game:powderedsulfur" },
			"B": { type: "block", code: "game:bowl-fired" },
            "T": { type: "item", code: "wildcraft:herbs-lavender", quantity: 2}
		},
		attributes: {
			liquidContainerProps: {
				requiresContent: { type: "item", code: "game:honeyportion" },
				requiresLitres: 0.25
			}
		},		
		width: 3,
		height: 3,
		output: { type: "item", code: "wildcraft:poultice-reed-honey-sulfur-lavender", quantity: 4  }
	},
    {
		ingredientPattern: "SBS,_C_,_T_",
		ingredients: {
			"C": { type: "item", code: "game:cattailtops", quantity: 2 },
			"S": { type: "item", code: "game:powderedsulfur" },
			"B": { type: "block", code: "game:bowl-fired" },
            "T": { type: "item", code: "wildcraft:herbs-thyme", quantity: 2}
		},
		attributes: {
			liquidContainerProps: {
				requiresContent: { type: "item", code: "game:honeyportion" },
				requiresLitres: 0.25
			}
		},		
		width: 3,
		height: 3,
		output: { type: "item", code: "wildcraft:poultice-reed-honey-sulfur-thyme", quantity: 4  }
	},
	{
		ingredientPattern: "SBS,_C_,_T_",
		ingredients: {
			"C": { type: "item", code: "game:cattailtops", quantity: 2 },
			"S": { type: "item", code: "game:powderedsulfur" },
			"B": { type: "block", code: "game:bowl-fired" },
            "T": { type: "item", code: "wildcraft:herbs-holly", quantity: 2}
		},
		attributes: {
			liquidContainerProps: {
				requiresContent: { type: "item", code: "game:honeyportion" },
				requiresLitres: 0.25
			}
		},		
		width: 3,
		height: 3,
		output: { type: "item", code: "wildcraft:poultice-reed-honey-sulfur-holly", quantity: 4  }
	},
	{
		ingredientPattern: "SBS,_C_,_T_",
		ingredients: {
			"C": { type: "item", code: "game:cattailtops", quantity: 2 },
			"S": { type: "item", code: "game:powderedsulfur" },
			"B": { type: "block", code: "game:bowl-fired" },
            "T": { type: "item", code: "wildcraft:herbs-marigold", quantity: 2}
		},
		attributes: {
			liquidContainerProps: {
				requiresContent: { type: "item", code: "game:honeyportion" },
				requiresLitres: 0.25
			}
		},		
		width: 3,
		height: 3,
		output: { type: "item", code: "wildcraft:poultice-reed-honey-sulfur-marigold", quantity: 4  }
	},
	{
		ingredientPattern: "SBS,_C_,_T_",
		ingredients: {
			"C": { type: "item", code: "game:cattailtops", quantity: 2 },
			"S": { type: "item", code: "game:powderedsulfur" },
			"B": { type: "block", code: "game:bowl-fired" },
            "T": { type: "item", code: "wildcraft:herbs-yarrow", quantity: 2}
		},
		attributes: {
			liquidContainerProps: {
				requiresContent: { type: "item", code: "game:honeyportion" },
				requiresLitres: 0.25
			}
		},		
		width: 3,
		height: 3,
		output: { type: "item", code: "wildcraft:poultice-reed-honey-sulfur-yarrow", quantity: 4  }
	},
	{
		ingredientPattern: "SBS,_C_,_T_",
		ingredients: {
			"C": { type: "item", code: "game:cattailtops", quantity: 2 },
			"S": { type: "item", code: "game:powderedsulfur" },
			"B": { type: "block", code: "game:bowl-fired" },
            "T": { type: "item", code: "wildcraft:herbs-sage", quantity: 2}
		},
		attributes: {
			liquidContainerProps: {
				requiresContent: { type: "item", code: "game:honeyportion" },
				requiresLitres: 0.25
			}
		},		
		width: 3,
		height: 3,
		output: { type: "item", code: "wildcraft:poultice-reed-honey-sulfur-sage", quantity: 4  }
	},




    
    {
		ingredientPattern: "H,C,T",
		ingredients: {
			"C": { type: "item", code: "game:cattailtops", quantity: 2 },
			"H": { type: "item", code: "wildcraft:herbs-inula", quantity: 4 },
            "T": { type: "item", code: "wildcraft:herbs-thyme", quantity: 2}
		},
		width: 1,
		height: 3,
		output: { type: "item", code: "wildcraft:poultice-reed-inula-thyme", quantity: 4  }
	},
    {
		ingredientPattern: "H,C,T",
		ingredients: {
			"C": { type: "item", code: "game:cattailtops", quantity: 2 },
			"H": { type: "item", code: "wildcraft:herbs-inula", quantity: 4 },
            "T": { type: "item", code: "wildcraft:herbs-lavender", quantity: 2}
		},
		width: 1,
		height: 3,
		output: { type: "item", code: "wildcraft:poultice-reed-inula-lavender", quantity: 4  }
	},
    {
		ingredientPattern: "H,C,T",
		ingredients: {
			"C": { type: "item", code: "game:cattailtops", quantity: 2 },
			"H": { type: "item", code: "wildcraft:herbs-inula", quantity: 4 },
            "T": { type: "item", code: "wildcraft:herbs-marshmallow", quantity: 2}
		},
		width: 1,
		height: 3,
		output: { type: "item", code: "wildcraft:poultice-reed-inula-marshmallow", quantity: 4  }
	},
	{
		ingredientPattern: "H,C,T",
		ingredients: {
			"C": { type: "item", code: "game:cattailtops", quantity: 2 },
			"H": { type: "item", code: "wildcraft:herbs-inula", quantity: 4 },
            "T": { type: "item", code: "wildcraft:herbs-holly", quantity: 2}
		},
		width: 1,
		height: 3,
		output: { type: "item", code: "wildcraft:poultice-reed-inula-holly", quantity: 4  }
	},
	{
		ingredientPattern: "H,C,T",
		ingredients: {
			"C": { type: "item", code: "game:cattailtops", quantity: 2 },
			"H": { type: "item", code: "wildcraft:herbs-inula", quantity: 4 },
            "T": { type: "item", code: "wildcraft:herbs-marigold", quantity: 2}
		},
		width: 1,
		height: 3,
		output: { type: "item", code: "wildcraft:poultice-reed-inula-marigold", quantity: 4  }
	},
	{
		ingredientPattern: "H,C,T",
		ingredients: {
			"C": { type: "item", code: "game:cattailtops", quantity: 2 },
			"H": { type: "item", code: "wildcraft:herbs-inula", quantity: 4 },
            "T": { type: "item", code: "wildcraft:herbs-yarrow", quantity: 2}
		},
		width: 1,
		height: 3,
		output: { type: "item", code: "wildcraft:poultice-reed-inula-yarrow", quantity: 4  }
	},
	{
		ingredientPattern: "H,C,T",
		ingredients: {
			"C": { type: "item", code: "game:cattailtops", quantity: 2 },
			"H": { type: "item", code: "wildcraft:herbs-inula", quantity: 4 },
            "T": { type: "item", code: "wildcraft:herbs-sage", quantity: 2}
		},
		width: 1,
		height: 3,
		output: { type: "item", code: "wildcraft:poultice-reed-inula-sage", quantity: 4  }
	},

	{
		ingredientPattern: "H,C,T",
		ingredients: {
			"C": { type: "item", code: "game:cattailtops", quantity: 2 },
			"H": { type: "item", code: "wildcraft:herbs-stjohnswort", quantity: 4 },
            "T": { type: "item", code: "wildcraft:herbs-thyme", quantity: 2}
		},
		width: 1,
		height: 3,
		output: { type: "item", code: "wildcraft:poultice-reed-stjohnswort-thyme", quantity: 4  }
	},
    {
		ingredientPattern: "H,C,T",
		ingredients: {
			"C": { type: "item", code: "game:cattailtops", quantity: 2 },
			"H": { type: "item", code: "wildcraft:herbs-stjohnswort", quantity: 4 },
            "T": { type: "item", code: "wildcraft:herbs-lavender", quantity: 2}
		},
		width: 1,
		height: 3,
		output: { type: "item", code: "wildcraft:poultice-reed-stjohnswort-lavender", quantity: 4  }
	},
    {
		ingredientPattern: "H,C,T",
		ingredients: {
			"C": { type: "item", code: "game:cattailtops", quantity: 2 },
			"H": { type: "item", code: "wildcraft:herbs-stjohnswort", quantity: 4 },
            "T": { type: "item", code: "wildcraft:herbs-marshmallow", quantity: 2}
		},
		width: 1,
		height: 3,
		output: { type: "item", code: "wildcraft:poultice-reed-stjohnswort-marshmallow", quantity: 4  }
	},
	{
		ingredientPattern: "H,C,T",
		ingredients: {
			"C": { type: "item", code: "game:cattailtops", quantity: 2 },
			"H": { type: "item", code: "wildcraft:herbs-stjohnswort", quantity: 4 },
            "T": { type: "item", code: "wildcraft:herbs-holly", quantity: 2}
		},
		width: 1,
		height: 3,
		output: { type: "item", code: "wildcraft:poultice-reed-stjohnswort-holly", quantity: 4  }
	},
	{
		ingredientPattern: "H,C,T",
		ingredients: {
			"C": { type: "item", code: "game:cattailtops", quantity: 2 },
			"H": { type: "item", code: "wildcraft:herbs-stjohnswort", quantity: 4 },
            "T": { type: "item", code: "wildcraft:herbs-marigold", quantity: 2}
		},
		width: 1,
		height: 3,
		output: { type: "item", code: "wildcraft:poultice-reed-stjohnswort-marigold", quantity: 4  }
	},
	{
		ingredientPattern: "H,C,T",
		ingredients: {
			"C": { type: "item", code: "game:cattailtops", quantity: 2 },
			"H": { type: "item", code: "wildcraft:herbs-stjohnswort", quantity: 4 },
            "T": { type: "item", code: "wildcraft:herbs-yarrow", quantity: 2}
		},
		width: 1,
		height: 3,
		output: { type: "item", code: "wildcraft:poultice-reed-stjohnswort-yarrow", quantity: 4  }
	},
	{
		ingredientPattern: "H,C,T",
		ingredients: {
			"C": { type: "item", code: "game:cattailtops", quantity: 2 },
			"H": { type: "item", code: "wildcraft:herbs-stjohnswort", quantity: 4 },
            "T": { type: "item", code: "wildcraft:herbs-sage", quantity: 2}
		},
		width: 1,
		height: 3,
		output: { type: "item", code: "wildcraft:poultice-reed-stjohnswort-sage", quantity: 4  }
	},




	{
		ingredientPattern: "H,C,T",
		ingredients: {
			"C": { type: "item", code: "game:cattailtops", quantity: 2 },
			"H": { type: "item", code: "wildcraft:herbs-celandine", quantity: 4 },
            "T": { type: "item", code: "wildcraft:herbs-thyme", quantity: 2}
		},
		width: 1,
		height: 3,
		output: { type: "item", code: "wildcraft:poultice-reed-celandine-thyme", quantity: 4  }
	},
    {
		ingredientPattern: "H,C,T",
		ingredients: {
			"C": { type: "item", code: "game:cattailtops", quantity: 2 },
			"H": { type: "item", code: "wildcraft:herbs-celandine", quantity: 4 },
            "T": { type: "item", code: "wildcraft:herbs-lavender", quantity: 2}
		},
		width: 1,
		height: 3,
		output: { type: "item", code: "wildcraft:poultice-reed-celandine-lavender", quantity: 4  }
	},
    {
		ingredientPattern: "H,C,T",
		ingredients: {
			"C": { type: "item", code: "game:cattailtops", quantity: 2 },
			"H": { type: "item", code: "wildcraft:herbs-celandine", quantity: 4 },
            "T": { type: "item", code: "wildcraft:herbs-marshmallow", quantity: 2}
		},
		width: 1,
		height: 3,
		output: { type: "item", code: "wildcraft:poultice-reed-celandine-marshmallow", quantity: 4  }
	},
	{
		ingredientPattern: "H,C,T",
		ingredients: {
			"C": { type: "item", code: "game:cattailtops", quantity: 2 },
			"H": { type: "item", code: "wildcraft:herbs-celandine", quantity: 4 },
            "T": { type: "item", code: "wildcraft:herbs-holly", quantity: 2}
		},
		width: 1,
		height: 3,
		output: { type: "item", code: "wildcraft:poultice-reed-celandine-holly", quantity: 4  }
	},
	{
		ingredientPattern: "H,C,T",
		ingredients: {
			"C": { type: "item", code: "game:cattailtops", quantity: 2 },
			"H": { type: "item", code: "wildcraft:herbs-celandine", quantity: 4 },
            "T": { type: "item", code: "wildcraft:herbs-marigold", quantity: 2}
		},
		width: 1,
		height: 3,
		output: { type: "item", code: "wildcraft:poultice-reed-celandine-marigold", quantity: 4  }
	},
	{
		ingredientPattern: "H,C,T",
		ingredients: {
			"C": { type: "item", code: "game:cattailtops", quantity: 2 },
			"H": { type: "item", code: "wildcraft:herbs-celandine", quantity: 4 },
            "T": { type: "item", code: "wildcraft:herbs-yarrow", quantity: 2}
		},
		width: 1,
		height: 3,
		output: { type: "item", code: "wildcraft:poultice-reed-celandine-yarrow", quantity: 4  }
	},
	{
		ingredientPattern: "H,C,T",
		ingredients: {
			"C": { type: "item", code: "game:cattailtops", quantity: 2 },
			"H": { type: "item", code: "wildcraft:herbs-celandine", quantity: 4 },
            "T": { type: "item", code: "wildcraft:herbs-sage", quantity: 2}
		},
		width: 1,
		height: 3,
		output: { type: "item", code: "wildcraft:poultice-reed-celandine-sage", quantity: 4  }
	},



	{
		ingredientPattern: "H,C,T",
		ingredients: {
			"C": { type: "item", code: "game:cattailtops", quantity: 2 },
			"H": { type: "item", code: "wildcraft:herbs-poisonoak", quantity: 4 },
            "T": { type: "item", code: "wildcraft:herbs-thyme", quantity: 2}
		},
		width: 1,
		height: 3,
		output: { type: "item", code: "wildcraft:poultice-reed-poisonoak-thyme", quantity: 4  }
	},
    {
		ingredientPattern: "H,C,T",
		ingredients: {
			"C": { type: "item", code: "game:cattailtops", quantity: 2 },
			"H": { type: "item", code: "wildcraft:herbs-poisonoak", quantity: 4 },
            "T": { type: "item", code: "wildcraft:herbs-lavender", quantity: 2}
		},
		width: 1,
		height: 3,
		output: { type: "item", code: "wildcraft:poultice-reed-poisonoak-lavender", quantity: 4  }
	},
    {
		ingredientPattern: "H,C,T",
		ingredients: {
			"C": { type: "item", code: "game:cattailtops", quantity: 2 },
			"H": { type: "item", code: "wildcraft:herbs-poisonoak", quantity: 4 },
            "T": { type: "item", code: "wildcraft:herbs-marshmallow", quantity: 2}
		},
		width: 1,
		height: 3,
		output: { type: "item", code: "wildcraft:poultice-reed-poisonoak-marshmallow", quantity: 4  }
	},
	{
		ingredientPattern: "H,C,T",
		ingredients: {
			"C": { type: "item", code: "game:cattailtops", quantity: 2 },
			"H": { type: "item", code: "wildcraft:herbs-poisonoak", quantity: 4 },
            "T": { type: "item", code: "wildcraft:herbs-holly", quantity: 2}
		},
		width: 1,
		height: 3,
		output: { type: "item", code: "wildcraft:poultice-reed-poisonoak-holly", quantity: 4  }
	},
	{
		ingredientPattern: "H,C,T",
		ingredients: {
			"C": { type: "item", code: "game:cattailtops", quantity: 2 },
			"H": { type: "item", code: "wildcraft:herbs-poisonoak", quantity: 4 },
            "T": { type: "item", code: "wildcraft:herbs-marigold", quantity: 2}
		},
		width: 1,
		height: 3,
		output: { type: "item", code: "wildcraft:poultice-reed-poisonoak-marigold", quantity: 4  }
	},
	{
		ingredientPattern: "H,C,T",
		ingredients: {
			"C": { type: "item", code: "game:cattailtops", quantity: 2 },
			"H": { type: "item", code: "wildcraft:herbs-poisonoak", quantity: 4 },
            "T": { type: "item", code: "wildcraft:herbs-yarrow", quantity: 2}
		},
		width: 1,
		height: 3,
		output: { type: "item", code: "wildcraft:poultice-reed-poisonoak-yarrow", quantity: 4  }
	},
	{
		ingredientPattern: "H,C,T",
		ingredients: {
			"C": { type: "item", code: "game:cattailtops", quantity: 2 },
			"H": { type: "item", code: "wildcraft:herbs-poisonoak", quantity: 4 },
            "T": { type: "item", code: "wildcraft:herbs-sage", quantity: 2}
		},
		width: 1,
		height: 3,
		output: { type: "item", code: "wildcraft:poultice-reed-poisonoak-sage", quantity: 4  }
	},







	{
		ingredientPattern: "H,C,_",
		ingredients: {
			"C": { type: "item", code: "game:cattailtops", quantity: 2 },
			"H": { type: "item", code: "wildcraft:herbs-stjohnswort", quantity: 4 },
		},
		width: 1,
		height: 3,
		output: { type: "item", code: "wildcraft:simplepoultice-reed-stjohnswort", quantity: 4  }
	},
	{
		ingredientPattern: "H,L,_",
		ingredients: {
			"L": { type: "block", code: "game:linen-*" },
			"H": { type: "item", code: "wildcraft:herbs-stjohnswort", quantity: 4 },
		},
		width: 1,
		height: 3,
		output: { type: "item", code: "wildcraft:simplepoultice-linen-stjohnswort", quantity: 4  }
	},
	{
		ingredientPattern: "H,C,_",
		ingredients: {
			"C": { type: "item", code: "game:cattailtops", quantity: 2 },
			"H": { type: "item", code: "wildcraft:herbs-poisonoak", quantity: 4 },
		},
		width: 1,
		height: 3,
		output: { type: "item", code: "wildcraft:simplepoultice-reed-poisonoak", quantity: 4  }
	},
	{
		ingredientPattern: "H,L,_",
		ingredients: {
			"L": { type: "block", code: "game:linen-*" },
			"H": { type: "item", code: "wildcraft:herbs-poisonoak", quantity: 4 },
		},
		width: 1,
		height: 3,
		output: { type: "item", code: "wildcraft:simplepoultice-linen-poisonoak", quantity: 4  }
	},
	{
		ingredientPattern: "H,C,_",
		ingredients: {
			"C": { type: "item", code: "game:cattailtops", quantity: 2 },
			"H": { type: "item", code: "wildcraft:herbs-inula", quantity: 4 },
		},
		width: 1,
		height: 3,
		output: { type: "item", code: "wildcraft:simplepoultice-reed-inula", quantity: 4  }
	},
	{
		ingredientPattern: "H,L,_",
		ingredients: {
			"L": { type: "block", code: "game:linen-*" },
			"H": { type: "item", code: "wildcraft:herbs-inula", quantity: 4 },
		},
		width: 1,
		height: 3,
		output: { type: "item", code: "wildcraft:simplepoultice-linen-inula", quantity: 4  }
	},
	{
		ingredientPattern: "H,C,_",
		ingredients: {
			"C": { type: "item", code: "game:cattailtops", quantity: 2 },
			"H": { type: "item", code: "wildcraft:herbs-celandine", quantity: 4 },
		},
		width: 1,
		height: 3,
		output: { type: "item", code: "wildcraft:simplepoultice-reed-celandine", quantity: 4  }
	},
	{
		ingredientPattern: "H,L,_",
		ingredients: {
			"L": { type: "block", code: "game:linen-*" },
			"H": { type: "item", code: "wildcraft:herbs-celandine", quantity: 4 },
		},
		width: 1,
		height: 3,
		output: { type: "item", code: "wildcraft:simplepoultice-linen-celandine", quantity: 4  }
	}
]