{
	"editor": {
		"allAngles": false,
		"entityTextureMode": false
	},
	"textureWidth": 16,
	"textureHeight": 16,
	"textureSizes": {
	},
	"textures": {
	},
	"elements": [
		{
			"name": "onion 2",
			"from": [ 6.75, 3.5, 6.75 ], 
			"to": [ 9.25, 5.0, 9.25 ], 
			"rotationOrigin": [ 7.8, 3.0, 8.0 ],
			"faces": {
				"north": { "texture": "#bearleek_bulb", "uv": [ 0.0, 0.0, 8.0, 8.0 ], "autoUv": false },
				"east": { "texture": "#bearleek_bulb", "uv": [ 0.0, 0.0, 8.0, 8.0 ], "autoUv": false },
				"south": { "texture": "#bearleek_bulb", "uv": [ 0.0, 0.0, 8.0, 8.0 ], "autoUv": false },
				"west": { "texture": "#bearleek_bulb", "uv": [ 0.0, 0.0, 8.0, 8.0 ], "autoUv": false },
				"up": { "texture": "#bearleek_bulb", "uv": [ 0.0, 0.0, 4.0, 4.0 ], "autoUv": false },
				"down": { "texture": "#bearleek_bulb", "uv": [ 0.0, 8.6667, 8.0, 16.0 ], "autoUv": false }
			},
			"children": [
				{
					"name": "onion 2 top",
					"from": [ 0.5, 1.5, 0.5 ], 
					"to": [ 2.0, 2.0, 2.0 ], 
					"faces": {
						"north": { "texture": "#bearleek_bulb", "uv": [ 0.0, 0.0, 6.0, 2.6667 ], "autoUv": false },
						"east": { "texture": "#bearleek_bulb", "uv": [ 0.0, 0.0, 5.3333, 2.6667 ], "autoUv": false },
						"south": { "texture": "#bearleek_bulb", "uv": [ 0.0, 0.0, 6.0, 2.6667 ], "autoUv": false },
						"west": { "texture": "#bearleek_bulb", "uv": [ 0.0, 0.0, 5.3333, 2.6667 ], "autoUv": false },
						"up": { "texture": "#bearleek_bulb", "uv": [ 0.0, 0.0, 4.6667, 2.6667 ], "autoUv": false },
						"down": { "texture": "#bearleek_bulb", "uv": [ 9.3333, 7.3333, 10.6667, 8.6667 ], "enabled": false }
					}
				},
				{
					"name": "s 2",
					"from": [ -0.8, -3.0, 1.0 ], 
					"to": [ 3.2, 1.0, 1.0 ], 
					"shade": false,
					"rotationOrigin": [ 5.2, -3.0, 1.5 ],
					"faces": {
						"north": { "texture": "#bearleek_bulb", "uv": [ 0.0, 0.0, 4.0, 4.0 ], "enabled": false },
						"east": { "texture": "#bearleek_bulb", "uv": [ 0.0, 0.0, 0.6667, 4.0 ], "enabled": false },
						"south": { "texture": "#bearleek_bulb", "uv": [ 8.0, 0.0, 16.6667, 8.6667 ], "autoUv": false },
						"west": { "texture": "#bearleek_bulb", "uv": [ 0.0, 0.0, 0.6667, 4.0 ], "enabled": false },
						"up": { "texture": "#bearleek_bulb", "uv": [ 0.0, 0.0, 4.0, 0.6667 ], "enabled": false },
						"down": { "texture": "#bearleek_bulb", "uv": [ 0.0, 0.0, 4.0, 0.6667 ], "enabled": false }
					}
				},
				{
					"name": "e 2",
					"from": [ 1.2, -3.0, -0.8 ], 
					"to": [ 1.2, 1.0, 3.2 ], 
					"shade": false,
					"rotationOrigin": [ 1.7, -3.0, 6.2 ],
					"faces": {
						"north": { "texture": "#bearleek_bulb", "uv": [ 0.0, 0.0, 0.6667, 4.0 ], "enabled": false },
						"east": { "texture": "#bearleek_bulb", "uv": [ 8.0, 0.0, 16.6667, 8.6667 ], "autoUv": false },
						"south": { "texture": "#bearleek_bulb", "uv": [ 0.0, 0.0, 0.6667, 4.0 ], "enabled": false },
						"west": { "texture": "#bearleek_bulb", "uv": [ 0.0, 0.0, 4.0, 4.0 ], "enabled": false },
						"up": { "texture": "#bearleek_bulb", "uv": [ 0.0, 0.0, 0.6667, 4.0 ], "enabled": false },
						"down": { "texture": "#bearleek_bulb", "uv": [ 0.0, 0.0, 0.6667, 4.0 ], "enabled": false }
					}
				},
				{
					"name": "onion bottom",
					"from": [ 0.5, -0.5, 0.5 ], 
					"to": [ 2.0, 0.0, 2.0 ], 
					"faces": {
						"north": { "texture": "#bearleek_bulb", "uv": [ 0.0, 13.3333, 4.6667, 16.0 ], "autoUv": false },
						"east": { "texture": "#bearleek_bulb", "uv": [ 0.0, 12.6667, 4.0, 16.0 ], "autoUv": false },
						"south": { "texture": "#bearleek_bulb", "uv": [ 0.0, 12.6667, 4.0, 16.0 ], "autoUv": false },
						"west": { "texture": "#bearleek_bulb", "uv": [ 0.0, 12.6667, 4.0, 16.0 ], "autoUv": false },
						"up": { "texture": "#bearleek_bulb", "uv": [ 3.3333, 8.0, 4.6667, 9.3333 ], "enabled": false },
						"down": { "texture": "#bearleek_bulb", "uv": [ 0.0, 9.3333, 8.0, 16.0 ], "autoUv": false }
					}
				}
			]
		}
	]}