{
	"editor": {
		"allAngles": false,
		"entityTextureMode": false
	},
	"textureWidth": 16,
	"textureHeight": 16,
	"textureSizes": {
	},
	"textures": {
		"sticks3": "C:/Users/gcamp/AppData/Roaming/Vintagestory/assets/survival/textures/block/plant/fruittree/sticks3",
		"blueberry1": "C:/Users/gcamp/AppData/Roaming/Vintagestory/assets/survival/textures/block/plant/berrybush/leaves/blueberry1"
	},
	"elements": [
		{
			"name": "origin",
			"from": [ 8.0, 0.0, 8.0 ], 
			"to": [ 8.0, 0.0, 8.0 ], 
			"rotationOrigin": [ 8.0, 0.0, 8.0 ],
			"faces": {
				"north": { "texture": "#null", "uv": [ 11.0, 4.0, 11.5, 4.5 ], "enabled": false },
				"east": { "texture": "#null", "uv": [ 13.5, 1.5, 14.0, 2.0 ], "enabled": false },
				"south": { "texture": "#null", "uv": [ 8.5, 11.5, 9.0, 12.0 ], "enabled": false },
				"west": { "texture": "#null", "uv": [ 7.5, 6.5, 8.0, 7.0 ], "enabled": false },
				"up": { "texture": "#null", "uv": [ 14.0, 3.5, 14.5, 4.0 ], "enabled": false },
				"down": { "texture": "#null", "uv": [ 4.5, 8.5, 5.0, 9.0 ], "enabled": false }
			},
			"children": [
				{
					"name": "Cube1",
					"from": [ -3.0, 0.0, -3.0 ], 
					"to": [ 3.0, 0.5, 3.0 ], 
					"faces": {
						"north": { "texture": "#fertlow", "uv": [ 0.0, 14.5, 6.0, 15.0 ] },
						"east": { "texture": "#fertlow", "uv": [ 4.5, 14.5, 10.5, 15.0 ] },
						"south": { "texture": "#fertlow", "uv": [ 3.0, 14.0, 9.0, 14.5 ] },
						"west": { "texture": "#fertlow", "uv": [ 4.0, 3.5, 10.0, 4.0 ] },
						"up": { "texture": "#fertlow", "uv": [ 6.0, 9.0, 12.0, 15.0 ] },
						"down": { "texture": "#fertlow", "uv": [ 5.0, 0.5, 11.0, 6.5 ] }
					},
					"children": [
						{
							"name": "Cube3",
							"from": [ -3.0, 0.0, -1.0 ], 
							"to": [ -1.0, 1.0, 1.0 ], 
							"rotationOrigin": [ -2.0, 0.0, 0.0 ],
							"faces": {
								"north": { "texture": "#fertlow", "uv": [ 8.5, 12.0, 10.5, 13.0 ] },
								"east": { "texture": "#fertlow", "uv": [ 5.0, 2.5, 7.0, 3.5 ] },
								"south": { "texture": "#fertlow", "uv": [ 9.0, 0.0, 11.0, 1.0 ] },
								"west": { "texture": "#fertlow", "uv": [ 10.0, 2.0, 12.0, 3.0 ] },
								"up": { "texture": "#fertlow", "uv": [ 11.5, 12.5, 13.5, 14.5 ] },
								"down": { "texture": "#fertlow", "uv": [ 0.0, 12.0, 2.0, 14.0 ] }
							}
						},
						{
							"name": "Cube4",
							"from": [ 4.0, 0.0, 6.0 ], 
							"to": [ 6.0, 1.0, 8.0 ], 
							"rotationOrigin": [ 5.0, 0.0, 7.0 ],
							"faces": {
								"north": { "texture": "#fertlow", "uv": [ 13.5, 12.5, 15.5, 13.5 ] },
								"east": { "texture": "#fertlow", "uv": [ 9.0, 11.5, 11.0, 12.5 ] },
								"south": { "texture": "#fertlow", "uv": [ 10.5, 1.0, 12.5, 2.0 ] },
								"west": { "texture": "#fertlow", "uv": [ 3.0, 12.0, 5.0, 13.0 ] },
								"up": { "texture": "#fertlow", "uv": [ 8.0, 1.5, 10.0, 3.5 ] },
								"down": { "texture": "#fertlow", "uv": [ 3.5, 9.5, 5.5, 11.5 ] }
							}
						},
						{
							"name": "Cube5",
							"from": [ 8.0, 0.0, 8.0 ], 
							"to": [ 9.0, 0.5, 9.0 ], 
							"rotationOrigin": [ 8.5, 0.0, 8.5 ],
							"faces": {
								"north": { "texture": "#fertlow", "uv": [ 13.5, 7.0, 14.5, 7.5 ] },
								"east": { "texture": "#fertlow", "uv": [ 6.5, 8.5, 7.5, 9.0 ] },
								"south": { "texture": "#fertlow", "uv": [ 7.5, 13.0, 8.5, 13.5 ] },
								"west": { "texture": "#fertlow", "uv": [ 12.5, 8.5, 13.5, 9.0 ] },
								"up": { "texture": "#fertlow", "uv": [ 6.5, 1.0, 7.5, 2.0 ] },
								"down": { "texture": "#fertlow", "uv": [ 5.0, 1.0, 6.0, 2.0 ] }
							}
						},
						{
							"name": "Cube6",
							"from": [ 8.0, 0.0, 1.0 ], 
							"to": [ 9.0, 0.5, 2.0 ], 
							"rotationOrigin": [ 8.5, 0.0, 1.5 ],
							"faces": {
								"north": { "texture": "#fertlow", "uv": [ 9.0, 4.5, 10.0, 5.0 ] },
								"east": { "texture": "#fertlow", "uv": [ 11.5, 5.5, 12.5, 6.0 ] },
								"south": { "texture": "#fertlow", "uv": [ 12.5, 12.5, 13.5, 13.0 ] },
								"west": { "texture": "#fertlow", "uv": [ 8.5, 6.5, 9.5, 7.0 ] },
								"up": { "texture": "#fertlow", "uv": [ 3.5, 3.0, 4.5, 4.0 ] },
								"down": { "texture": "#fertlow", "uv": [ 1.0, 6.0, 2.0, 7.0 ] }
							}
						},
						{
							"name": "Cube7",
							"from": [ -2.0, 0.0, 6.0 ], 
							"to": [ -1.0, 0.5, 7.0 ], 
							"rotationOrigin": [ -1.5, 0.0, 6.5 ],
							"faces": {
								"north": { "texture": "#fertlow", "uv": [ 0.0, 6.5, 1.0, 7.0 ] },
								"east": { "texture": "#fertlow", "uv": [ 14.0, 0.5, 15.0, 1.0 ] },
								"south": { "texture": "#fertlow", "uv": [ 13.0, 2.0, 14.0, 2.5 ] },
								"west": { "texture": "#fertlow", "uv": [ 5.5, 2.5, 6.5, 3.0 ] },
								"up": { "texture": "#fertlow", "uv": [ 13.0, 12.5, 14.0, 13.5 ] },
								"down": { "texture": "#fertlow", "uv": [ 12.0, 1.0, 13.0, 2.0 ] }
							}
						},
						{
							"name": "Cube8",
							"from": [ 2.0, 0.0, -2.0 ], 
							"to": [ 3.0, 0.5, -1.0 ], 
							"rotationOrigin": [ 2.5, 0.0, -1.5 ],
							"faces": {
								"north": { "texture": "#fertlow", "uv": [ 5.5, 3.0, 6.5, 3.5 ] },
								"east": { "texture": "#fertlow", "uv": [ 9.5, 1.5, 10.5, 2.0 ] },
								"south": { "texture": "#fertlow", "uv": [ 8.5, 14.0, 9.5, 14.5 ] },
								"west": { "texture": "#fertlow", "uv": [ 10.5, 3.0, 11.5, 3.5 ] },
								"up": { "texture": "#fertlow", "uv": [ 10.0, 4.5, 11.0, 5.5 ] },
								"down": { "texture": "#fertlow", "uv": [ 14.5, 9.0, 15.5, 10.0 ] }
							}
						},
						{
							"name": "Cube9",
							"from": [ 1.0, 0.0, 5.0 ], 
							"to": [ 3.0, 1.0, 7.0 ], 
							"rotationOrigin": [ 2.0, 0.0, 6.0 ],
							"faces": {
								"north": { "texture": "#fertlow", "uv": [ 9.0, 7.0, 11.0, 8.0 ] },
								"east": { "texture": "#fertlow", "uv": [ 1.5, 0.5, 3.5, 1.5 ] },
								"south": { "texture": "#fertlow", "uv": [ 2.0, 0.0, 4.0, 1.0 ] },
								"west": { "texture": "#fertlow", "uv": [ 3.0, 5.5, 5.0, 6.5 ] },
								"up": { "texture": "#fertlow", "uv": [ 8.5, 6.0, 10.5, 8.0 ] },
								"down": { "texture": "#fertlow", "uv": [ 11.5, 0.5, 13.5, 2.5 ] }
							}
						},
						{
							"name": "Cube10",
							"from": [ 0.5, 0.5, 0.5 ], 
							"to": [ 4.5, 2.0, 4.5 ], 
							"rotationOrigin": [ 2.5, 0.5, 2.5 ],
							"faces": {
								"north": { "texture": "#fertlow", "uv": [ 7.0, 10.5, 11.0, 12.0 ] },
								"east": { "texture": "#fertlow", "uv": [ 7.5, 4.0, 11.5, 5.5 ] },
								"south": { "texture": "#fertlow", "uv": [ 11.5, 1.0, 15.5, 2.5 ] },
								"west": { "texture": "#fertlow", "uv": [ 11.0, 1.0, 15.0, 2.5 ] },
								"up": { "texture": "#fertlow", "uv": [ 3.5, 11.0, 7.5, 15.0 ] },
								"down": { "texture": "#fertlow", "uv": [ 10.0, 10.5, 14.0, 14.5 ], "enabled": false }
							}
						},
						{
							"name": "Cube11",
							"from": [ -2.0, 0.0, 1.0 ], 
							"to": [ 0.0, 0.5, 3.0 ], 
							"rotationOrigin": [ -1.0, 0.0, 2.0 ],
							"faces": {
								"north": { "texture": "#fertlow", "uv": [ 9.5, 11.5, 11.5, 12.0 ] },
								"east": { "texture": "#fertlow", "uv": [ 0.0, 11.5, 2.0, 12.0 ], "enabled": false },
								"south": { "texture": "#fertlow", "uv": [ 11.0, 13.5, 13.0, 14.0 ] },
								"west": { "texture": "#fertlow", "uv": [ 4.5, 7.0, 6.5, 7.5 ] },
								"up": { "texture": "#fertlow", "uv": [ 6.5, 10.0, 8.5, 12.0 ] },
								"down": { "texture": "#fertlow", "uv": [ 0.5, 13.0, 2.5, 15.0 ] }
							}
						},
						{
							"name": "Cube12",
							"from": [ 3.5, 0.5, 3.0 ], 
							"to": [ 5.5, 1.5, 6.0 ], 
							"rotationOrigin": [ 4.5, 0.5, 4.0 ],
							"faces": {
								"north": { "texture": "#fertlow", "uv": [ 9.5, 5.0, 11.5, 6.0 ] },
								"east": { "texture": "#fertlow", "uv": [ 1.5, 5.5, 4.5, 6.5 ] },
								"south": { "texture": "#fertlow", "uv": [ 0.0, 6.5, 2.0, 7.5 ] },
								"west": { "texture": "#fertlow", "uv": [ 6.0, 7.0, 9.0, 8.0 ] },
								"up": { "texture": "#fertlow", "uv": [ 4.0, 2.5, 6.0, 5.5 ] },
								"down": { "texture": "#fertlow", "uv": [ 12.0, 9.0, 14.0, 12.0 ] }
							}
						},
						{
							"name": "Cube13",
							"from": [ 1.5, 0.5, 2.5 ], 
							"to": [ 5.0, 2.5, 5.5 ], 
							"rotationOrigin": [ 4.0, 0.5, 3.5 ],
							"faces": {
								"north": { "texture": "#fertlow", "uv": [ 12.0, 11.0, 15.5, 13.0 ] },
								"east": { "texture": "#fertlow", "uv": [ 6.5, 11.5, 9.5, 13.5 ] },
								"south": { "texture": "#fertlow", "uv": [ 9.5, 6.0, 13.0, 8.0 ] },
								"west": { "texture": "#fertlow", "uv": [ 7.5, 6.5, 10.5, 8.5 ] },
								"up": { "texture": "#fertlow", "uv": [ 11.5, 7.5, 15.0, 10.5 ] },
								"down": { "texture": "#fertlow", "uv": [ 11.0, 8.0, 14.5, 11.0 ], "enabled": false }
							}
						},
						{
							"name": "Cube14",
							"from": [ 5.0, 0.0, -1.0 ], 
							"to": [ 7.0, 1.0, 1.0 ], 
							"rotationOrigin": [ 6.0, 0.0, 0.0 ],
							"faces": {
								"north": { "texture": "#fertlow", "uv": [ 0.5, 5.5, 2.5, 6.5 ] },
								"east": { "texture": "#fertlow", "uv": [ 2.5, 0.0, 4.5, 1.0 ] },
								"south": { "texture": "#fertlow", "uv": [ 6.0, 4.0, 8.0, 5.0 ] },
								"west": { "texture": "#fertlow", "uv": [ 4.0, 13.5, 6.0, 14.5 ] },
								"up": { "texture": "#fertlow", "uv": [ 7.0, 7.5, 9.0, 9.5 ] },
								"down": { "texture": "#fertlow", "uv": [ 5.5, 4.5, 7.5, 6.5 ] }
							}
						},
						{
							"name": "Cube15",
							"from": [ 6.0, 0.0, 2.5 ], 
							"to": [ 8.0, 0.5, 6.5 ], 
							"rotationOrigin": [ 6.5, 0.0, 3.0 ],
							"faces": {
								"north": { "texture": "#fertlow", "uv": [ 1.5, 10.0, 3.5, 10.5 ] },
								"east": { "texture": "#fertlow", "uv": [ 0.0, 4.0, 4.0, 4.5 ] },
								"south": { "texture": "#fertlow", "uv": [ 3.0, 4.0, 5.0, 4.5 ] },
								"west": { "texture": "#fertlow", "uv": [ 4.0, 6.5, 8.0, 7.0 ], "enabled": false },
								"up": { "texture": "#fertlow", "uv": [ 4.5, 9.0, 6.5, 13.0 ] },
								"down": { "texture": "#fertlow", "uv": [ 13.0, 2.0, 15.0, 6.0 ] }
							}
						},
						{
							"name": "Cube16",
							"from": [ 0.0, 0.0, 7.0 ], 
							"to": [ 1.0, 0.5, 8.0 ], 
							"rotationOrigin": [ 0.5, 0.0, 7.5 ],
							"faces": {
								"north": { "texture": "#fertlow", "uv": [ 14.5, 8.5, 15.5, 9.0 ] },
								"east": { "texture": "#fertlow", "uv": [ 5.0, 2.0, 6.0, 2.5 ] },
								"south": { "texture": "#fertlow", "uv": [ 9.0, 11.5, 10.0, 12.0 ] },
								"west": { "texture": "#fertlow", "uv": [ 14.0, 8.5, 15.0, 9.0 ] },
								"up": { "texture": "#fertlow", "uv": [ 12.0, 13.0, 13.0, 14.0 ] },
								"down": { "texture": "#fertlow", "uv": [ 1.5, 13.0, 2.5, 14.0 ] }
							}
						},
						{
							"name": "Cube17",
							"from": [ 1.0, 2.0, 1.5 ], 
							"to": [ 3.0, 3.0, 3.5 ], 
							"rotationOrigin": [ 2.0, 2.0, 2.5 ],
							"faces": {
								"north": { "texture": "#fertlow", "uv": [ 8.0, 6.5, 10.0, 7.5 ] },
								"east": { "texture": "#fertlow", "uv": [ 9.5, 3.5, 11.5, 4.5 ] },
								"south": { "texture": "#fertlow", "uv": [ 0.5, 12.0, 2.5, 13.0 ] },
								"west": { "texture": "#fertlow", "uv": [ 7.5, 14.5, 9.5, 15.5 ] },
								"up": { "texture": "#fertlow", "uv": [ 12.5, 8.5, 14.5, 10.5 ] },
								"down": { "texture": "#fertlow", "uv": [ 1.5, 1.0, 3.5, 3.0 ], "enabled": false }
							}
						},
						{
							"name": "Cube18",
							"from": [ -1.0, 0.0, -3.0 ], 
							"to": [ 1.0, 0.5, -1.0 ], 
							"rotationOrigin": [ 0.0, 0.0, -2.0 ],
							"faces": {
								"north": { "texture": "#fertlow", "uv": [ 13.0, 3.5, 15.0, 4.0 ] },
								"east": { "texture": "#fertlow", "uv": [ 4.5, 6.5, 6.5, 7.0 ] },
								"south": { "texture": "#fertlow", "uv": [ 5.5, 13.0, 7.5, 13.5 ] },
								"west": { "texture": "#fertlow", "uv": [ 8.5, 1.5, 10.5, 2.0 ] },
								"up": { "texture": "#fertlow", "uv": [ 7.5, 8.5, 9.5, 10.5 ] },
								"down": { "texture": "#fertlow", "uv": [ 4.0, 9.0, 6.0, 11.0 ] }
							}
						}
					]
				},
				{
					"name": "Leaves",
					"from": [ -4.0, 3.0, -5.0 ], 
					"to": [ 4.0, 11.0, 3.0 ], 
					"climateColorMap": "climatePlantTint",
					"seasonColorMap": "seasonalFoliage",
					"renderInEditor": false,
					"rotationOrigin": [ -4.0, 3.0, -5.0 ],
					"faces": {
						"north": { "texture": "#blueberry1", "uv": [ 1.0, 1.0, 15.0, 15.0 ], "autoUv": false, "windMode": [-1,1,1,-1] },
						"east": { "texture": "#blueberry1", "uv": [ 1.0, 1.0, 15.0, 15.0 ], "autoUv": false, "windMode": [-1,1,1,-1] },
						"south": { "texture": "#blueberry1", "uv": [ 1.0, 1.0, 15.0, 15.0 ], "autoUv": false, "windMode": [-1,-1,1,1] },
						"west": { "texture": "#blueberry1", "uv": [ 1.0, 1.0, 15.5, 15.0 ], "autoUv": false, "windMode": [-1,-1,1,1] },
						"up": { "texture": "#blueberry1", "uv": [ 1.0, 1.0, 15.0, 15.0 ], "autoUv": false, "windMode": [1,1,1,1] },
						"down": { "texture": "#blueberry1", "uv": [ 1.0, 1.0, 15.0, 15.0 ], "enabled": false, "autoUv": false }
					}
				},
				{
					"name": "Leaves20",
					"from": [ -6.0, 3.0, -1.0 ], 
					"to": [ 6.0, 13.0, -1.0 ], 
					"climateColorMap": "climatePlantTint",
					"seasonColorMap": "seasonalFoliage",
					"rotationOrigin": [ -1.0, 3.0, -1.0 ],
					"faces": {
						"north": { "texture": "#sticks3", "uv": [ 0.0, 0.0, 16.0, 16.0 ], "autoUv": false, "windMode": [1,1,1,1] },
						"east": { "texture": "#leaves", "uv": [ 0.0, 0.0, 0.5, 10.0 ], "enabled": false },
						"south": { "texture": "#leaves", "uv": [ 0.0, 0.0, 12.0, 10.0 ], "enabled": false },
						"west": { "texture": "#leaves", "uv": [ 0.0, 0.0, 0.5, 10.0 ], "enabled": false },
						"up": { "texture": "#leaves", "uv": [ 0.0, 0.0, 12.0, 0.5 ], "enabled": false },
						"down": { "texture": "#leaves", "uv": [ 0.0, 0.0, 12.0, 0.5 ], "enabled": false, "windMode": [1,1,1,1] }
					}
				},
				{
					"name": "Leaves21",
					"from": [ -5.0, 3.0, -2.0 ], 
					"to": [ 7.0, 13.0, -2.0 ], 
					"climateColorMap": "climatePlantTint",
					"seasonColorMap": "seasonalFoliage",
					"rotationOrigin": [ 0.0, 3.0, -2.0 ],
					"rotationY": -90.0,
					"faces": {
						"north": { "texture": "#sticks3", "uv": [ 0.0, 0.0, 16.0, 16.0 ], "autoUv": false, "windMode": [1,1,1,1] },
						"east": { "texture": "#blueberry1", "uv": [ 0.0, 0.0, 0.5, 10.0 ], "enabled": false },
						"south": { "texture": "#blueberry1", "uv": [ 0.0, 0.0, 12.0, 10.0 ], "enabled": false },
						"west": { "texture": "#blueberry1", "uv": [ 0.0, 0.0, 0.5, 10.0 ], "enabled": false },
						"up": { "texture": "#blueberry1", "uv": [ 0.0, 0.0, 12.0, 0.5 ], "enabled": false },
						"down": { "texture": "#blueberry1", "uv": [ 0.0, 0.0, 12.0, 0.5 ], "enabled": false }
					}
				}
			]
		}
	]}