{
	"editor": {
		"allAngles": false,
		"entityTextureMode": false
	},
	"textureWidth": 16,
	"textureHeight": 16,
	"textureSizes": {
	},
	"textures": {
		"oak": "game:block/wood/debarked/oak"
	},
	"elements": [
		{
			"name": "base",
			"from": [ 9.0, 0.0, 8.0 ], 
			"to": [ 9.0, 0.0, 8.0 ], 
			"rotationOrigin": [ 8.0, 0.0, 8.0 ],
			"faces": {
				"north": { "texture": "#null", "uv": [ 0.0, 0.0, 1.0, 1.0 ], "enabled": false, "autoUv": false },
				"east": { "texture": "#null", "uv": [ 0.0, 0.0, 1.0, 1.0 ], "enabled": false, "autoUv": false },
				"south": { "texture": "#null", "uv": [ 0.0, 0.0, 1.0, 1.0 ], "enabled": false, "autoUv": false },
				"west": { "texture": "#null", "uv": [ 0.0, 0.0, 0.5, 0.5 ], "enabled": false },
				"up": { "texture": "#null", "uv": [ 0.0, 0.0, 1.0, 1.0 ], "enabled": false, "autoUv": false },
				"down": { "texture": "#null", "uv": [ 0.0, 0.0, 1.0, 1.0 ], "enabled": false, "autoUv": false }
			},
			"children": [
				{
					"name": "long",
					"from": [ -8.8, 0.0, 0.0 ], 
					"to": [ 7.2, 1.5, 1.0 ], 
					"rotationOrigin": [ 0.0, 0.0, 0.0 ],
					"rotationY": -45.0,
					"faces": {
						"north": { "texture": "#oak", "uv": [ 0.0, 3.5, 16.0, 4.5 ], "autoUv": false },
						"east": { "texture": "#oak", "uv": [ 1.5, 3.0, 2.5, 4.5 ] },
						"south": { "texture": "#oak", "uv": [ 0.0, 13.0, 16.0, 14.5 ] },
						"west": { "texture": "#oak", "uv": [ 1.0, 3.5, 2.0, 5.0 ] },
						"up": { "texture": "#oak", "uv": [ 0.0, 12.5, 16.0, 13.5 ] },
						"down": { "texture": "#oak", "uv": [ 0.0, 2.5, 16.0, 3.5 ], "autoUv": false }
					},
					"children": [
						{
							"name": "Cube1",
							"from": [ 0.5, 0.0, 1.0 ], 
							"to": [ 14.5, 1.5, 1.5 ], 
							"rotationOrigin": [ 0.5, 0.0, 1.0 ],
							"faces": {
								"north": { "texture": "#oak", "uv": [ 0.0, 0.0, 14.0, 1.5 ], "enabled": false },
								"east": { "texture": "#oak", "uv": [ 0.0, 0.0, 0.5, 1.5 ] },
								"south": { "texture": "#oak", "uv": [ 0.0, 0.0, 14.0, 1.5 ] },
								"west": { "texture": "#oak", "uv": [ 0.0, 0.0, 0.5, 1.5 ] },
								"up": { "texture": "#oak", "uv": [ 0.0, 0.0, 14.0, 0.5 ] },
								"down": { "texture": "#oak", "uv": [ 0.0, 0.0, 14.0, 0.5 ] }
							}
						},
						{
							"name": "Cube6",
							"from": [ 5.9, -0.1, 0.0 ], 
							"to": [ 8.9, 0.9, 0.5 ], 
							"rotationOrigin": [ 5.9, -0.1, -0.5 ],
							"rotationY": 22.5,
							"faces": {
								"north": { "texture": "#oak", "uv": [ 0.0, 0.0, 3.0, 1.0 ] },
								"east": { "texture": "#oak", "uv": [ 0.0, 0.0, 0.5, 1.0 ] },
								"south": { "texture": "#oak", "uv": [ 0.0, 0.0, 3.0, 1.0 ], "enabled": false },
								"west": { "texture": "#oak", "uv": [ 0.0, 0.0, 0.5, 1.0 ], "enabled": false },
								"up": { "texture": "#oak", "uv": [ 8.5, 11.0, 11.5, 11.5 ] },
								"down": { "texture": "#oak", "uv": [ 0.0, 0.0, 3.0, 0.5 ] }
							}
						},
						{
							"name": "Cube10",
							"from": [ 6.0, -0.1, 0.5 ], 
							"to": [ 10.0, 0.9, 1.0 ], 
							"rotationOrigin": [ 6.0, -0.1, 0.0 ],
							"rotationY": 22.5,
							"faces": {
								"north": { "texture": "#oak", "uv": [ 0.0, 0.0, 4.0, 1.0 ] },
								"east": { "texture": "#oak", "uv": [ 0.0, 0.0, 0.5, 1.0 ] },
								"south": { "texture": "#oak", "uv": [ 0.0, 0.0, 4.0, 1.0 ] },
								"west": { "texture": "#oak", "uv": [ 0.0, 0.0, 0.5, 1.0 ], "enabled": false },
								"up": { "texture": "#oak", "uv": [ 1.0, 11.0, 5.0, 11.5 ] },
								"down": { "texture": "#oak", "uv": [ 0.0, 0.0, 4.0, 0.5 ] }
							}
						}
					]
				},
				{
					"name": "leaf",
					"from": [ -0.8, 0.5, 3.0 ], 
					"to": [ 9.2, 0.5, 12.0 ], 
					"climateColorMap": "",
					"seasonColorMap": "",
					"rotationOrigin": [ 8.0, 0.5, 3.0 ],
					"rotationY": -45.0,
					"faces": {
						"north": { "texture": "#leaves", "uv": [ 0.0, 3.5, 16.0, 4.5 ], "enabled": false, "autoUv": false },
						"east": { "texture": "#leaves", "uv": [ 1.5, 3.0, 10.5, 3.5 ], "enabled": false },
						"south": { "texture": "#leaves", "uv": [ 0.0, 13.0, 10.0, 13.5 ], "enabled": false },
						"west": { "texture": "#leaves", "uv": [ 1.0, 3.5, 10.0, 4.0 ], "enabled": false },
						"up": { "texture": "#leaves", "uv": [ 0.0, 0.5, 16.0, 15.0 ], "rotation": 90, "autoUv": false },
						"down": { "texture": "#leaves", "uv": [ 0.0, 1.0, 16.0, 15.0 ], "enabled": false, "autoUv": false }
					}
				}
			]
		}
	]}